send_begin_ms,send_end_ms,FL_J1_deg,FL_J2_deg,FL_J3_deg,FR_J1_deg,FR_J2_deg,FR_J3_deg,RL_J1_deg,RL_J2_deg,RL_J3_deg,RR_J1_deg,RR_J2_deg,RR_J3_deg
0,0,0.0,45.966796875,90.0,0.0,45.966796875,90.0,0.0,45.966796875,90.0,0.0,45.966796875,90.0
21,22,0.0,45.966796875,90.0,0.0,45.966796875,90.0,0.0,45.966796875,90.0,0.0,45.966796875,90.0
42,42,0.0,45.966796875,90.0,0.0,46.142578125,90.17578125,0.0,46.142578125,90.17578125,0.0,45.966796875,90.0
62,62,0.0,45.966796875,90.0,0.0,46.40625,90.615234375,0.0,46.40625,90.615234375,0.0,45.966796875,90.0
80,81,0.0,45.966796875,90.0,0.0,46.7578125,91.318359375,0.0,46.7578125,91.318359375,0.0,45.966796875,90.0
100,101,0.0,45.966796875,90.0,0.087890625,47.28515625,92.197265625,0.0,47.28515625,92.197265625,0.0,45.966796875,90.0
121,122,0.0,45.966796875,90.0,0.17578125,48.076171875,93.427734375,0.0,47.98828125,93.33984375,0.0,45.966796875,90.0
141,142,0.0,45.966796875,90.0,0.263671875,48.8671875,94.658203125,0.0,48.779296875,94.482421875,0.0,45.966796875,90.0
161,162,0.0,45.966796875,90.0,0.439453125,49.658203125,95.9765625,0.0,49.5703125,95.80078125,0.0,45.966796875,90.0
181,182,0.0,45.87890625,90.0,0.52734375,50.625,97.20703125,0.0,50.361328125,96.943359375,0.0,45.87890625,90.0
201,202,0.0,45.87890625,90.0,0.703125,51.328125,98.26171875,0.0,51.064453125,97.91015625,0.0,45.87890625,90.0
220,221,0.0,45.87890625,90.0,0.87890625,51.943359375,99.140625,0.0,51.6796875,98.61328125,0.0,45.87890625,90.0
240,241,0.0,45.87890625,90.0,1.23046875,52.3828125,99.66796875,0.0,52.119140625,99.140625,0.0,45.87890625,90.0
260,261,0.0,45.87890625,90.0,1.494140625,52.822265625,100.01953125,0.0,52.294921875,99.31640625,0.0,45.966796875,90.0
280,281,0.0,45.966796875,90.0,1.7578125,52.998046875,100.1953125,0.0,52.470703125,99.31640625,0.0,45.966796875,90.0
300,301,0.0,45.966796875,90.0,2.197265625,53.26171875,100.283203125,0.0,52.734375,99.31640625,0.0,45.966796875,90.0
320,321,0.0,46.142578125,90.0,2.63671875,53.525390625,100.458984375,0.0,52.822265625,99.31640625,0.0,46.142578125,90.0
340,341,0.0,46.23046875,90.0,2.98828125,53.701171875,100.72265625,0.0,52.91015625,99.31640625,0.0,46.23046875,90.0
360,361,0.0,46.318359375,90.0,3.427734375,53.876953125,100.8984375,0.0,52.998046875,99.31640625,0.0,46.318359375,90.0
380,381,0.0,46.494140625,90.0,3.8671875,54.140625,100.986328125,0.0,53.0859375,99.31640625,0.0,46.494140625,90.0
400,401,0.0,46.58203125,90.0,4.39453125,54.228515625,101.162109375,0.0,53.0859375,99.31640625,0.0,46.669921875,90.0
420,421,0.0,46.93359375,90.0,4.921875,54.31640625,101.42578125,0.0,53.0859375,99.31640625,0.0,46.93359375,90.0
440,441,0.0,47.109375,90.0,5.537109375,54.404296875,101.6015625,0.0,53.0859375,99.31640625,0.0,47.197265625,90.0
460,461,0.0,47.373046875,90.0,6.064453125,54.4921875,101.77734375,0.0,52.998046875,99.31640625,0.0,47.4609375,90.0
480,481,0.0,47.724609375,89.912109375,6.6796875,54.4921875,102.041015625,0.0,52.998046875,99.31640625,0.0,47.8125,89.912109375
500,501,0.0,48.076171875,89.912109375,7.294921875,54.4921875,102.216796875,0.0,52.822265625,99.31640625,0.0,48.076171875,89.912109375
520,521,0.0,48.515625,89.912109375,7.91015625,54.4921875,102.392578125,0.0,52.734375,99.31640625,0.0,48.515625,89.912109375
540,541,0.0,48.8671875,89.82421875,8.525390625,54.404296875,102.48046875,0.0,52.470703125,99.31640625,0.0,48.8671875,89.82421875
560,561,0.0,49.306640625,89.82421875,9.228515625,54.31640625,102.65625,0.0,52.294921875,99.31640625,0.0,49.306640625,89.82421875
580,581,0.0,49.658203125,89.736328125,9.84375,54.228515625,102.83203125,0.0,52.119140625,99.31640625,0.0,49.658203125,89.736328125
600,601,0.0,50.185546875,89.560546875,10.37109375,54.140625,102.919921875,0.0,51.943359375,99.31640625,0.0,50.09765625,89.560546875
620,621,0.0,50.712890625,89.47265625,10.986328125,53.96484375,103.0078125,0.0,51.6796875,99.31640625,0.0,50.537109375,89.47265625
640,641,0.0,51.064453125,89.384765625,11.689453125,53.7890625,103.095703125,0.0,51.416015625,99.31640625,0.0,50.9765625,89.384765625
661,662,0.0,51.591796875,89.208984375,12.3046875,53.701171875,103.18359375,0.0,51.240234375,99.31640625,0.0,51.416015625,89.296875
680,681,0.0,52.03125,89.12109375,12.83203125,53.525390625,103.271484375,0.0,50.888671875,99.404296875,0.0,51.767578125,89.208984375
700,701,0.0,52.3828125,89.033203125,13.359375,53.26171875,103.271484375,0.0,50.712890625,99.404296875,0.0,52.20703125,89.12109375
720,721,0.0,52.822265625,88.76953125,13.88671875,53.173828125,103.359375,0.0,50.537109375,99.31640625,0.0,52.470703125,88.857421875
740,741,0.0,53.173828125,88.681640625,14.4140625,52.998046875,103.359375,0.0,50.185546875,99.31640625,0.0,52.91015625,88.76953125
760,761,0.0,53.61328125,88.505859375,14.94140625,52.91015625,103.359375,0.0,50.009765625,99.31640625,0.0,53.173828125,88.681640625
780,781,0.0,53.876953125,88.41796875,15.380859375,52.734375,103.359375,0.0,49.833984375,99.31640625,0.0,53.525390625,88.505859375
800,801,0.0,54.140625,88.2421875,15.8203125,52.55859375,103.359375,0.0,49.658203125,99.31640625,0.0,53.701171875,88.41796875
820,821,0.0,54.404296875,88.06640625,16.171875,52.470703125,103.359375,0.0,49.482421875,99.31640625,0.0,53.876953125,88.330078125
840,841,0.0,54.580078125,87.978515625,16.5234375,52.3828125,103.359375,0.0,49.39453125,99.31640625,0.0,54.140625,88.2421875
860,861,0.0,54.84375,87.890625,16.787109375,52.20703125,103.095703125,0.0,49.130859375,98.96484375,0.0,54.31640625,88.06640625
880,881,0.0,55.01953125,87.802734375,17.138671875,51.767578125,102.568359375,0.0,48.779296875,98.525390625,0.0,54.404296875,88.06640625
900,901,0.0,55.107421875,87.71484375,17.314453125,51.328125,101.77734375,0.0,48.1640625,97.734375,0.0,54.4921875,87.978515625
922,922,0.0,55.1953125,87.626953125,17.490234375,50.712890625,100.72265625,0.0,47.63671875,96.591796875,0.0,54.580078125,87.978515625
942,942,0.0,55.283203125,87.626953125,17.578125,50.009765625,99.404296875,0.0,46.93359375,95.361328125,0.0,54.66796875,87.890625
962,962,0.0,55.283203125,87.5390625,17.841796875,49.306640625,98.0859375,0.0,46.142578125,94.04296875,0.0,54.66796875,87.890625
982,982,0.0,55.37109375,87.5390625,17.9296875,48.603515625,96.767578125,0.0,45.439453125,92.8125,0.0,54.66796875,87.890625
1002,1002,0.0,55.37109375,87.5390625,17.9296875,47.98828125,95.625,0.0,44.736328125,91.58203125,0.0,54.66796875,87.890625
1020,1021,0.0,55.458984375,87.5390625,18.017578125,47.4609375,94.833984375,0.0,44.208984375,90.791015625,0.0,54.66796875,87.890625
1040,1041,0.0,55.458984375,87.36328125,18.017578125,47.197265625,94.21875,0.0,43.857421875,90.17578125,0.0,54.66796875,87.890625
1060,1061,0.0,55.458984375,87.36328125,18.017578125,47.109375,94.04296875,0.0,43.681640625,90.0,0.0,54.66796875,87.890625
1080,1081,0.0,55.458984375,87.36328125,18.017578125,47.109375,93.8671875,0.0,43.681640625,89.912109375,0.0,54.66796875,87.890625
1100,1101,0.0,55.634765625,87.5390625,18.017578125,47.109375,93.8671875,0.0,43.681640625,89.912109375,0.0,54.66796875,87.978515625
1120,1121,0.0,55.72265625,87.71484375,18.017578125,47.109375,93.8671875,0.0,43.681640625,89.912109375,0.0,54.931640625,88.2421875
1140,1141,0.0,55.986328125,88.330078125,18.017578125,47.109375,93.8671875,0.0,43.76953125,89.912109375,0.0,55.1953125,88.76953125
1160,1161,0.0,56.513671875,89.296875,18.017578125,47.197265625,93.8671875,0.0,43.76953125,90.0,0.0,55.72265625,89.82421875
1182,1182,0.087890625,57.216796875,90.52734375,17.9296875,47.197265625,93.8671875,-0.087890625,43.857421875,90.0,-0.087890625,56.337890625,90.966796875
1202,1202,0.087890625,57.919921875,91.93359375,17.9296875,47.28515625,94.04296875,-0.087890625,44.033203125,90.0,-0.087890625,57.041015625,92.373046875
1222,1222,0.17578125,58.623046875,93.427734375,17.841796875,47.373046875,94.04296875,-0.17578125,44.12109375,90.087890625,-0.17578125,57.65625,93.779296875
1242,1242,0.263671875,59.23828125,94.833984375,17.666015625,47.63671875,94.04296875,-0.263671875,44.296875,90.087890625,-0.263671875,58.271484375,95.185546875
1261,1262,0.439453125,59.58984375,95.9765625,17.578125,47.724609375,94.04296875,-0.439453125,44.47265625,90.17578125,-0.439453125,58.798828125,96.416015625
1281,1282,0.52734375,59.94140625,97.03125,17.490234375,47.900390625,94.04296875,-0.52734375,44.82421875,90.263671875,-0.52734375,58.974609375,97.3828125
1301,1302,0.615234375,59.94140625,97.734375,17.40234375,48.1640625,94.04296875,-0.615234375,45.087890625,90.263671875,-0.615234375,58.974609375,97.998046875
1320,1321,0.791015625,59.677734375,98.0859375,17.2265625,48.427734375,94.130859375,-0.791015625,45.439453125,90.439453125,-0.791015625,58.88671875,98.4375
1340,1341,0.966796875,59.4140625,98.4375,16.962890625,48.69140625,94.130859375,-0.966796875,45.791015625,90.52734375,-0.966796875,58.623046875,98.701171875
1360,1361,1.142578125,58.974609375,98.61328125,16.787109375,49.04296875,94.130859375,-1.142578125,46.23046875,90.703125,-1.142578125,58.271484375,98.876953125
1382,1382,1.40625,58.623046875,98.876953125,16.611328125,49.306640625,94.130859375,-1.40625,46.58203125,90.791015625,-1.40625,57.919921875,99.140625
1402,1402,1.58203125,58.271484375,99.140625,16.435546875,49.658203125,94.130859375,-1.58203125,47.109375,90.87890625,-1.58203125,57.568359375,99.31640625
1422,1422,1.7578125,57.919921875,99.404296875,16.083984375,50.009765625,94.130859375,-1.7578125,47.4609375,90.966796875,-1.7578125,57.216796875,99.580078125
1442,1442,2.109375,57.392578125,99.580078125,15.908203125,50.361328125,94.130859375,-2.109375,47.98828125,91.142578125,-2.109375,56.865234375,99.84375
1462,1462,2.373046875,57.041015625,99.931640625,15.556640625,50.80078125,94.130859375,-2.373046875,48.603515625,91.23046875,-2.373046875,56.513671875,100.01953125
1482,1482,2.724609375,56.6015625,100.107421875,15.29296875,51.240234375,94.04296875,-2.724609375,49.130859375,91.318359375,-2.724609375,56.07421875,100.1953125
1502,1502,2.98828125,56.162109375,100.37109375,15.029296875,51.591796875,94.04296875,-2.98828125,49.5703125,91.40625,-2.98828125,55.810546875,100.37109375
1520,1521,3.33984375,55.72265625,100.634765625,14.677734375,52.03125,93.8671875,-3.33984375,50.185546875,91.40625,-3.33984375,55.37109375,100.634765625
1542,1542,3.603515625,55.283203125,100.810546875,14.4140625,52.3828125,93.779296875,-3.603515625,50.712890625,91.494140625,-3.603515625,55.107421875,100.810546875
1560,1561,3.8671875,54.931640625,100.986328125,14.0625,52.734375,93.779296875,-3.8671875,51.240234375,91.494140625,-3.8671875,54.84375,100.986328125
1580,1581,4.306640625,54.4921875,101.07421875,13.7109375,53.0859375,93.69140625,-4.306640625,51.767578125,91.58203125,-4.306640625,54.4921875,101.07421875
1600,1601,4.5703125,54.228515625,101.337890625,13.359375,53.525390625,93.603515625,-4.5703125,52.294921875,91.58203125,-4.5703125,54.228515625,101.337890625
1620,1621,4.921875,53.7890625,101.513671875,13.095703125,53.7890625,93.515625,-4.921875,52.822265625,91.58203125,-4.921875,53.876953125,101.42578125
1640,1641,5.185546875,53.4375,101.6015625,12.65625,54.140625,93.427734375,-5.185546875,53.173828125,91.58203125,-5.185546875,53.61328125,101.6015625
1660,1661,5.625,53.0859375,101.689453125,12.392578125,54.404296875,93.1640625,-5.625,53.701171875,91.58203125,-5.625,53.4375,101.689453125
1680,1681,5.888671875,52.822265625,101.77734375,12.12890625,54.66796875,93.076171875,-5.888671875,54.140625,91.58203125,-5.888671875,53.173828125,101.77734375
1700,1701,6.240234375,52.470703125,101.865234375,11.77734375,55.01953125,92.98828125,-6.240234375,54.580078125,91.58203125,-6.240234375,52.998046875,101.865234375
1720,1721,6.50390625,52.294921875,102.041015625,11.513671875,55.1953125,92.8125,-6.50390625,54.931640625,91.494140625,-6.50390625,52.822265625,102.041015625
1740,1741,6.767578125,52.03125,102.12890625,11.162109375,55.458984375,92.724609375,-6.767578125,55.283203125,91.494140625,-6.767578125,52.734375,102.12890625
1760,1761,7.03125,51.767578125,102.216796875,10.986328125,55.72265625,92.63671875,-7.03125,55.634765625,91.494140625,-7.03125,52.470703125,102.216796875
1780,1781,7.294921875,51.591796875,102.216796875,10.72265625,55.8984375,92.373046875,-7.294921875,55.8984375,91.40625,-7.294921875,52.3828125,102.3046875
1800,1801,7.470703125,51.416015625,102.3046875,10.458984375,55.986328125,92.28515625,-7.470703125,56.162109375,91.40625,-7.470703125,52.294921875,102.3046875
1820,1821,7.734375,51.328125,102.3046875,10.1953125,56.162109375,92.197265625,-7.734375,56.513671875,91.318359375,-7.734375,52.20703125,102.392578125
1840,1841,7.998046875,51.064453125,102.392578125,10.01953125,56.337890625,92.109375,-7.998046875,56.689453125,91.318359375,-7.998046875,52.119140625,102.392578125
1860,1861,8.0859375,50.9765625,102.392578125,9.84375,56.513671875,92.021484375,-8.0859375,56.865234375,91.23046875,-8.0859375,52.03125,102.48046875
1880,1881,8.26171875,50.80078125,102.392578125,9.66796875,56.6015625,91.93359375,-8.26171875,57.12890625,91.23046875,-8.26171875,51.943359375,102.392578125
1900,1901,8.525390625,50.625,102.12890625,9.4921875,56.689453125,91.7578125,-8.525390625,57.3046875,91.23046875,-8.525390625,51.6796875,102.12890625
1920,1921,8.61328125,50.185546875,101.42578125,9.404296875,56.689453125,91.669921875,-8.61328125,57.392578125,91.142578125,-8.61328125,51.328125,101.513671875
1940,1941,8.701171875,49.5703125,100.458984375,9.31640625,56.77734375,91.669921875,-8.701171875,57.48046875,91.142578125,-8.701171875,50.80078125,100.634765625
1962,1962,8.7890625,49.04296875,99.404296875,9.228515625,56.865234375,91.58203125,-8.7890625,57.568359375,91.142578125,-8.7890625,50.09765625,99.4921875
1982,1982,8.7890625,48.1640625,98.0859375,9.140625,56.865234375,91.58203125,-8.7890625,57.65625,91.142578125,-8.7890625,49.39453125,98.173828125
2002,2002,8.876953125,47.4609375,96.767578125,9.140625,56.865234375,91.494140625,-8.876953125,57.65625,91.142578125,-8.876953125,48.69140625,96.943359375
2022,2022,8.876953125,46.93359375,95.625,8.96484375,57.041015625,91.494140625,-8.876953125,57.65625,91.142578125,-8.876953125,47.98828125,95.712890625
2040,2041,8.96484375,46.40625,94.5703125,8.96484375,57.041015625,91.494140625,-8.96484375,57.83203125,91.142578125,-8.96484375,47.373046875,94.658203125
2060,2061,8.96484375,45.966796875,94.04296875,8.96484375,57.041015625,91.494140625,-8.96484375,57.83203125,91.142578125,-8.96484375,47.109375,94.04296875
2080,2081,8.96484375,45.791015625,93.603515625,8.96484375,57.041015625,91.494140625,-8.96484375,57.83203125,91.142578125,-8.96484375,46.7578125,93.69140625
2100,2101,8.96484375,45.703125,93.515625,8.96484375,57.041015625,91.494140625,-8.96484375,57.83203125,91.142578125,-8.96484375,46.7578125,93.515625
2120,2121,8.96484375,45.791015625,93.515625,8.96484375,57.041015625,91.494140625,-8.96484375,57.83203125,91.142578125,-8.96484375,46.7578125,93.515625
2140,2141,8.96484375,45.791015625,93.515625,8.96484375,57.12890625,91.58203125,-8.96484375,57.83203125,91.23046875,-8.96484375,46.7578125,93.515625
2160,2161,8.96484375,45.791015625,93.515625,8.96484375,57.3046875,92.021484375,-8.96484375,58.0078125,91.58203125,-8.96484375,46.7578125,93.515625
2180,2181,8.96484375,45.791015625,93.515625,8.96484375,57.65625,92.724609375,-8.96484375,58.359375,92.28515625,-8.96484375,46.7578125,93.515625
2200,2201,8.96484375,45.87890625,93.515625,8.96484375,58.18359375,93.69140625,-8.96484375,58.974609375,93.33984375,-8.96484375,46.93359375,93.515625
2222,2222,8.96484375,45.87890625,93.515625,8.96484375,58.88671875,95.009765625,-8.96484375,59.58984375,94.5703125,-8.96484375,46.93359375,93.515625
2242,2242,8.96484375,45.966796875,93.515625,8.96484375,59.58984375,96.328125,-8.96484375,60.29296875,95.888671875,-8.96484375,47.021484375,93.515625
2262,2262,8.96484375,46.23046875,93.515625,8.96484375,60.205078125,97.734375,-8.96484375,60.908203125,97.294921875,-8.96484375,47.109375,93.515625
2280,2281,8.96484375,46.40625,93.515625,8.96484375,60.732421875,98.876953125,-8.96484375,61.435546875,98.61328125,-8.96484375,47.197265625,93.603515625
2302,2302,8.96484375,46.58203125,93.515625,8.96484375,60.99609375,99.931640625,-8.96484375,61.69921875,99.580078125,-8.96484375,47.373046875,93.603515625
2322,2322,8.96484375,46.7578125,93.515625,8.96484375,61.083984375,100.72265625,-8.96484375,61.787109375,100.37109375,-8.96484375,47.63671875,93.603515625
2340,2341,8.96484375,47.109375,93.515625,8.96484375,60.99609375,101.162109375,-8.96484375,61.69921875,100.8984375,-8.96484375,47.8125,93.603515625
2360,2361,8.96484375,47.28515625,93.603515625,8.96484375,60.732421875,101.42578125,-8.96484375,61.435546875,101.07421875,-8.96484375,48.076171875,93.603515625
2380,2381,8.96484375,47.724609375,93.603515625,8.96484375,60.380859375,101.513671875,-8.96484375,60.99609375,101.337890625,-8.96484375,48.427734375,93.603515625
2400,2401,8.96484375,47.98828125,93.603515625,8.96484375,60.029296875,101.689453125,-8.96484375,60.556640625,101.513671875,-8.96484375,48.69140625,93.515625
2420,2421,8.96484375,48.427734375,93.603515625,8.96484375,59.501953125,101.77734375,-8.96484375,60.1171875,101.6015625,-8.96484375,49.04296875,93.515625
2440,2441,8.96484375,48.779296875,93.515625,8.96484375,59.0625,101.865234375,-8.96484375,59.677734375,101.689453125,-8.96484375,49.39453125,93.515625
2462,2462,8.96484375,49.21875,93.515625,8.96484375,58.623046875,102.041015625,-8.96484375,59.23828125,101.865234375,-8.96484375,49.658203125,93.515625
2482,2482,8.96484375,49.5703125,93.515625,8.96484375,58.18359375,102.12890625,-8.96484375,58.7109375,102.041015625,-8.96484375,50.09765625,93.427734375
2496,2496,8.96484375,49.5703125,93.515625,8.96484375,58.18359375,102.12890625,-8.96484375,58.7109375,102.041015625,-8.96484375,50.09765625,93.427734375
2514,2515,8.96484375,49.5703125,93.515625,8.96484375,58.18359375,102.12890625,-8.96484375,58.7109375,102.041015625,-8.96484375,50.09765625,93.427734375
2534,2535,8.96484375,49.5703125,93.515625,8.96484375,58.18359375,102.12890625,-8.96484375,58.7109375,102.041015625,-8.96484375,50.09765625,93.427734375
2554,2555,8.96484375,49.5703125,93.515625,8.96484375,58.18359375,102.12890625,-8.96484375,58.7109375,102.041015625,-8.96484375,50.09765625,93.427734375
2574,2575,8.96484375,49.5703125,93.515625,8.96484375,58.18359375,102.12890625,-8.96484375,58.7109375,102.041015625,-8.96484375,50.09765625,93.427734375
2594,2595,8.96484375,49.5703125,93.515625,8.96484375,58.18359375,102.12890625,-8.96484375,58.7109375,102.041015625,-8.96484375,50.09765625,93.427734375
2614,2615,8.96484375,49.5703125,93.515625,8.96484375,58.18359375,102.12890625,-8.96484375,58.7109375,102.041015625,-8.96484375,50.09765625,93.427734375
2634,2635,8.96484375,49.5703125,93.515625,8.96484375,58.18359375,102.12890625,-8.96484375,58.7109375,102.041015625,-8.96484375,50.09765625,93.427734375
2656,2656,8.96484375,49.5703125,93.515625,8.7890625,58.095703125,102.12890625,-8.7890625,58.623046875,102.041015625,-8.96484375,50.09765625,93.427734375
2676,2676,8.96484375,49.5703125,93.515625,8.0859375,57.48046875,102.041015625,-8.0859375,58.0078125,101.865234375,-8.96484375,50.09765625,93.427734375
2697,2698,8.96484375,49.5703125,93.515625,6.50390625,56.42578125,101.689453125,-6.50390625,56.77734375,101.6015625,-8.96484375,50.09765625,93.427734375
2717,2718,8.96484375,49.5703125,93.515625,4.482421875,54.931640625,101.162109375,-4.482421875,55.1953125,101.162109375,-8.96484375,50.09765625,93.427734375
2737,2738,8.96484375,49.5703125,93.515625,2.4609375,53.26171875,100.458984375,-2.4609375,53.4375,100.458984375,-8.96484375,50.09765625,93.427734375
2757,2758,8.96484375,49.5703125,93.515625,0.87890625,52.03125,99.84375,-0.87890625,52.03125,99.84375,-8.96484375,50.09765625,93.427734375
2777,2778,8.96484375,49.5703125,93.515625,0.087890625,51.328125,99.404296875,-0.087890625,51.328125,99.404296875,-8.96484375,50.09765625,93.427734375
2796,2796,8.96484375,49.5703125,93.515625,0.0,51.240234375,99.31640625,0.0,51.240234375,99.31640625,-8.96484375,50.09765625,93.427734375
2814,2815,8.96484375,49.5703125,93.515625,0.0,51.240234375,99.31640625,0.0,51.240234375,99.31640625,-8.96484375,50.09765625,93.427734375
2834,2835,8.96484375,49.5703125,93.515625,0.0,51.240234375,99.31640625,0.0,51.240234375,99.31640625,-8.96484375,50.09765625,93.427734375
2856,2856,8.96484375,49.5703125,93.515625,0.0,51.064453125,99.31640625,0.0,51.064453125,99.31640625,-8.96484375,50.09765625,93.427734375
2876,2876,8.96484375,49.5703125,93.515625,0.0,50.888671875,98.7890625,0.0,50.888671875,98.7890625,-8.96484375,50.09765625,93.427734375
2896,2896,8.96484375,49.5703125,93.515625,0.0,50.361328125,97.91015625,0.0,50.361328125,97.91015625,-8.96484375,50.09765625,93.427734375
2917,2918,8.96484375,49.5703125,93.515625,0.0,49.5703125,96.50390625,0.0,49.5703125,96.50390625,-8.96484375,50.09765625,93.427734375
2937,2938,8.96484375,49.5703125,93.515625,0.0,48.603515625,94.833984375,0.0,48.603515625,94.833984375,-8.96484375,50.09765625,93.427734375
2957,2958,8.96484375,49.5703125,93.515625,0.0,47.724609375,93.076171875,0.0,47.724609375,93.076171875,-8.96484375,50.09765625,93.427734375
2977,2978,8.96484375,49.5703125,93.515625,0.0,46.93359375,91.58203125,0.0,46.93359375,91.58203125,-8.96484375,50.09765625,93.427734375
2996,2996,8.96484375,49.5703125,93.515625,0.0,46.318359375,90.615234375,0.0,46.318359375,90.615234375,-8.96484375,50.09765625,93.427734375
3016,3016,8.96484375,49.5703125,93.515625,0.0,46.142578125,90.087890625,0.0,46.142578125,90.087890625,-8.96484375,50.09765625,93.427734375
3036,3036,8.96484375,49.5703125,93.515625,0.0,45.966796875,90.0,0.0,45.966796875,90.0,-8.96484375,50.09765625,93.427734375
3054,3055,8.96484375,49.5703125,93.515625,0.0,45.966796875,90.0,0.0,45.966796875,90.0,-8.96484375,50.09765625,93.427734375
3074,3075,8.96484375,49.5703125,93.515625,0.0,45.966796875,90.0,0.0,45.966796875,90.0,-8.96484375,50.09765625,93.427734375
3094,3095,8.96484375,49.5703125,93.515625,0.0,45.966796875,90.0,0.0,45.966796875,90.0,-8.96484375,50.09765625,93.427734375
3114,3115,8.96484375,49.5703125,93.515625,0.0,45.966796875,90.0,0.0,45.966796875,90.0,-8.96484375,50.09765625,93.427734375
3134,3135,8.96484375,49.5703125,93.515625,0.0,45.966796875,90.0,0.0,45.966796875,90.0,-8.96484375,50.09765625,93.427734375
3154,3155,8.96484375,49.5703125,93.515625,0.0,45.966796875,90.0,0.0,45.966796875,90.0,-8.96484375,50.09765625,93.427734375
3174,3175,8.96484375,49.5703125,93.515625,0.0,45.966796875,90.0,0.0,45.966796875,90.0,-8.96484375,50.09765625,93.427734375
3194,3195,8.96484375,49.5703125,93.515625,0.0,45.966796875,90.0,0.0,45.966796875,90.0,-8.96484375,50.09765625,93.427734375
3214,3215,8.96484375,49.5703125,93.515625,0.0,45.966796875,90.0,0.0,45.966796875,90.0,-8.96484375,50.09765625,93.427734375
3234,3235,8.96484375,49.5703125,93.515625,0.0,45.966796875,90.0,0.0,45.966796875,90.0,-8.96484375,50.09765625,93.427734375
3254,3255,8.96484375,49.5703125,93.515625,0.0,45.966796875,90.0,0.0,45.966796875,90.0,-8.96484375,50.09765625,93.427734375
3274,3275,8.96484375,49.5703125,93.515625,0.0,45.966796875,90.0,0.0,45.966796875,90.0,-8.96484375,50.09765625,93.427734375
3296,3296,8.96484375,49.658203125,93.603515625,0.0,45.966796875,90.0,0.0,45.966796875,90.0,-8.96484375,50.185546875,93.603515625
3316,3316,8.96484375,50.009765625,94.21875,0.0,45.966796875,90.0,0.0,45.966796875,90.0,-8.96484375,50.537109375,94.21875
3337,3338,8.96484375,50.712890625,95.361328125,0.0,45.966796875,90.0,0.0,45.966796875,90.0,-8.96484375,51.240234375,95.361328125
3357,3358,8.96484375,51.591796875,97.03125,0.0,45.966796875,90.0,0.0,45.966796875,90.0,-8.96484375,52.119140625,97.03125
3377,3378,8.96484375,52.470703125,98.525390625,0.0,45.966796875,90.0,0.0,45.966796875,90.0,-8.96484375,52.998046875,98.525390625
3397,3398,8.96484375,53.0859375,99.66796875,0.0,45.966796875,90.0,0.0,45.966796875,90.0,-8.96484375,53.701171875,99.66796875
3416,3416,8.96484375,53.525390625,100.283203125,0.0,45.966796875,90.0,0.0,45.966796875,90.0,-8.96484375,53.96484375,100.1953125
3436,3436,8.96484375,53.525390625,100.37109375,0.0,45.966796875,90.0,0.0,45.966796875,90.0,-8.96484375,54.140625,100.37109375
3456,3456,8.7890625,53.525390625,100.37109375,0.0,45.966796875,90.0,0.0,45.966796875,90.0,-8.7890625,53.96484375,100.283203125
3476,3476,8.0859375,53.173828125,100.1953125,0.0,45.966796875,90.0,0.0,45.966796875,90.0,-8.0859375,53.701171875,100.1953125
3496,3496,6.50390625,52.734375,99.84375,0.0,45.966796875,90.0,0.0,45.966796875,90.0,-6.50390625,53.0859375,99.84375
3517,3518,4.482421875,51.943359375,99.140625,0.0,45.966796875,90.0,0.0,45.966796875,90.0,-4.482421875,52.20703125,99.140625
3537,3538,2.4609375,51.064453125,98.26171875,0.0,45.966796875,90.0,0.0,45.966796875,90.0,-2.4609375,51.240234375,98.26171875
3557,3558,0.87890625,50.361328125,97.55859375,0.0,45.966796875,90.0,0.0,45.966796875,90.0,-0.87890625,50.361328125,97.55859375
3576,3576,0.087890625,50.009765625,97.20703125,0.0,45.966796875,90.0,0.0,45.966796875,90.0,-0.087890625,50.009765625,97.20703125
3596,3596,0.0,49.921875,97.119140625,0.0,45.966796875,90.0,0.0,45.966796875,90.0,0.0,49.921875,97.119140625
3614,3615,0.0,49.921875,97.119140625,0.0,45.966796875,90.0,0.0,45.966796875,90.0,0.0,49.921875,97.119140625
3634,3635,0.0,49.921875,97.119140625,0.0,45.966796875,90.0,0.0,45.966796875,90.0,0.0,49.921875,97.119140625
3656,3656,0.0,49.921875,97.03125,0.0,45.966796875,90.0,0.0,45.966796875,90.0,0.0,49.921875,97.03125
3676,3676,0.0,49.658203125,96.6796875,0.0,45.966796875,90.0,0.0,45.966796875,90.0,0.0,49.658203125,96.6796875
3696,3696,0.0,49.306640625,95.9765625,0.0,45.966796875,90.0,0.0,45.966796875,90.0,0.0,49.306640625,95.9765625
3716,3716,0.0,48.69140625,94.921875,0.0,45.966796875,90.0,0.0,45.966796875,90.0,0.0,48.69140625,94.921875
3737,3738,0.0,47.98828125,93.603515625,0.0,45.966796875,90.0,0.0,45.966796875,90.0,0.0,47.98828125,93.603515625
3757,3758,0.0,47.28515625,92.28515625,0.0,45.966796875,90.0,0.0,45.966796875,90.0,0.0,47.28515625,92.28515625
3776,3776,0.0,46.669921875,91.23046875,0.0,45.966796875,90.0,0.0,45.966796875,90.0,0.0,46.669921875,91.23046875
3796,3796,0.0,46.23046875,90.439453125,0.0,45.966796875,90.0,0.0,45.966796875,90.0,0.0,46.23046875,90.439453125
3816,3816,0.0,45.966796875,90.087890625,0.0,45.966796875,90.0,0.0,45.966796875,90.0,0.0,45.966796875,90.087890625
3836,3836,0.0,45.966796875,90.0,0.0,45.966796875,90.0,0.0,45.966796875,90.0,0.0,45.966796875,90.0
3854,3855,0.0,45.966796875,90.0,0.0,45.966796875,90.0,0.0,45.966796875,90.0,0.0,45.966796875,90.0
3874,3875,0.0,45.966796875,90.0,0.0,45.966796875,90.0,0.0,45.966796875,90.0,0.0,45.966796875,90.0
3894,3895,0.0,45.966796875,90.0,0.0,45.966796875,90.0,0.0,45.966796875,90.0,0.0,45.966796875,90.0
3914,3915,0.0,45.966796875,90.0,0.0,45.966796875,90.0,0.0,45.966796875,90.0,0.0,45.966796875,90.0
3934,3935,0.0,45.966796875,90.0,0.0,45.966796875,90.0,0.0,45.966796875,90.0,0.0,45.966796875,90.0
3954,3955,0.0,45.966796875,90.0,0.0,45.966796875,90.0,0.0,45.966796875,90.0,0.0,45.966796875,90.0
3974,3975,0.0,45.966796875,90.0,0.0,45.966796875,90.0,0.0,45.966796875,90.0,0.0,45.966796875,90.0
3994,3995,0.0,45.966796875,90.0,0.0,45.966796875,90.0,0.0,45.966796875,90.0,0.0,45.966796875,90.0
4014,4015,0.0,45.966796875,90.0,0.0,45.966796875,90.0,0.0,45.966796875,90.0,0.0,45.966796875,90.0
4034,4035,0.0,45.966796875,90.0,0.0,45.966796875,90.0,0.0,45.966796875,90.0,0.0,45.966796875,90.0
4054,4055,0.0,45.966796875,90.0,0.0,45.966796875,90.0,0.0,45.966796875,90.0,0.0,45.966796875,90.0
4074,4075,0.0,45.966796875,90.0,0.0,45.966796875,90.0,0.0,45.966796875,90.0,0.0,45.966796875,90.0
4094,4095,0.0,45.966796875,90.0,0.0,45.966796875,90.0,0.0,45.966796875,90.0,0.0,45.966796875,90.0
4112,4112,0.0,45.966796875,90.0,0.0,45.966796875,90.0,0.0,45.966796875,90.0,0.0,45.966796875,90.0
4132,4132,0.0,45.966796875,90.0,0.0,45.966796875,90.0,0.0,45.966796875,90.0,0.0,45.966796875,90.0
4152,4152,0.0,45.966796875,90.0,0.0,45.966796875,90.0,0.0,45.966796875,90.0,0.0,45.966796875,90.0
4172,4172,0.0,45.966796875,90.0,0.0,45.966796875,90.0,0.0,45.966796875,90.0,0.0,45.966796875,90.0
4192,4192,0.0,45.966796875,90.0,0.0,45.966796875,90.0,0.0,45.966796875,90.0,0.0,45.966796875,90.0
4212,4212,0.0,45.966796875,90.0,0.0,45.966796875,90.0,0.0,45.966796875,90.0,0.0,45.966796875,90.0
4232,4232,0.0,45.966796875,90.0,0.0,45.966796875,90.0,0.0,45.966796875,90.0,0.0,45.966796875,90.0
4252,4252,0.0,45.966796875,90.0,0.0,45.966796875,90.0,0.0,45.966796875,90.0,0.0,45.966796875,90.0
4272,4272,0.0,45.966796875,90.0,0.0,45.966796875,90.0,0.0,45.966796875,90.0,0.0,45.966796875,90.0
4292,4292,0.0,45.966796875,90.0,0.0,45.966796875,90.0,0.0,45.966796875,90.0,0.0,45.966796875,90.0
4312,4312,0.0,45.966796875,90.0,0.0,45.966796875,90.0,0.0,45.966796875,90.0,0.0,45.966796875,90.0
4332,4332,0.0,45.966796875,90.0,0.0,45.966796875,90.0,0.0,45.966796875,90.0,0.0,45.966796875,90.0
4352,4352,0.0,45.966796875,90.0,0.0,45.966796875,90.0,0.0,45.966796875,90.0,0.0,45.966796875,90.0
4372,4372,0.0,45.966796875,90.0,0.0,45.966796875,90.0,0.0,45.966796875,90.0,0.0,45.966796875,90.0
4392,4392,0.0,45.966796875,90.0,0.0,45.966796875,90.0,0.0,45.966796875,90.0,0.0,45.966796875,90.0
4412,4412,0.0,45.966796875,90.0,0.0,45.966796875,90.0,0.0,45.966796875,90.0,0.0,45.966796875,90.0
4432,4432,0.0,45.966796875,90.0,0.0,45.966796875,90.0,0.0,45.966796875,90.0,0.0,45.966796875,90.0
4452,4452,0.0,45.966796875,90.0,0.0,45.966796875,90.0,0.0,45.966796875,90.0,0.0,45.966796875,90.0
4472,4472,0.0,45.966796875,90.0,0.0,45.966796875,90.0,0.0,45.966796875,90.0,0.0,45.966796875,90.0
4492,4492,0.0,45.966796875,90.0,0.0,45.966796875,90.0,0.0,45.966796875,90.0,0.0,45.966796875,90.0
4512,4512,0.0,45.966796875,90.0,0.0,45.966796875,90.0,0.0,45.966796875,90.0,0.0,45.966796875,90.0
4532,4532,0.0,45.966796875,90.0,0.0,45.966796875,90.0,0.0,45.966796875,90.0,0.0,45.966796875,90.0
4552,4552,0.0,45.966796875,90.0,0.0,45.966796875,90.0,0.0,45.966796875,90.0,0.0,45.966796875,90.0
4572,4572,0.0,45.966796875,90.0,0.0,45.966796875,90.0,0.0,45.966796875,90.0,0.0,45.966796875,90.0
4592,4592,0.0,45.966796875,90.0,0.0,45.966796875,90.0,0.0,45.966796875,90.0,0.0,45.966796875,90.0
4612,4612,0.0,45.966796875,90.0,0.0,45.966796875,90.0,0.0,45.966796875,90.0,0.0,45.966796875,90.0
4632,4632,0.0,45.966796875,90.0,0.0,45.966796875,90.0,0.0,45.966796875,90.0,0.0,45.966796875,90.0
4652,4652,0.0,45.966796875,90.0,0.0,45.966796875,90.0,0.0,45.966796875,90.0,0.0,45.966796875,90.0
4672,4672,0.0,45.966796875,90.0,0.0,45.966796875,90.0,0.0,45.966796875,90.0,0.0,45.966796875,90.0
4692,4692,0.0,45.966796875,90.0,0.0,45.966796875,90.0,0.0,45.966796875,90.0,0.0,45.966796875,90.0
4712,4712,0.0,45.966796875,90.0,0.0,45.966796875,90.0,0.0,45.966796875,90.0,0.0,45.966796875,90.0
4732,4732,0.0,45.966796875,90.0,0.0,45.966796875,90.0,0.0,45.966796875,90.0,0.0,45.966796875,90.0
4752,4752,0.0,45.966796875,90.0,0.0,45.966796875,90.0,0.0,45.966796875,90.0,0.0,45.966796875,90.0
4772,4772,0.0,45.966796875,90.0,0.0,45.966796875,90.0,0.0,45.966796875,90.0,0.0,45.966796875,90.0
4792,4792,0.0,45.966796875,90.0,0.0,45.966796875,90.0,0.0,45.966796875,90.0,0.0,45.966796875,90.0
4812,4812,0.0,45.966796875,90.0,0.0,45.966796875,90.0,0.0,45.966796875,90.0,0.0,45.966796875,90.0
4832,4832,0.0,45.966796875,90.0,0.0,45.966796875,90.0,0.0,45.966796875,90.0,0.0,45.966796875,90.0
4852,4852,0.0,45.966796875,90.0,0.0,45.966796875,90.0,0.0,45.966796875,90.0,0.0,45.966796875,90.0
4872,4872,0.0,45.966796875,90.0,0.0,45.966796875,90.0,0.0,45.966796875,90.0,0.0,45.966796875,90.0
4892,4892,0.0,45.966796875,90.0,0.0,45.966796875,90.0,0.0,45.966796875,90.0,0.0,45.966796875,90.0
4912,4912,0.0,45.966796875,90.0,0.0,45.966796875,90.0,0.0,45.966796875,90.0,0.0,45.966796875,90.0
4932,4932,0.0,45.966796875,90.0,0.0,45.966796875,90.0,0.0,45.966796875,90.0,0.0,45.966796875,90.0
4952,4952,0.0,45.966796875,90.0,0.0,45.966796875,90.0,0.0,45.966796875,90.0,0.0,45.966796875,90.0
4972,4972,0.0,45.966796875,90.0,0.0,45.966796875,90.0,0.0,45.966796875,90.0,0.0,45.966796875,90.0
4992,4992,0.0,45.966796875,90.0,0.0,45.966796875,90.0,0.0,45.966796875,90.0,0.0,45.966796875,90.0
5012,5012,0.0,45.966796875,90.0,0.0,45.966796875,90.0,0.0,45.966796875,90.0,0.0,45.966796875,90.0
5032,5032,0.0,45.966796875,90.0,0.0,45.966796875,90.0,0.0,45.966796875,90.0,0.0,45.966796875,90.0
5052,5052,0.0,45.966796875,90.0,0.0,45.966796875,90.0,0.0,45.966796875,90.0,0.0,45.966796875,90.0
5072,5072,0.0,45.966796875,90.0,0.0,45.966796875,90.0,0.0,45.966796875,90.0,0.0,45.966796875,90.0
5092,5092,0.0,45.966796875,90.0,0.0,45.966796875,90.0,0.0,45.966796875,90.0,0.0,45.966796875,90.0
