begin,end,command,joint,status,raw,speed_raw,load_raw,current_raw,voltage_mv,temperature_c,hardware_error,servo_id,joint_name,time_ms,target_deg,actual_deg,error_deg,sim_actual_deg,sim_minus_hardware_deg
101,103,5,0,0,1928,0,0,0,11200,31,0,1,FL-J1,102.0,0.0,0.087890625,0.087890625,0.11841748245187554,0.03052685745187554
341,343,17,0,0,1928,0,0,0,11200,31,0,1,FL-J1,342.0,0.17578125,0.087890625,-0.087890625,0.3465585337331135,0.2586679087331135
581,583,29,0,0,1928,0,48,1,11200,31,0,1,FL-J1,582.0,0.52734375,0.087890625,-0.439453125,0.6129514649201879,0.5250608399201879
821,823,41,0,0,1928,0,64,2,11200,31,0,1,FL-J1,822.0,0.703125,0.087890625,-0.615234375,0.9966691763738573,0.9087785513738573
1062,1064,53,0,0,1928,0,72,2,11200,31,0,1,FL-J1,1063.0,0.791015625,0.087890625,-0.703125,1.2529981827184926,1.1651075577184926
1302,1304,65,0,0,1928,0,72,2,11200,31,0,1,FL-J1,1303.0,0.791015625,0.087890625,-0.703125,1.4388516605381874,1.3509610355381874
1542,1544,77,0,0,1928,0,72,2,11200,31,0,1,FL-J1,1543.0,0.791015625,0.087890625,-0.703125,1.7596737247114924,1.6717830997114924
1782,1784,89,0,0,1919,-100,-20,0,11100,31,0,1,FL-J1,1783.0,0.791015625,0.87890625,0.087890625,1.423492578648895,0.544586328648895
2022,2024,101,0,0,1925,0,48,0,10900,31,0,1,FL-J1,2023.0,0.791015625,0.3515625,-0.439453125,0.654615336540079,0.303052836540079
2262,2264,113,0,0,1920,100,24,0,11000,31,0,1,FL-J1,2263.0,0.791015625,0.791015625,0.0,1.8484478702334104,1.0574322452334104
2516,2518,125,0,0,1925,0,48,1,11100,31,0,1,FL-J1,2517.0,0.791015625,0.3515625,-0.439453125,2.531847357290611,2.180284857290611
2757,2759,137,0,0,1926,0,56,2,11000,31,0,1,FL-J1,2758.0,0.791015625,0.263671875,-0.52734375,2.5226311195903026,2.2589592445903026
2997,2999,149,0,0,1925,0,52,1,11000,31,0,1,FL-J1,2998.0,0.791015625,0.3515625,-0.439453125,0.7126125718100892,0.3610500718100892
3237,3239,161,0,0,1918,-100,-24,1,11000,31,0,1,FL-J1,3238.0,0.791015625,0.966796875,0.17578125,0.5418802346463996,-0.42491664035360044
3477,3479,173,0,0,1924,0,40,0,11100,31,0,1,FL-J1,3478.0,0.791015625,0.439453125,-0.3515625,2.6663076163555517,2.2268544913555517
3717,3719,185,0,0,1926,0,56,2,11100,31,0,1,FL-J1,3718.0,0.791015625,0.263671875,-0.52734375,2.139225674407039,1.8755537994070388
3957,3959,197,0,0,1924,0,40,0,11200,31,0,1,FL-J1,3958.0,0.791015625,0.439453125,-0.3515625,1.1445883647581785,0.7051352397581785
4196,4198,209,0,0,1925,0,40,0,11200,31,0,1,FL-J1,4197.0,0.703125,0.3515625,-0.3515625,1.0509717550994315,0.6994092550994315
4436,4438,221,0,0,1925,0,20,0,11200,31,0,1,FL-J1,4437.0,0.52734375,0.3515625,-0.17578125,1.3143811680370112,0.9628186680370112
4676,4678,233,0,0,1925,0,-24,0,11200,31,0,1,FL-J1,4677.0,0.17578125,0.3515625,0.17578125,1.3067620597722993,0.9551995597722993
4916,4918,245,0,0,1928,50,0,0,11200,31,0,1,FL-J1,4917.0,0.0,0.087890625,0.087890625,1.079553403036013,0.991662778036013
121,123,6,1,0,1566,0,28,1,11300,30,0,2,FL-J2,122.0,45.17578125,44.912109375,-0.263671875,44.295599570830724,-0.6165098041692758
361,363,18,1,0,1538,-200,56,3,11300,31,0,2,FL-J2,362.0,48.33984375,47.373046875,-0.966796875,46.539107140179894,-0.8339397348201061
601,603,30,1,0,1477,-300,44,0,11300,31,0,2,FL-J2,602.0,53.525390625,52.734375,-0.791015625,51.86671410869942,-0.8676608913005808
841,843,42,1,0,1433,-100,4,1,11300,31,0,2,FL-J2,842.0,56.6015625,56.6015625,0.0,56.46407552398857,-0.13748697601143078
1082,1084,54,1,0,1428,0,-24,2,11300,30,0,2,FL-J2,1083.0,56.77734375,57.041015625,0.263671875,57.29959963692595,0.25858401192594727
1322,1324,66,1,0,1428,0,-48,4,11300,31,0,2,FL-J2,1323.0,56.513671875,57.041015625,0.52734375,57.29521226356216,0.25419663856216346
1562,1564,78,1,0,1410,-150,72,5,11200,31,0,2,FL-J2,1563.0,59.765625,58.623046875,-1.142578125,56.38938756437341,-2.2336593106265923
1802,1804,90,1,0,1348,-250,112,11,11100,31,0,2,FL-J2,1803.0,65.56640625,64.072265625,-1.494140625,61.096697639065475,-2.975567985934525
2042,2044,102,1,0,1441,1050,-576,209,10900,31,0,2,FL-J2,2043.0,46.58203125,55.8984375,9.31640625,58.996137826410624,3.0977003264106244
2282,2284,114,1,0,1497,-200,108,6,11200,31,0,2,FL-J2,2283.0,52.734375,50.9765625,-1.7578125,42.83993831257421,-8.136624187425788
2537,2539,126,1,0,1411,-100,0,0,11100,31,0,2,FL-J2,2538.0,59.326171875,58.53515625,-0.791015625,58.73983736011547,0.20468111011547307
2777,2779,138,1,0,1361,-550,120,8,11100,31,0,2,FL-J2,2778.0,64.51171875,62.9296875,-1.58203125,61.642320954848984,-1.2873665451510163
3017,3019,150,1,0,1362,750,-436,132,11000,31,0,2,FL-J2,3018.0,53.4375,62.841796875,9.404296875,62.458902124330216,-0.3828947506697844
3257,3259,162,1,0,1535,-600,108,3,11100,31,0,2,FL-J2,3258.0,49.482421875,47.63671875,-1.845703125,41.96555994403655,-5.671158805963451
3497,3499,174,1,0,1435,-350,16,0,11200,31,0,2,FL-J2,3498.0,57.12890625,56.42578125,-0.703125,54.490859563396256,-1.9349216866037438
3737,3739,186,1,0,1398,0,76,8,11200,31,0,2,FL-J2,3738.0,60.46875,59.677734375,-0.791015625,60.53725103873157,0.8595166637315685
3977,3979,198,1,0,1391,0,-176,52,11300,31,0,2,FL-J2,3978.0,57.919921875,60.29296875,2.373046875,62.520389159262706,2.227420409262706
4216,4218,210,1,0,1425,150,-88,8,11300,31,0,2,FL-J2,4217.0,56.162109375,57.3046875,1.142578125,59.74265956417561,2.437972064175611
4456,4458,222,1,0,1451,200,-196,41,11100,31,0,2,FL-J2,4457.0,52.470703125,55.01953125,2.548828125,56.38325458668442,1.3637233366844228
4696,4698,234,1,0,1520,300,-104,8,11300,31,0,2,FL-J2,4697.0,47.373046875,48.955078125,1.58203125,49.879918110754446,0.9248399857544456
4936,4938,246,1,0,1554,50,-88,13,11300,31,0,2,FL-J2,4937.0,45.0,45.966796875,0.966796875,45.652204764430614,-0.31459211056938585
141,143,7,2,0,3000,0,104,10,11400,34,0,3,FL-J3,142.0,89.912109375,90.966796875,1.0546875,91.5507888306626,0.5839919556625972
381,383,19,2,0,3000,0,88,6,11400,34,0,3,FL-J3,382.0,90.087890625,90.966796875,0.87890625,91.53431575975672,0.5675188847567227
621,623,31,2,0,3000,0,64,3,11400,34,0,3,FL-J3,622.0,90.439453125,90.966796875,0.52734375,91.69520351933714,0.7284066443371415
861,863,43,2,0,3000,0,60,3,11400,34,0,3,FL-J3,862.0,90.439453125,90.966796875,0.52734375,91.85407722273244,0.8872803477324425
1102,1104,55,2,0,3000,0,56,3,11400,34,0,3,FL-J3,1103.0,90.439453125,90.966796875,0.52734375,91.76995595795456,0.803159082954565
1342,1344,67,2,0,3000,0,56,3,11400,34,0,3,FL-J3,1343.0,90.439453125,90.966796875,0.52734375,91.67663658760344,0.7098397126034399
1582,1584,79,2,0,3001,0,224,24,11300,34,0,3,FL-J3,1583.0,88.330078125,91.0546875,2.724609375,92.45996299801782,1.405275498017815
1822,1824,91,2,0,2946,-200,136,9,11300,34,0,3,FL-J3,1823.0,88.857421875,86.220703125,-2.63671875,87.1851901161118,0.9644869911117979
2062,2064,103,2,0,3024,600,-280,14,10900,34,0,3,FL-J3,2063.0,92.373046875,93.076171875,0.703125,100.63378333171869,7.557611456718689
2302,2304,115,2,0,3032,-100,180,7,11300,34,0,3,FL-J3,2303.0,91.669921875,93.779296875,2.109375,93.55987964248314,-0.21941723251686085
2557,2559,127,2,0,3002,-50,196,36,11100,34,0,3,FL-J3,2558.0,88.59375,91.142578125,2.548828125,91.96262479590348,0.8200466709034799
2797,2799,139,2,0,2950,-450,224,13,11200,34,0,3,FL-J3,2798.0,83.671875,86.572265625,2.900390625,87.157591628379,0.5853260033789951
3037,3039,151,2,0,2982,650,-336,40,11100,34,0,3,FL-J3,3038.0,95.888671875,89.384765625,-6.50390625,95.86898306751154,6.484217442511536
3277,3279,163,2,0,3053,-400,156,8,11200,34,0,3,FL-J3,3278.0,91.93359375,95.625,3.69140625,91.17625928158783,-4.448740718412168
3517,3519,175,2,0,3015,-50,196,29,11300,34,0,3,FL-J3,3518.0,90.0,92.28515625,2.28515625,94.784853489101,2.499697239100996
3757,3759,187,2,0,2992,0,220,35,11200,34,0,3,FL-J3,3758.0,87.978515625,90.263671875,2.28515625,91.60020561875577,1.3365337437557656
3997,3999,199,2,0,2978,-100,-128,5,11300,34,0,3,FL-J3,3998.0,90.263671875,89.033203125,-1.23046875,88.15853035535876,-0.8746727696412364
4236,4238,211,2,0,2992,100,20,0,11400,34,0,3,FL-J3,4237.0,90.17578125,90.263671875,0.087890625,89.73168976089451,-0.5319821141054888
4476,4478,223,2,0,2987,-50,-28,0,11200,34,0,3,FL-J3,4477.0,90.0,89.82421875,-0.17578125,90.30007025297063,0.4758515029706274
4716,4718,235,2,0,2993,0,68,2,11300,34,0,3,FL-J3,4717.0,89.736328125,90.3515625,0.615234375,90.72436976079479,0.37280726079478654
4956,4958,247,2,0,2994,50,76,4,11400,34,0,3,FL-J3,4957.0,89.736328125,90.439453125,0.703125,90.96215944320453,0.5227063182045271
161,163,8,3,0,2089,0,0,0,11300,32,0,4,FR-J1,162.0,0.0,0.0,0.0,0.17158373375030553,0.17158373375030553
401,403,20,3,0,2089,0,-24,0,11400,32,0,4,FR-J1,402.0,0.263671875,0.0,-0.263671875,0.38218480157104967,0.38218480157104967
641,643,32,3,0,2090,0,-56,1,11300,32,0,4,FR-J1,642.0,0.615234375,0.087890625,-0.52734375,0.6916991031423829,0.6038084781423829
881,883,44,3,0,2090,0,-64,1,11400,32,0,4,FR-J1,882.0,0.703125,0.087890625,-0.615234375,1.0644858541763185,0.9765952291763185
1122,1124,56,3,0,2090,0,-72,2,11400,32,0,4,FR-J1,1123.0,0.791015625,0.087890625,-0.703125,1.2969817554414715,1.2090911304414715
1362,1364,68,3,0,2090,0,-72,2,11400,32,0,4,FR-J1,1363.0,0.791015625,0.087890625,-0.703125,1.3768947883594587,1.2890041633594587
1602,1604,80,3,0,2093,0,-48,1,11300,32,0,4,FR-J1,1603.0,0.791015625,0.3515625,-0.439453125,1.6098633681564587,1.2583008681564587
1842,1844,92,3,0,2090,0,-72,3,11300,32,0,4,FR-J1,1843.0,0.791015625,0.087890625,-0.703125,1.6555954014077143,1.5677047764077143
2082,2084,104,3,0,2089,0,-80,3,11200,32,0,4,FR-J1,2083.0,0.791015625,0.0,-0.791015625,3.1520101207099698,3.1520101207099698
2322,2324,116,3,0,2098,250,0,0,11300,32,0,4,FR-J1,2323.0,0.791015625,0.791015625,0.0,1.443365955242266,0.652350330242266
2577,2579,128,3,0,2100,0,28,1,11000,32,0,4,FR-J1,2578.0,0.791015625,0.966796875,0.17578125,0.6448217821511438,-0.32197509284885617
2817,2819,140,3,0,2101,-50,28,1,11200,32,0,4,FR-J1,2818.0,0.791015625,1.0546875,0.263671875,0.7745442006460075,-0.2801432993539925
3057,3059,152,3,0,2096,-50,-24,1,11200,32,0,4,FR-J1,3058.0,0.791015625,0.615234375,-0.17578125,3.128420582332719,2.513186207332719
3297,3299,164,3,0,2103,100,56,1,11200,32,0,4,FR-J1,3298.0,0.791015625,1.23046875,0.439453125,1.5539448678413739,0.32347611784137387
3537,3539,176,3,0,2105,0,60,1,11200,32,0,4,FR-J1,3538.0,0.791015625,1.40625,0.615234375,0.3176985226130516,-1.0885514773869485
3777,3779,188,3,0,2099,50,0,0,11300,32,0,4,FR-J1,3778.0,0.791015625,0.87890625,0.087890625,0.9238600347875888,0.044953784787588824
4017,4019,200,3,0,2093,0,-48,2,11300,32,0,4,FR-J1,4018.0,0.791015625,0.3515625,-0.439453125,0.8536081665235488,0.5020456665235488
4256,4258,212,3,0,2092,0,-48,1,11300,32,0,4,FR-J1,4257.0,0.703125,0.263671875,-0.439453125,1.3137381719932713,1.0500662969932713
4496,4498,224,3,0,2093,0,0,0,11300,32,0,4,FR-J1,4497.0,0.439453125,0.3515625,-0.087890625,1.3040195700748143,0.9524570700748143
4736,4738,236,3,0,2094,50,48,0,11300,32,0,4,FR-J1,4737.0,0.087890625,0.439453125,0.3515625,1.0432511056466962,0.6037979806466962
4976,4978,248,3,0,2091,0,24,0,11300,32,0,4,FR-J1,4977.0,0.0,0.17578125,0.17578125,0.8257691144579051,0.6499878644579051
181,183,9,4,0,2439,100,-24,0,11300,30,0,5,FR-J2,182.0,45.87890625,45.439453125,-0.439453125,44.47443417809861,-0.9650189469013881
421,423,21,4,0,2479,250,-44,3,11300,30,0,5,FR-J2,422.0,49.921875,48.955078125,-0.966796875,47.94620229071775,-1.0088758342822501
661,663,33,4,0,2540,250,-24,0,11300,30,0,5,FR-J2,662.0,55.01953125,54.31640625,-0.703125,53.665461704796684,-0.6509445452033162
901,903,45,4,0,2574,50,16,0,11300,30,0,5,FR-J2,902.0,57.216796875,57.3046875,0.087890625,57.41229498804633,0.1076074880463267
1142,1144,57,4,0,2576,0,16,0,11300,30,0,5,FR-J2,1143.0,57.3046875,57.48046875,0.17578125,57.73008010089586,0.2496113508958615
1382,1384,69,4,0,2589,0,16,0,11300,30,0,5,FR-J2,1383.0,58.271484375,58.623046875,0.3515625,58.3226536004444,-0.30039327455560283
1622,1624,81,4,0,2512,-200,140,27,11300,30,0,5,FR-J2,1623.0,50.537109375,51.85546875,1.318359375,54.19903089972267,2.343562149722672
1862,1864,93,4,0,2550,400,-16,0,11300,30,0,5,FR-J2,1863.0,55.8984375,55.1953125,-0.703125,56.80911080819005,1.6137983081900487
2102,2104,105,4,0,2615,100,-72,3,11200,30,0,5,FR-J2,2103.0,62.2265625,60.908203125,-1.318359375,59.29844784646535,-1.6097552785346494
2342,2344,117,4,0,2671,400,-76,2,11300,30,0,5,FR-J2,2343.0,66.708984375,65.830078125,-0.87890625,65.70324630992734,-0.12683181507266283
2597,2599,129,4,0,2542,-1250,636,276,10900,30,0,5,FR-J2,2598.0,45.791015625,54.4921875,8.701171875,49.753730160624585,-4.738457339375415
2837,2839,141,4,0,2522,400,-64,0,11200,30,0,5,FR-J2,2838.0,54.140625,52.734375,-1.40625,39.67459283865434,-13.059782161345659
3077,3079,153,4,0,2607,150,52,3,11100,30,0,5,FR-J2,3078.0,60.205078125,60.205078125,0.0,61.118105047138464,0.9130269221384637
3317,3319,165,4,0,2647,150,-52,4,11200,30,0,5,FR-J2,3318.0,64.599609375,63.720703125,-0.87890625,62.631379254663415,-1.0893238703365853
3557,3559,177,4,0,2641,-600,512,218,10900,30,0,5,FR-J2,3558.0,54.228515625,63.193359375,8.96484375,73.41900357316955,10.225644198169547
3797,3799,189,4,0,2519,450,-96,5,11200,30,0,5,FR-J2,3798.0,54.228515625,52.470703125,-1.7578125,46.511346086037975,-5.959357038962025
4037,4039,201,4,0,2588,100,96,13,11300,30,0,5,FR-J2,4038.0,57.568359375,58.53515625,0.966796875,56.752245200578045,-1.7829110494219549
4276,4278,213,4,0,2568,-150,28,0,11300,30,0,5,FR-J2,4277.0,56.42578125,56.77734375,0.3515625,55.411527066186586,-1.3658166838134136
4516,4518,225,4,0,2536,-250,144,23,11300,30,0,5,FR-J2,4517.0,52.03125,53.96484375,1.93359375,52.41647880312791,-1.5483649468720913
4756,4758,237,4,0,2465,-200,36,0,11300,30,0,5,FR-J2,4757.0,47.197265625,47.724609375,0.52734375,47.12902514186957,-0.5955842331304311
4996,4998,249,4,0,2443,0,16,0,11200,30,0,5,FR-J2,4997.0,45.615234375,45.791015625,0.17578125,44.74393640291287,-1.0470792220871274
201,203,10,5,0,1034,0,-152,8,11400,34,0,6,FR-J3,202.0,90.439453125,92.021484375,1.58203125,91.97551755274412,-0.04596682225587756
441,443,22,5,0,1034,0,-128,5,11400,34,0,6,FR-J3,442.0,90.703125,92.021484375,1.318359375,92.12907031277504,0.10758593777504188
681,683,34,5,0,1034,0,-104,4,11400,34,0,6,FR-J3,682.0,90.966796875,92.021484375,1.0546875,92.38186931074382,0.3603849357438236
921,923,46,5,0,1034,0,-88,3,11400,34,0,6,FR-J3,922.0,91.142578125,92.021484375,0.87890625,92.504660362498,0.48317598749800084
1162,1164,58,5,0,1034,0,-88,4,11400,34,0,6,FR-J3,1163.0,90.966796875,92.021484375,1.0546875,92.53462685163245,0.5131424766324528
1402,1404,70,5,0,1029,-200,0,0,11400,34,0,6,FR-J3,1403.0,93.1640625,92.4609375,-0.703125,92.9814198274188,0.5204823274188044
1642,1644,82,5,0,1016,50,-80,3,11400,34,0,6,FR-J3,1643.0,92.8125,93.603515625,0.791015625,92.52224394910776,-1.0812716758922392
1882,1884,94,5,0,1022,50,-124,6,11400,34,0,6,FR-J3,1883.0,91.58203125,93.076171875,1.494140625,93.02503951247787,-0.05113236252212516
2122,2124,106,5,0,1044,150,-264,26,11200,34,0,6,FR-J3,2123.0,87.626953125,91.142578125,3.515625,92.90277634239271,1.7601982173927126
2362,2364,118,5,0,1089,150,-108,4,11400,34,0,6,FR-J3,2363.0,91.40625,87.1875,-4.21875,85.07397545255535,-2.113524547444655
2617,2619,130,5,0,997,-550,252,12,11000,34,0,6,FR-J3,2618.0,92.98828125,95.2734375,2.28515625,103.46583290506395,8.192395405063948
2857,2859,142,5,0,1010,50,-132,4,11300,34,0,6,FR-J3,2858.0,92.63671875,94.130859375,1.494140625,93.04932317058442,-1.0815362044155847
3097,3099,154,5,0,1043,100,-112,3,11300,34,0,6,FR-J3,3098.0,89.736328125,91.23046875,1.494140625,92.6312748459886,1.4008060959885995
3337,3339,166,5,0,1066,200,-252,24,11200,34,0,6,FR-J3,3338.0,87.01171875,89.208984375,2.197265625,87.36320605270633,-1.8457783222936683
3577,3579,178,5,0,1022,-600,336,29,11200,34,0,6,FR-J3,3578.0,96.240234375,93.076171875,-3.1640625,95.6738360348482,2.5976641598481933
3817,3819,190,5,0,1004,400,-140,2,11300,34,0,6,FR-J3,3818.0,92.724609375,94.658203125,1.93359375,93.35037181298856,-1.3078313120114444
4056,4058,202,5,0,1028,50,-96,3,11400,34,0,6,FR-J3,4057.0,91.58203125,92.548828125,0.966796875,94.64155697662272,2.0927288516227236
4296,4298,214,5,0,1028,0,-104,4,11400,34,0,6,FR-J3,4297.0,91.494140625,92.548828125,1.0546875,93.95477110424551,1.4059429792455092
4536,4538,226,5,0,1028,0,-112,5,11400,34,0,6,FR-J3,4537.0,91.318359375,92.548828125,1.23046875,93.38101417761543,0.8321860526154268
4776,4778,238,5,0,1028,0,-128,6,11400,34,0,6,FR-J3,4777.0,91.23046875,92.548828125,1.318359375,93.01713336560714,0.46830524060713685
5016,5018,250,5,0,1028,0,-128,5,11400,34,0,6,FR-J3,5017.0,91.23046875,92.548828125,1.318359375,92.92053116936496,0.3717030443649634
221,223,11,6,0,2098,0,-44,1,11300,34,0,7,RL-J1,222.0,0.087890625,0.52734375,0.439453125,0.2859516691814642,-0.2413920808185358
461,463,23,6,0,2098,0,-32,1,11300,33,0,7,RL-J1,462.0,0.263671875,0.52734375,0.263671875,0.5292139259095282,0.0018701759095282044
701,703,35,6,0,2098,0,0,0,11300,33,0,7,RL-J1,702.0,0.615234375,0.52734375,-0.087890625,0.8025720109589533,0.27522826095895325
941,943,47,6,0,2096,0,0,0,11300,33,0,7,RL-J1,942.0,0.703125,0.703125,0.0,0.977481544969188,0.27435654496918804
1182,1184,59,6,0,2096,0,0,0,11300,33,0,7,RL-J1,1183.0,0.791015625,0.703125,-0.087890625,1.1035017147684147,0.40037671476841474
1422,1424,71,6,0,2096,0,0,0,11300,33,0,7,RL-J1,1423.0,0.791015625,0.703125,-0.087890625,1.0152594747874468,0.3121344747874468
1662,1664,83,6,0,2095,-50,0,0,11200,33,0,7,RL-J1,1663.0,0.791015625,0.791015625,0.0,1.3595007827315806,0.5684851577315806
1902,1904,95,6,0,2094,0,0,0,11300,33,0,7,RL-J1,1903.0,0.791015625,0.87890625,0.087890625,1.7277363724432393,0.8488301224432393
2142,2144,107,6,0,2093,-50,-24,1,11100,33,0,7,RL-J1,2143.0,0.791015625,0.966796875,0.17578125,2.9151112330200526,1.9483143580200526
2382,2384,119,6,0,2094,50,20,0,11300,33,0,7,RL-J1,2383.0,0.791015625,0.87890625,0.087890625,1.2236457931196416,0.3447395431196416
2637,2639,131,6,0,2101,100,64,1,11200,33,0,7,RL-J1,2638.0,0.791015625,0.263671875,-0.52734375,0.4334625765614459,0.16979070156144588
2877,2879,143,6,0,2094,-150,-20,0,11200,33,0,7,RL-J1,2878.0,0.791015625,0.87890625,0.087890625,0.3748150907430271,-0.5040911592569729
3117,3119,155,6,0,2092,-50,-36,0,11200,33,0,7,RL-J1,3118.0,0.791015625,1.0546875,0.263671875,2.8513754017705835,1.7966879017705835
3357,3359,167,6,0,2090,0,-48,1,11200,33,0,7,RL-J1,3358.0,0.791015625,1.23046875,0.439453125,0.4182487687233337,-0.8122199812766663
3597,3599,179,6,0,2090,-50,-52,1,11100,34,0,7,RL-J1,3598.0,0.791015625,1.23046875,0.439453125,0.5071557636897855,-0.7233129863102145
3837,3839,191,6,0,2090,0,-48,1,11200,33,0,7,RL-J1,3838.0,0.791015625,1.23046875,0.439453125,1.451651870596427,0.22118312059642697
4076,4078,203,6,0,2090,0,-56,1,11200,34,0,7,RL-J1,4077.0,0.703125,1.23046875,0.52734375,1.4416507852728595,0.2111820352728595
4316,4318,215,6,0,2091,0,-48,1,11300,34,0,7,RL-J1,4317.0,0.615234375,1.142578125,0.52734375,1.2379957940025152,0.09541766900251525
4556,4558,227,6,0,2091,0,-72,2,11200,33,0,7,RL-J1,4557.0,0.263671875,1.142578125,0.87890625,1.0718383523722363,-0.07073977262776365
4796,4798,239,6,0,2093,0,-88,4,11300,33,0,7,RL-J1,4797.0,0.087890625,0.966796875,0.87890625,0.887565867080963,-0.07923100791903703
5036,5038,251,6,0,2095,0,-80,3,11200,34,0,7,RL-J1,5037.0,0.0,0.791015625,0.791015625,0.8135369753522227,0.02252135035222269
1,3,0,7,0,1440,0,80,11,11300,33,0,8,RL-J2,2.0,45.0,44.12109375,-0.87890625,45.00559743840264,0.8845036884026385
241,243,12,7,0,1433,-100,104,14,11300,33,0,8,RL-J2,242.0,46.23046875,44.736328125,-1.494140625,44.79224992820513,0.055921803205130516
481,483,24,7,0,1383,-250,116,9,11300,33,0,8,RL-J2,482.0,50.712890625,49.130859375,-1.58203125,48.727572739205,-0.40328663579499846
721,723,36,7,0,1322,-300,60,2,11300,33,0,8,RL-J2,722.0,55.283203125,54.4921875,-0.791015625,54.11480303427448,-0.37738446572551965
961,963,48,7,0,1298,-50,0,0,11300,33,0,8,RL-J2,962.0,56.6015625,56.6015625,0.0,56.78934050255867,0.18777800255867305
1202,1204,60,7,0,1298,0,36,1,11300,33,0,8,RL-J2,1203.0,57.041015625,56.6015625,-0.439453125,56.87118623931966,0.26962373931966255
1442,1444,72,7,0,1287,0,-72,4,11300,33,0,8,RL-J2,1443.0,55.458984375,57.568359375,2.109375,57.95877227805923,0.3904129030592287
1682,1684,84,7,0,1367,0,-12,0,11200,33,0,8,RL-J2,1683.0,50.625,50.537109375,-0.087890625,52.11365483114173,1.57654545614173
1922,1924,96,7,0,1304,-350,24,0,11300,33,0,8,RL-J2,1923.0,56.77734375,56.07421875,-0.703125,56.34563736378703,0.27141861378702714
2162,2164,108,7,0,1259,-100,184,39,10800,33,0,8,RL-J2,2163.0,62.314453125,60.029296875,-2.28515625,60.98120769315159,0.951910818151589
2402,2404,120,7,0,1198,0,-72,6,11300,33,0,8,RL-J2,2403.0,63.369140625,65.390625,2.021484375,68.03774977286872,2.6471247728687217
2657,2659,132,7,0,1412,750,-48,2,11300,33,0,8,RL-J2,2658.0,46.58203125,46.58203125,0.0,45.44505650517861,-1.1369747448213872
2897,2899,144,7,0,1351,-450,168,20,11300,33,0,8,RL-J2,2898.0,54.404296875,51.943359375,-2.4609375,47.32229994862509,-4.621059426374913
3137,3139,156,7,0,1272,-250,156,32,11000,32,0,8,RL-J2,3138.0,60.99609375,58.88671875,-2.109375,60.82743784878059,1.9407190987805905
3377,3379,168,7,0,1217,-350,152,23,11200,33,0,8,RL-J2,3378.0,65.56640625,63.720703125,-1.845703125,63.61367683756784,-0.1070262874321628
3617,3619,180,7,0,1343,1350,-308,26,11100,33,0,8,RL-J2,3618.0,46.7578125,52.646484375,5.888671875,51.56297469047823,-1.083509684521772
3857,3859,192,7,0,1350,-400,172,39,11200,33,0,8,RL-J2,3858.0,54.31640625,52.03125,-2.28515625,39.91132355789947,-12.119926442100528
4096,4098,204,7,0,1305,0,40,2,11300,33,0,8,RL-J2,4097.0,56.42578125,55.986328125,-0.439453125,54.30832440949942,-1.67800371550058
4336,4338,216,7,0,1324,100,40,3,11300,33,0,8,RL-J2,4337.0,54.404296875,54.31640625,-0.087890625,53.72285123838353,-0.5935550116164734
4576,4578,228,7,0,1373,300,-4,0,11300,33,0,8,RL-J2,4577.0,49.482421875,50.009765625,0.52734375,49.66654547096776,-0.34322015403223816
4816,4818,240,7,0,1431,150,56,6,11300,33,0,8,RL-J2,4817.0,45.263671875,44.912109375,-0.3515625,45.021238004042374,0.10912862904237386
21,23,1,8,0,2994,0,76,2,11300,44,0,9,RL-J3,22.0,89.82421875,90.52734375,0.703125,90.11834980796982,-0.4089939420301789
261,263,13,8,0,2994,0,80,3,11200,44,0,9,RL-J3,262.0,89.736328125,90.52734375,0.791015625,91.57796325901336,1.0506195090133588
501,503,25,8,0,2994,0,72,3,11300,44,0,9,RL-J3,502.0,89.82421875,90.52734375,0.703125,91.3385269131017,0.8111831631017026
741,743,37,8,0,2993,0,48,1,11300,44,0,9,RL-J3,742.0,90.0,90.439453125,0.439453125,91.03312315749238,0.5936700324923834
981,983,49,8,0,2992,0,32,0,11300,44,0,9,RL-J3,982.0,90.087890625,90.3515625,0.263671875,90.96013181942166,0.6085693194216617
1222,1224,61,8,0,2992,0,40,1,11300,44,0,9,RL-J3,1223.0,90.0,90.3515625,0.3515625,91.07624786088853,0.7246853608885289
1462,1464,73,8,0,3011,200,-64,1,11300,44,0,9,RL-J3,1463.0,93.076171875,92.021484375,-1.0546875,91.99157931066483,-0.029905064335167708
1702,1704,85,8,0,3018,0,124,25,11200,44,0,9,RL-J3,1703.0,91.40625,92.63671875,1.23046875,91.41161044248496,-1.2251083075150433
1942,1944,97,8,0,3000,-200,108,4,11300,45,0,9,RL-J3,1943.0,89.47265625,91.0546875,1.58203125,91.4466378880503,0.39195038805030435
2182,2184,109,8,0,3000,100,468,193,10800,44,0,9,RL-J3,2183.0,85.693359375,91.0546875,5.361328125,91.36431350104122,0.30962600104122373
2422,2424,121,8,0,2938,-250,-260,47,11100,44,0,9,RL-J3,2423.0,95.712890625,85.60546875,-10.107421875,86.80732018936132,1.2018514393613202
2677,2679,133,8,0,3073,500,164,11,11300,45,0,9,RL-J3,2678.0,91.494140625,97.470703125,5.9765625,99.72786016579826,2.257157040798262
2917,2919,145,8,0,3033,-250,336,96,11000,44,0,9,RL-J3,2918.0,90.0,93.955078125,3.955078125,97.28332289412357,3.3282447691235717
3157,3159,157,8,0,2999,100,364,103,11000,45,0,9,RL-J3,3158.0,86.66015625,90.966796875,4.306640625,88.76370649234508,-2.2030903826549206
3397,3399,169,8,0,2946,-550,176,42,11300,45,0,9,RL-J3,3398.0,88.330078125,86.30859375,-2.021484375,84.61090087955931,-1.6976928704406902
3637,3639,181,8,0,3033,600,-180,36,11100,45,0,9,RL-J3,3638.0,92.197265625,93.955078125,1.7578125,101.19950086894283,7.244422743942835
3877,3879,193,8,0,3054,-450,452,132,11000,45,0,9,RL-J3,3878.0,89.912109375,95.80078125,5.888671875,92.71654884229709,-3.0842324077029133
4116,4118,205,8,0,2994,50,76,3,11300,44,0,9,RL-J3,4117.0,89.736328125,90.52734375,0.791015625,91.71620032956147,1.1888565795614738
4356,4358,217,8,0,3004,0,184,16,11000,44,0,9,RL-J3,4357.0,89.47265625,91.40625,1.93359375,91.30674138217425,-0.09950861782574805
4596,4598,229,8,0,2999,50,176,13,11200,44,0,9,RL-J3,4597.0,89.208984375,90.966796875,1.7578125,90.98125174468774,0.014454869687739347
4836,4838,241,8,0,3003,0,232,24,11200,45,0,9,RL-J3,4837.0,88.857421875,91.318359375,2.4609375,90.79153158439654,-0.5268277906034626
41,43,2,9,0,1958,0,64,2,11300,34,0,10,RR-J1,42.0,0.0,0.615234375,0.615234375,0.029575182504486812,-0.5856591924955132
281,283,14,9,0,1958,0,56,1,11300,34,0,10,RR-J1,282.0,0.087890625,0.615234375,0.52734375,0.3500587146483104,-0.2651756603516896
521,523,26,9,0,1958,0,20,0,11300,34,0,10,RR-J1,522.0,0.439453125,0.615234375,0.17578125,0.5979742236930075,-0.017260151306992544
761,763,38,9,0,1958,0,0,0,11300,34,0,10,RR-J1,762.0,0.703125,0.615234375,-0.087890625,0.8402646064546538,0.22503023145465384
1002,1004,50,9,0,1958,0,-28,0,11300,34,0,10,RR-J1,1003.0,0.791015625,0.615234375,-0.17578125,1.0029542764607091,0.3877199014607091
1242,1244,62,9,0,1958,0,-24,0,11300,34,0,10,RR-J1,1243.0,0.791015625,0.615234375,-0.17578125,1.1161832423798173,0.5009488673798173
1482,1484,74,9,0,1959,0,0,0,11300,34,0,10,RR-J1,1483.0,0.791015625,0.703125,-0.087890625,1.466711107418476,0.763586107418476
1722,1724,86,9,0,1958,0,-24,1,11100,34,0,10,RR-J1,1723.0,0.791015625,0.615234375,-0.17578125,1.2075119157751122,0.5922775407751122
1962,1964,98,9,0,1955,0,-48,1,11200,34,0,10,RR-J1,1963.0,0.791015625,0.3515625,-0.439453125,0.5115104877282884,0.15994798772828844
2202,2204,110,9,0,1962,0,24,0,11100,34,0,10,RR-J1,2203.0,0.791015625,0.966796875,0.17578125,0.47180783754617384,-0.49498903745382616
2442,2444,122,9,0,1962,0,24,0,11200,34,0,10,RR-J1,2443.0,0.791015625,0.966796875,0.17578125,1.9050363722704506,0.9382394972704506
2697,2699,134,9,0,1965,100,56,2,11200,34,0,10,RR-J1,2698.0,0.791015625,1.23046875,0.439453125,1.5594791155210674,0.32901036552106744
2937,2939,146,9,0,1958,-50,-28,1,11300,34,0,10,RR-J1,2938.0,0.791015625,0.615234375,-0.17578125,0.8624899459079701,0.24725557090797012
3177,3179,158,9,0,1962,0,24,0,11200,34,0,10,RR-J1,3178.0,0.791015625,0.966796875,0.17578125,0.47076569613842856,-0.49603117886157144
3417,3419,170,9,0,1963,0,32,1,11300,34,0,10,RR-J1,3418.0,0.791015625,1.0546875,0.263671875,1.345617335056504,0.29092983505650394
3657,3659,182,9,0,1964,0,40,1,11200,34,0,10,RR-J1,3658.0,0.791015625,1.142578125,0.3515625,1.6375364183812928,0.4949582933812928
3897,3899,194,9,0,1965,-50,44,1,11300,34,0,10,RR-J1,3898.0,0.791015625,1.23046875,0.439453125,1.173538581660998,-0.056930168339001996
4136,4138,206,9,0,1962,0,32,0,11300,34,0,10,RR-J1,4137.0,0.703125,0.966796875,0.263671875,0.959542945064489,-0.007253929935510994
4376,4378,218,9,0,1964,0,56,2,11300,34,0,10,RR-J1,4377.0,0.615234375,1.142578125,0.52734375,1.0774826584423143,-0.06509546655768572
4616,4618,230,9,0,1963,0,80,3,11300,34,0,10,RR-J1,4617.0,0.263671875,1.0546875,0.791015625,1.094815614495746,0.04012811449574594
4856,4858,242,9,0,1964,0,116,6,11300,34,0,10,RR-J1,4857.0,0.0,1.142578125,1.142578125,1.0128043916878686,-0.12977373331213138
61,63,3,10,0,2764,0,-32,1,11200,33,0,11,RR-J2,62.0,45.087890625,44.736328125,-0.3515625,44.99012247125063,0.25379434625062913
301,303,15,10,0,2781,150,-76,4,11200,33,0,11,RR-J2,302.0,47.28515625,46.23046875,-1.0546875,45.77334406654787,-0.457124683452129
541,543,27,10,0,2838,250,-60,1,11200,33,0,11,RR-J2,542.0,52.294921875,51.240234375,-1.0546875,50.40121859898536,-0.8390157760146408
781,783,39,10,0,2892,150,-4,0,11300,33,0,11,RR-J2,782.0,56.337890625,55.986328125,-0.3515625,55.51226140242399,-0.474066722576012
1022,1024,51,10,0,2906,0,8,0,11300,33,0,11,RR-J2,1023.0,57.12890625,57.216796875,0.087890625,57.31056085442499,0.09376397942499182
1262,1264,63,10,0,2905,0,24,1,11300,33,0,11,RR-J2,1263.0,56.865234375,57.12890625,0.263671875,57.34166166108038,0.21275541108037999
1502,1504,75,10,0,2912,50,-72,4,11200,33,0,11,RR-J2,1503.0,58.798828125,57.744140625,-1.0546875,57.21953494565862,-0.5246056793413771
1742,1744,87,10,0,2957,200,-220,56,11100,33,0,11,RR-J2,1743.0,64.6875,61.69921875,-2.98828125,59.8754951933576,-1.823723556642399
1982,1984,99,10,0,2937,-1050,280,33,11000,33,0,11,RR-J2,1983.0,52.03125,59.94140625,7.91015625,61.494636818425576,1.553230568425576
2222,2224,111,10,0,2807,400,-84,6,11000,33,0,11,RR-J2,2223.0,50.2734375,48.515625,-1.7578125,41.56632350876442,-6.94930149123558
2462,2464,123,10,0,2901,350,-44,1,11200,33,0,11,RR-J2,2463.0,57.83203125,56.77734375,-1.0546875,54.03000658218879,-2.74733716781121
2717,2719,135,10,0,2956,0,-168,35,10900,33,0,11,RR-J2,2718.0,63.896484375,61.611328125,-2.28515625,62.559954976084505,0.9486268510845051
2957,2959,147,10,0,2995,-150,132,7,11200,33,0,11,RR-J2,2958.0,61.611328125,65.0390625,3.427734375,66.08859316901403,1.0495306690140325
3197,3199,159,10,0,2802,-300,-40,2,11100,33,0,11,RR-J2,3198.0,49.21875,48.076171875,-1.142578125,46.84547537795379,-1.2306964970462104
3437,3439,171,10,0,2881,550,-32,0,11300,33,0,11,RR-J2,3438.0,55.8984375,55.01953125,-0.87890625,52.78286832548312,-2.236662924516878
3677,3679,183,10,0,2928,150,-128,24,11200,33,0,11,RR-J2,3678.0,60.8203125,59.150390625,-1.669921875,58.26941069561385,-0.8809799293861502
3917,3919,195,10,0,2937,100,0,0,11200,33,0,11,RR-J2,3918.0,59.677734375,59.94140625,0.263671875,63.35118661635439,3.40978036635439
4156,4158,207,10,0,2910,-50,40,2,11200,33,0,11,RR-J2,4157.0,57.12890625,57.568359375,0.439453125,58.89389748998635,1.325538114986351
4396,4398,219,10,0,2882,-150,56,3,11200,33,0,11,RR-J2,4397.0,54.228515625,55.107421875,0.87890625,56.574853924257205,1.467432049257205
4636,4638,231,10,0,2821,-300,32,0,11200,33,0,11,RR-J2,4637.0,49.04296875,49.74609375,0.703125,50.9512926495299,1.205198899529897
4876,4878,243,10,0,2774,-100,4,0,11200,33,0,11,RR-J2,4877.0,45.52734375,45.615234375,0.087890625,46.11815080452999,0.5029164295299893
81,83,4,11,0,996,0,-208,13,11200,38,0,12,RR-J3,82.0,90.087890625,92.28515625,2.197265625,91.62044079809057,-0.66471545190943
321,323,16,11,0,996,0,-200,13,11100,38,0,12,RR-J3,322.0,90.17578125,92.28515625,2.109375,91.93951592838563,-0.3456403216143684
561,563,28,11,0,997,0,-160,9,11200,38,0,12,RR-J3,562.0,90.52734375,92.197265625,1.669921875,91.81540236965553,-0.3818632553444701
801,803,40,11,0,1001,50,-108,4,11300,38,0,12,RR-J3,802.0,90.703125,91.845703125,1.142578125,91.66073938844924,-0.18496373655075615
1042,1044,52,11,0,1003,0,-80,3,11300,38,0,12,RR-J3,1043.0,90.87890625,91.669921875,0.791015625,91.73977049332778,0.06984861832778222
1282,1284,64,11,0,1003,0,-72,2,11300,38,0,12,RR-J3,1283.0,90.966796875,91.669921875,0.703125,91.8229111299091,0.15298925490910165
1522,1524,76,11,0,1003,0,-156,7,11200,38,0,12,RR-J3,1523.0,89.82421875,91.669921875,1.845703125,92.42698036022169,0.7570584852216911
1762,1764,88,11,0,1005,0,-552,101,11000,38,0,12,RR-J3,1763.0,85.60546875,91.494140625,5.888671875,89.98786582959232,-1.506274795407677
2002,2004,100,11,0,1001,-800,260,5,11100,38,0,12,RR-J3,2003.0,96.240234375,91.845703125,-4.39453125,97.37876986887518,5.533066743875182
2242,2244,112,11,0,933,250,-324,25,11000,38,0,12,RR-J3,2243.0,92.28515625,97.822265625,5.537109375,94.7161893350873,-3.106076289912707
2482,2513,124,11,0,1011,50,-76,2,11100,38,0,12,RR-J3,2497.5,90.263671875,90.966796875,0.703125,94.78720051745171,3.8204036424517085
2737,2739,136,11,0,1017,-100,-392,55,10900,38,0,12,RR-J3,2738.0,85.693359375,90.439453125,4.74609375,88.85777691426031,-1.581676210739687
2977,2979,148,11,0,1041,-250,260,6,11200,38,0,12,RR-J3,2978.0,97.998046875,88.330078125,-9.66796875,93.41100990290819,5.080931777908191
3217,3219,160,11,0,928,-50,-148,8,11100,38,0,12,RR-J3,3218.0,92.4609375,98.26171875,5.80078125,96.64909565812985,-1.612623091870148
3457,3459,172,11,0,984,150,-196,11,11300,38,0,12,RR-J3,3458.0,90.966796875,93.33984375,2.373046875,98.92909010878874,5.589246358788742
3697,3699,184,11,0,1005,-100,-248,24,11100,38,0,12,RR-J3,3698.0,88.857421875,91.494140625,2.63671875,94.3252067758812,2.831066150881199
3937,3939,196,11,0,1014,150,-36,0,11200,38,0,12,RR-J3,3938.0,90.615234375,90.703125,0.087890625,88.60022410125175,-2.1029008987482456
4176,4178,208,11,0,1000,-50,-84,3,11300,38,0,12,RR-J3,4177.0,91.142578125,91.93359375,0.791015625,91.38404787327713,-0.549545876722874
4416,4418,220,11,0,999,50,-116,5,11200,38,0,12,RR-J3,4417.0,90.791015625,92.021484375,1.23046875,91.30710760969686,-0.7143767653031432
4656,4658,232,11,0,998,-50,-152,8,11300,38,0,12,RR-J3,4657.0,90.615234375,92.109375,1.494140625,92.01092065884575,-0.09845434115425178
4896,4898,244,11,0,996,0,-192,12,11200,38,0,12,RR-J3,4897.0,90.263671875,92.28515625,2.021484375,92.1496161949847,-0.13554005501529787
