time_ms,FL_target_x_mm,FL_target_z_mm,FR_target_x_mm,FR_target_z_mm,RL_target_x_mm,RL_target_z_mm,RR_target_x_mm,RR_target_z_mm,FL_actual_x_mm,FL_actual_z_mm,FR_actual_x_mm,FR_actual_z_mm,RL_actual_x_mm,RL_actual_z_mm,RR_actual_x_mm,RR_actual_z_mm,roll_deg,pitch_deg,FR_minus_RL_z_documented_axis_mm,RL_first_swing_tilt_sensitivity_min_mm,RL_first_swing_tilt_sensitivity_max_mm
0,0.14697157298579344,-0.033528843097291317,0.14697158219795226,-0.03352878063249409,0.14697285107931335,-0.03352682695843823,0.14697286094741968,-0.03352676519488562,,,,,,,,,,,,,
22,0.14697157298579344,-0.033528843097291317,0.14697158219795226,-0.03352878063249409,0.14697285107931335,-0.03352682695843823,0.14697286094741968,-0.03352676519488562,,,,,,,,,,,,,
42,0.14697157298579344,-0.033528843097291317,-0.17814532134335925,0.2551628443565185,-0.1781440524619704,0.25516479803056047,0.14697286094741968,-0.03352676519488562,,,,,,,,,,,,,
62,0.14697157298579344,-0.033528843097291317,-0.2695695174766699,0.9789704707534874,-0.26956825466453727,0.9789724280878931,0.14697286094741968,-0.03352676519488562,,,,,,,,,,,,,
81,0.14697157298579344,-0.033528843097291317,-0.12795573930954318,2.1437450436950503,-0.1279544886695072,2.143747008294117,0.14697286094741968,-0.03352676519488562,,,,,,,,,,,,,
101,0.14697157298579344,-0.033528843097291317,-0.30337796921195426,3.5282976721555253,-0.30562710721768194,3.611176332424165,0.14697286094741968,-0.03352676519488562,,,,,,,,,,,,,
122,0.14697157298579344,-0.033528843097291317,-0.7531532458203427,5.517583451679409,-0.6001392909882053,5.532891348307492,0.14697286094741968,-0.03352676519488562,3.0843899114713915,2.0302558797057753,2.5063974055859473,3.834617123210843,3.21273543799655,2.756837876800991,5.806838273008763,2.419070902591622,-2.5,-0.3,11.236885442563127,-7.6173156228736545,8.290612635240336
142,0.14697157298579344,-0.033528843097291317,-1.1900260268694063,7.534432167078831,-1.2343958234680708,7.480935352032231,0.14697286094741968,-0.03352676519488562,2.8461391600810018,2.0284049008048033,1.2348087258514107,4.4696184096562614,0.898523443002397,2.7464266553614003,5.747588199505965,2.417898910249794,-2.5,-0.3,11.865838041349303,-7.6336910766586215,8.28728647020814
162,0.14697157298579344,-0.033528843097291317,-1.4198709797987874,9.648017906521547,-1.4693040680343605,9.752467372215273,0.14697286094741968,-0.03352676519488562,2.607885555020534,2.026797584083112,-0.028129309014635062,5.1157572278565935,-0.35048578832422295,3.8030050117048853,5.68674361689478,2.4730856944962105,-2.5,-0.3,11.434172950519129,-6.644362091106109,9.298797478391158
182,0.5072658973064303,-0.033199942268427596,-2.514409380373006,11.731334025810627,-2.0747941617367536,11.75071256320774,0.5072671820682828,-0.0331978624275725,2.3696293454606163,2.0254339312217455,-1.2823207831148542,5.772938945405107,-1.5127560516323968,4.928810395990801,5.425523137374933,2.5557510331478266,-2.4,-0.3,10.622699930112113,-5.294786958416841,10.034005327379539
202,0.5072658973064303,-0.033199942268427596,-2.9450100791501566,13.44182071268793,-2.7055080702999,13.462131977112588,0.5072671820682828,-0.0331978624275725,2.2306918410470167,2.0652083601157,-2.5276706399478543,6.441067808668544,-2.6618669921684712,6.068485546919577,5.157212313040005,2.642672299021584,-2.4,-0.3,10.13083398766347,-4.253873671097308,11.096889171415866
221,0.5072658973064303,-0.033199942268427596,-3.4062260948840297,14.859905882507588,-3.554791790814998,14.725861578673117,0.5072671820682828,-0.0331978624275725,2.1449671593280764,2.1273731464684227,-3.7009566861137544,7.030299047348948,-3.7411886499308378,7.163882800678229,4.902362045213021,2.7259021359298528,-2.4,-0.4,10.293062646613906,-3.268022894881331,12.133418493451009
241,0.5072658973064303,-0.033199942268427596,-3.940041615629913,15.510664148806336,-4.100011860998287,15.679105194443183,0.5072671820682828,-0.0331978624275725,2.0564722062985377,2.194277058151464,-4.401686701506257,8.173016258896936,-4.864182987749932,8.330156939129834,4.634146349082768,2.814201283990472,-2.4,-0.4,10.242166011142487,-2.2033797459483777,13.22311458763381
261,0.5072658973064303,-0.033199942268427596,-4.848112104041874,15.942529795605648,-4.392316700095378,16.000979717751456,0.14697286094741968,-0.03352676519488562,1.9679952912443621,2.2603525208493154,-4.979453305589576,9.421859287500542,-5.174468719887637,9.536895922269833,4.365979989095853,2.903206579871989,-2.4,-0.4,10.260733960149315,-1.1015489905020215,14.355360790759441
281,0.14697157298579344,-0.033528843097291317,-5.130195633445994,16.048234947129536,-5.063569252347771,16.01905266236185,0.14697286094741968,-0.03352676519488562,1.879536432217055,2.3264743870362454,-5.547293638400536,10.68527504356713,-5.719225837246072,10.461251337976277,4.0962835815761265,3.050581686241352,-2.4,-0.4,10.578466518979464,-0.3514540947052863,15.158141959186674
301,0.14697157298579344,-0.033528843097291317,-5.929423106937892,15.875929251607218,-6.070354648510773,16.05002400650797,0.14697286094741968,-0.03352676519488562,1.7910956472630968,2.3927757780677625,-6.1051012333591945,11.963099722710563,-6.278534810440939,11.376072222086503,4.249566893128942,3.235740333277351,-2.3,-0.4,10.606065263846984,0.6697221573457729,15.596187128924285
321,-0.5736164273694166,-0.032528530368627906,-6.537373521962708,15.861632535479037,-6.405921706526263,16.06137753919175,-0.5736151330173467,-0.032526456357859224,1.450534459327718,2.4583874460842177,-6.652770840652355,13.255167620719918,-6.8323063235531665,12.296479408130015,4.428395740680379,3.4265796367504016,-2.0,-0.3,9.320907918992718,2.3622016170079254,15.37191261209575
341,-0.9339084077907567,-0.031199319164842976,-6.623749299808191,16.06953869379127,-6.741473411457783,16.07324590400934,-0.9339071102478502,-0.03119724710723415,1.0343309366462328,2.501138369793016,-7.186341577916588,14.426790751299656,-7.3805013201557195,13.22242969486806,4.60713875851107,3.6191460914203195,-1.5,0.0,5.879763651657751,4.754904021202392,14.459750694636591
361,-1.2941979113041124,-0.02931740847171571,-6.896975224855217,16.069383816668573,-7.077008973719767,16.085629073033402,-1.2941966105734781,-0.029315338372123967,0.6164826530547785,2.5420261549960745,-6.989880000030091,14.804933833904341,-7.923081058984177,14.153879582221792,4.785795835426571,3.811037893560423,-1.0,0.2,2.34921421496713,7.054503658152744,13.640271825266447
381,-2.0147660964310035,-0.02389550763085002,-7.689950350905416,15.94435997682965,-7.4125276037648185,16.098527017125246,-2.014764789333795,-0.02389344146204453,0.1986320047406287,2.5837982092124374,-6.869854585937474,15.057412751550245,-7.17118900679864,15.012220352274952,4.964366860412822,4.003388634139945,-0.7,0.2,0.8055686793860817,8.688161627598639,13.88753901350183
401,-2.3750430824779345,-0.020355530241475406,-7.62849730138182,15.899658431268781,-7.4125276037648185,16.098527017125246,-2.735312887036212,-0.016260816660534916,-0.21921966488688827,2.6264544833327768,-6.7500045891241145,15.316923752173306,-7.137708819223154,15.12992777079021,5.145433345655981,4.100698129330629,-0.5,0.2,0.3276806789361819,9.35732839766301,13.948869632430444
421,-3.816083868849157,-0.0006689837606238536,-7.37760709905233,16.022223815207266,-7.4125276037648185,16.098527017125246,-3.8160825458886105,-0.0006669275040838141,-0.6370710123999868,2.6699949231665103,-6.630331235328857,15.586996885796205,-7.1538523225583015,15.209027005360628,4.68174072353042,4.14952169241474,-0.7,0.1,1.8121268823252241,8.7568572172851,13.367867542466493
441,-4.536552099231317,0.012490104946860647,-7.31469547146707,15.948803438832579,-7.4125276037648185,16.098527017125246,-4.896768874392721,0.019900602643632692,-1.3068308770591008,2.6750087845834605,-6.510835740786564,15.867570671651288,-7.169974580171212,15.288159043804095,4.180808752145937,4.195163765616322,-0.9,-0.1,3.9952276833665894,8.137134364014296,14.05263540031583
461,-5.617170168727148,0.03637316630540621,-7.253867818856369,15.952124944019555,-7.077008973719767,16.085629073033402,-5.977348985950426,0.04544133820720553,-1.9899060964842508,2.7030514537416392,-6.388678650883301,16.07098847372601,-7.18607558157025,15.36732387032458,3.679964261142782,4.241950842595599,-1.2,-0.3,6.381345431905785,7.150511175231314,15.100254691009132
481,-7.259750349669774,-0.061914633041046385,-6.6747564843576965,16.06807626910557,-7.077008973719767,16.085629073033402,-7.620077920366147,-0.05032658178738547,-2.6711783436045855,2.734299433600651,-6.245713210748543,16.072592574837923,-7.202155316270359,15.446521469119595,3.179209620980034,4.289882556429606,-1.5,-0.4,7.846042384547711,6.18300529946722,16.126190147085342
501,-8.700953410790246,-0.012254212658949215,-6.285619467579828,16.057373380439138,-6.405921706526263,16.06137753919175,-8.700952043822374,-0.012252184800526367,-3.352283534743372,2.767544348852416,-6.131793233220412,16.053035237374864,-6.742863947511113,15.533852830660722,2.678547201192094,4.338958533351686,-1.9,-0.4,8.85884981281536,4.91262216861188,17.46698838251656
521,-10.501983926986341,0.0622557609099017,-5.897629233046098,16.064612197041804,-6.070354648510773,16.05002400650797,-10.501982544450783,0.06225777839795332,-4.033215804878504,2.8027854909835477,-6.018153673571974,16.04360315758606,-6.199916183785542,15.620757152327581,2.1786256250428684,4.364788850015164,-2.0,-0.4,8.999593005998605,4.6475700433344365,17.85065156472862
541,-12.147226368110498,-0.0016902262449519645,-5.370939581830159,15.927545190388567,-5.063569252347771,16.01905266236185,-12.147224970087272,-0.0016882192462736034,-4.71396929172549,2.840022134227377,-5.904795472449903,16.052336658539986,-5.657312373680279,15.709104065764285,0.865184210846609,4.365894485661659,-2.3,-0.5,10.422036739267185,3.7496529046466414,18.920495023647426
561,-13.948073821872796,0.0992527301283408,-4.657191540336281,15.938622509152525,-4.392316700095378,16.000979717751456,-13.948072408442759,0.09925472651907408,-6.039487194317489,2.8282246948866248,-5.791719555412412,16.079182172065458,-5.115056083966313,15.798892229924741,-0.4945055444530999,4.371098077187358,-2.5,-0.7,12.250626134136008,3.175328404896649,19.669595311033046
581,-15.595047358821779,0.059609838734431264,-3.9473847258666153,16.01572140678566,-3.7210216883606373,15.984966668952369,-15.59504593006672,0.05961182439938317,-7.478529730514799,2.824525145242576,-5.677330970475958,16.085796587152117,-4.57315087701951,15.890120292110149,-1.8541742842636544,4.379394563767472,-2.7,-0.8,13.335201546991485,2.6121136864119125,20.393128950993127
601,-18.17200126699531,-0.0417732211863836,-3.4261308356149103,15.991002520667513,-3.0496905356280912,15.971013666685616,-17.811672010008937,-0.06954431045594345,-8.916981161978976,2.8301577164417253,-4.970137288857118,15.976095497868034,-4.031600310795663,15.98278688798685,-3.213774994836993,4.394432905038631,-3.0,-0.9,14.570301250522125,1.7197327506390385,21.434033226854652
621,-20.542864738594375,0.010923957640476822,-2.578691217332729,15.950629727714965,-2.0426398646650745,15.953947032517442,-19.82231615918431,-0.051341639998259136,-10.354786308887586,2.8451177256221953,-4.2494633837869555,15.861300469604656,-3.4917766401001415,16.12938551124271,-4.573260664777701,4.4174646184760995,-3.3,-1.0,15.746457635235245,0.8642311736174468,22.529420467133008
641,-22.19415556007076,0.012593493378912357,-1.7309444653427764,15.910211295525944,-1.0355434210316816,15.941516155431156,-21.833913620053767,-0.019574136372949025,-11.791890027416347,2.869400058614066,-3.5301171659987975,15.773373224138258,-3.10173891384502,16.158764500302127,-5.932261434753783,4.436298954220582,-3.5,-1.1,16.77205020175769,0.1682641602240159,23.239525178679234
662,-24.7788629833203,-0.029334702249486644,-1.2111669112796486,15.926656111427434,-0.364130895061765,15.935804458686032,-23.846313424279924,0.022711870202654638,-13.300033724145038,2.904923585941091,-2.7762442055259404,15.709918268121125,-2.700257680161078,16.184217803395658,-7.920684310522452,4.45892359390175,-3.6,-1.2,17.53844697649129,-0.22593836027456904,23.636454109561
681,-26.79279627655426,0.03822978614562156,-0.36935680356850464,15.982689579663075,1.164469179945532,16.087956913370892,-25.499256741783327,0.04462800184508453,-15.067123052652203,2.995665585274032,-2.0954503058130958,15.677943309710841,-2.3368286549424466,16.20841563096781,-9.74815431263784,4.492028205681592,-3.9,-1.2,18.175726135790672,-1.278810686758003,24.66955405688555
701,-28.447134711614503,0.08075000529426946,0.6142600360191097,15.896989681299198,1.8353877272425934,16.088996335832466,-27.512939705015754,0.11818160885061768,-17.005341533718187,3.113116320231535,-1.3803963388595852,15.673939451802301,-1.9540840583749663,16.235087159857787,-11.67153689523867,4.542515428056227,-4.0,-1.2,18.292478043048746,-1.6926372918374537,25.0373208477795
721,-30.893241807086998,-0.0543835307914714,1.1294506155613837,15.990700713089417,2.3215014592621595,15.933563011052435,-29.236673141818077,-0.11454274807362608,-18.941955529167192,3.2469346020137095,-0.6928498146759055,15.618608311096487,-1.5711481482118261,16.262531173404827,-13.59451130821765,4.60904302085767,-4.1,-1.2,18.35912605831455,-2.1221432350601033,25.39118505236318
741,-32.550227936799125,0.01760235002358501,1.7876931111071026,15.943914288018584,3.6642185133597405,15.944805496803493,-31.253444969174232,-0.008391329742840625,-20.876829718104645,3.3971544763793244,-0.01715838626920041,15.57386969646754,-0.8034905726992392,16.138950252939487,-15.516944134220584,4.691608938810793,-4.1,-1.2,18.281651680293027,-2.3589523966983243,25.222774299545517
761,-34.78530014667494,0.03954139482040264,2.1214555118114764,15.907024377229753,4.335530142342753,15.953517407798836,-32.55022635373223,0.017604311457239397,-22.809828929772873,3.5631112628183996,0.657706573857747,15.554502805220235,0.0319539840999139,16.009751521729815,-17.43902376910392,4.802307855575353,-4.0,-1.1,17.279605159453663,-2.2754482462269965,24.668402023005743
781,-36.0836126061975,0.08546832815109484,2.7778765078384504,15.893997574061263,5.006802080989525,15.964289661338823,-34.42519453097231,-0.011866573708246841,-24.740818153001275,3.7444847846228035,1.3317369384967526,15.556659019898028,0.8678022983964473,15.884101914296483,-19.024314726969806,4.903147219115541,-3.8,-1.0,16.04862520457401,-1.8378605420317773,23.786441992791076
801,-37.60166716914465,0.028778087806283215,3.434183366883614,15.896189595418234,5.6780280110329535,15.977122156030823,-35.36347925070859,-0.020781900579094903,-26.257570207250307,4.005402215794221,2.0049246214186303,15.58141027356949,1.704042058409544,15.762004281127423,-20.59136029737979,5.013301509988452,-3.8,-1.0,16.036527063203522,-2.090005936484313,23.581569287546802
821,-39.12157145092274,-0.017550479245898032,3.7645591052199165,15.906418767158772,6.349201614638949,15.992014771090773,-36.302275697920436,-0.025811714239265537,-28.06641663297421,4.059866460085882,2.675172541705434,15.64095565043218,2.540660940743594,15.643461393932842,-22.157782955919885,5.134108101918916,-3.8,-1.0,16.082990173747884,-2.3491956332329784,23.369585730569256
841,-40.062249109538925,-0.006999084847483794,4.094868228233101,15.925646901391948,6.684766819837789,16.00023358071129,-37.60166554054967,0.028780012265208765,-29.89640013103148,4.118292727176468,3.443732059188104,15.539186267672006,3.377646610573132,15.528475945546043,-23.723510246656808,5.265563662821729,-3.6,-0.9,14.803758921279956,-1.918678299893506,22.45404934563629
861,-41.36336241919175,0.0641692122226728,4.212894012531554,15.474289556257167,6.965634791543662,15.378674098068783,-38.761412959650606,-0.07561325167003419,-31.72818600682792,4.192093749329634,4.193003585341415,15.415208859948667,4.869938009936514,15.440687604353256,-25.288469730625845,5.4076643676544,-3.5,-0.7,13.028884170276921,-1.7535351901816072,21.835828843732475
881,-42.304843149597176,0.07800974371738323,4.774667850395681,14.578921732484151,7.403759206068644,14.607498453941368,-39.12156980829734,-0.017548566581343517,-33.56165085508395,4.281296307702867,4.942902969614693,15.308196222076687,6.020234632360843,14.962448418061019,-26.852907297797657,5.566747979702955,-3.3,-0.7,12.819040674236323,-1.7557331797312532,20.564064519610792
901,-42.88678802169332,0.0333562568355511,4.8005047815370965,13.205957778018195,8.133169050400818,13.227571833563184,-39.702114217345986,-0.06650563091825656,-35.396670962672324,4.385925934138349,5.693419751794132,15.218154866733864,7.151116080058833,14.470194415688406,-27.81159848941059,5.498051993168759,-3.2,-0.7,12.881996325443303,-1.8672353132338366,19.82485845160123
922,-43.46910180717811,-0.009721362714792958,4.947696317980227,11.390919701703917,7.795237025139345,11.210921101783539,-40.06224745854095,-0.006997179313780744,-36.420617143449824,4.330179474643591,6.482115395021748,15.141881782584758,8.343660690409454,13.961061101271266,-28.816861248659897,5.399227599851411,-3.0,-0.5,11.367416866391213,-1.521360483755424,18.65485771552418
942,-43.829080711241474,0.05357943432471313,4.8856758313070845,9.120508293897656,7.959664002441053,9.079867463524113,-40.64325022510662,-0.05430809755677113,-37.467779401546665,4.145827577319891,7.229928968661481,15.070040412374794,9.484242573645801,13.483580950829092,-29.775478412714357,5.309502315888656,-2.5,-0.4,9.912419542372666,-0.22634241659040544,16.577950578220342
962,-44.05177999710619,-0.05122152186894102,4.829657309729729,6.907441371837228,8.291958766201285,6.8301060099609785,-40.64325022510662,-0.05430809755677113,-38.5284900549511,3.9614650830042257,8.178930766108705,14.160307935363686,10.629482564751408,13.013370940232388,-30.7352693725958,5.224071245239936,-2.2,-0.2,7.380502648506218,0.49815103993053333,15.089499816946725
982,-44.41181009712225,0.012973868175530923,4.773702217855863,4.698655020459686,8.469333760971253,4.753332779648719,-40.64325022510662,-0.05430809755677113,-39.591468778090835,3.783036874065809,9.029092747320167,13.110768049591021,12.287421822957917,12.65214574289389,-31.696214007917696,5.142942331920613,-2.0,-0.1,5.528127585030989,0.9314232462964145,14.100654337297847
1002,-44.41181009712225,0.012973868175530923,4.749370797646896,2.79386304229165,8.652125734707305,2.7030998646262043,-40.64325022510662,-0.05430809755677113,-40.6566812449358,3.6105591488221482,9.888863791165075,12.074596505434105,12.913649371457419,11.28410372716053,-32.65732392491455,5.029465573864355,-1.9,0.1,4.227184781232227,-0.0010236827327203546,12.524056393963798
1021,-44.77173541252794,0.07772184612621358,5.1367949086588425,1.5126155315437066,9.079340528440088,1.4094314663987833,-40.64325022510662,-0.05430809755677113,-41.67067073813466,3.4522314924808892,10.714461060397223,11.10270257494661,13.459534138641843,9.945554705534182,-33.17016422675323,4.741103393281293,-1.6,0.2,3.2248227936682863,-0.15648158476395946,10.576479676327397
1041,-45.21821152828731,-0.12948315353866757,4.858862082616961,0.49391739373155774,9.175754702472727,0.4031269237667612,-40.64325022510662,-0.05430809755677113,-42.28477778682782,3.169538167393113,11.592698533857055,10.092871091522918,14.041846316221434,8.54986361044119,-33.7122997062585,4.415643907267605,-1.5,0.2,3.369965111737247,-0.9059012184704368,9.184316268489063
1061,-45.21821152828731,-0.12948315353866757,4.82910677029294,0.2051523580465925,9.512123948962447,0.1276290094700261,-40.64325022510662,-0.05430809755677113,-42.780024186250905,2.890622172962459,12.477731395867748,9.071900636306863,14.631947113506044,7.167931937659508,-34.25555915849446,4.092347725464449,-1.6,0.2,3.935593292258885,-2.2924166915652133,8.455290156438242
1081,-45.21821152828731,-0.12948315353866757,4.449032543625747,-0.09055177039371531,9.320397067290987,-0.02252318244880258,-40.64325022510662,-0.05430809755677113,-43.27404540017504,2.6111953992783707,11.759375023049772,8.117535799162134,15.22972838831596,5.799870612345423,-34.799934464751544,3.7712195494808975,-1.5,0.2,4.135511545507356,-3.018765179132299,7.086435703130806
1101,-45.49126830200056,0.20887495501342723,4.449032543625747,-0.09055177039371531,9.320397067290987,-0.02252318244880258,-40.422286150066405,0.05306390642402514,-43.76892264758822,2.3336263330525493,10.970713096415368,7.192059582131413,14.112888161100095,4.4069629978644445,-35.345417489636986,3.4522640460925706,-1.4,0.3,3.6988999714666626,-3.8548662128457396,5.771472977359596
1121,-45.40409252252281,0.48179886234371583,4.449032543625747,-0.09055177039371531,9.320397067290987,-0.02252318244880258,-40.83845369060865,0.5552169530833734,-44.264649300368,2.0579181694524857,10.175545960693032,6.273622654667688,13.90587566035309,4.051095856829903,-35.89265071705242,3.159732648889718,-1.4,0.2,3.8337072123111327,-3.846643597512273,5.6337833287937595
1141,-44.91922400273596,1.4086778734699879,4.449032543625747,-0.09055177039371531,8.960147351208342,-0.03476107225224012,-40.59038108200858,1.3809871971029035,-44.76121871941751,1.7840740798789194,9.373930621437793,5.358450186340291,13.762671031169294,3.75175729438898,-36.70073390268894,3.4533401201180673,-1.5,0.1,4.131217745034651,-4.693628170371639,5.294085511687182
1161,-44.6147148265382,2.9628533470247436,4.098714523633973,-0.09749016732867044,9.15210679247741,0.115096771264242,-40.09165474545645,3.0473430070803857,-46.76904563855608,1.7399776590348859,8.565924491954785,4.4490214562941945,13.6189989991235,3.454212022546338,-37.4210293234295,3.832099845375997,-1.5,0.1,3.5295236327056445,-5.381206290793125,4.627030231797876
1182,-44.34509259674879,4.905418286198948,4.097219886098403,-0.11772230368875536,8.79434438474619,0.020168034778583754,-39.721596208644904,4.823601292501312,-47.30172037631411,2.6062848727949754,7.710703236684269,3.501831760354887,13.467642077562347,3.14372537474597,-38.174914801006764,4.232661801140305,-1.6,0.1,3.116134016865585,-6.43158124679416,4.255106834632399
1202,-43.62703157959366,7.161181808765835,4.127910468715745,0.1705919144157353,8.074207293434249,-0.002129778402221172,-39.044769236776936,7.103415247830133,-47.71472528645005,3.4772365224988584,7.288623264010946,3.3166749546256478,13.32301688651924,2.8495618624244656,-38.89058008958493,4.616865040104834,-1.7,-0.1,4.826489403452053,-7.449793405912245,3.917247658472858
1222,-42.682024527479186,9.481848099590046,3.7765474331993842,0.14459126045657245,7.909035492160349,0.05415068446618099,-38.0142060654162,9.277954715441226,-48.12180461570517,4.353457003585998,6.996860750195538,3.2594628538896164,12.471002221784266,2.4399061983813723,-39.60396981909034,5.0037057613561,-1.9,-0.1,5.609337638352016,-8.902822753368136,3.7832375428470675
1242,-41.60827208040574,11.663868662429925,2.723897421099575,0.09084144049864573,7.1915185300610585,-0.04721419124699422,-36.98495470116553,11.489598390893779,-48.522924862353015,5.234898501606716,6.704955851669359,3.2026236523460954,12.085964419102035,2.509096463990834,-40.3124909775883,5.296545323162594,-2.0,-0.1,5.698619575260411,-9.443510613410671,3.879733914658165
1262,-40.161591116598395,13.266309292237446,2.3724941676519506,0.06856294532400775,6.669534383655861,-0.07835817034072823,-36.04082407733961,13.357684141747054,-48.918052854094505,6.121512918510027,6.41290911695136,3.1461576075881985,11.732433656636038,2.6045124951401126,-39.81264197805237,6.395536803939242,-2.1,-0.2,6.451902525180228,-10.845276756871872,3.2814033957580815
1282,-38.94061760244935,14.858808124463483,1.6711790961657091,0.04391722835556111,5.426856609277247,-0.04049864145343196,-34.387732604952284,14.751071499978604,-48.423140777770435,6.70196061098996,6.120721095026427,3.090064976465759,11.379177072476015,2.7005405489849146,-39.06431234689897,7.647843027034029,-2.2,-0.3,7.205284388862629,-12.394133995218215,2.5258191650425337
1302,-37.2364865332272,15.757695490048892,0.619936285271766,0.019956156863509822,4.350442772101087,-0.13702337707027779,-32.915478240188314,15.55192037667573,-46.74667123263032,7.751231452775495,5.828179184522414,3.0322567419261146,11.02619576515207,2.7971799250123555,-38.31768502417868,8.91599068024694,-2.2,-0.3,7.053658237433313,-13.5462294961953,1.3380256119242817
1321,-35.38203288046843,15.936962023315445,-0.23965617296375918,0.13032468097949612,3.3071245594274155,-0.018187499817787223,-31.532360488832122,15.981505484764735,-45.11322676980703,8.78498534971564,5.08223923802667,3.006538923925439,10.691119497555135,2.889552929264627,-37.610042086243325,10.135314355093863,-2.1,-0.3,6.720945224282709,-14.330775297859603,-0.13329293357161598
1341,-33.53446240588126,16.127181070248298,-1.293285179986392,0.08833291704976598,2.0707724056839574,-0.038897620617012185,-29.902090618230293,16.071938363733178,-43.40550616269595,9.896171703794934,4.276540310830801,2.986517012841708,9.747384888133675,2.8585699678644327,-36.86697475405509,11.4329468777261,-1.9,-0.4,6.984124210293624,-15.05636207602784,-2.076121004046416
1361,-31.442125712626083,15.978710521029754,-2.6950231973764947,0.07103392070365033,0.6736642044331276,0.09128169141399411,-28.148381555968662,16.00206402911357,-41.710128501770306,11.03704250009556,3.470789641377009,2.969080625922729,8.578013427893104,2.724963936946878,-36.126508324606455,12.76872626609997,-1.5,-0.4,6.238026175295633,-15.200522651473772,-4.886313003982775
1382,-29.477978931616995,15.954274552759523,-3.7470436258123243,0.05925323834927998,-0.5565775057712885,0.012403723109261078,-26.19112989541125,16.008182527393096,-39.94365113072543,12.266646670226395,2.6247070482011967,2.9537332657700865,7.343240523560252,2.5854459743496205,-33.760816123678566,13.57712805986945,-0.9,-0.5,5.766884450346218,-14.239097936123255,-6.535972180385582
1402,-27.5214706873487,16.02624496088996,-5.148583848085142,0.060860905047824265,-2.503596179204398,0.025112252259706924,-24.444800605220614,15.97436120201498,-36.452576907210016,13.155216308450637,1.8188825858429791,2.941937428877356,6.167071358368581,2.459493495867951,-31.50392627004625,14.305301404194184,-0.4,-0.7,6.189807229841665,-15.10981146759277,-6.2846129116654605
1422,-25.57067384015385,16.11883065758313,-6.5530831230463935,0.056300879192117126,-3.7324090881082905,0.043434304184103434,-22.50002025603387,16.095123171564598,-33.73115116429107,13.43125799570001,1.0136823080416357,2.9393310635316414,4.990742634700618,2.3402954126569564,-29.263061472651646,15.057255854262555,0.3,-0.7,4.810632809716261,-15.53519580850038,-6.633903183375284
1442,-23.157934789255098,15.876378784549686,-7.954209673931622,0.08124927833914886,-5.470458426751645,0.08518126778149504,-20.55725199614114,16.091421859056126,-31.079068384335468,13.698996811434341,-0.228742437898527,2.9397454845558335,3.814284511537008,2.2278528747837756,-27.0386350404887,15.838835283397994,1.0,-0.7,3.450182692702239,-17.17135153013509,-6.923102713051368
1462,-21.015991285663173,16.08137467742331,-9.707594475508701,0.12017048888353365,-7.7635766463879925,0.08575032563334917,-18.82164217139051,16.038108577507288,-28.440647509253488,14.002184675601118,-1.4941698222291355,2.946841250733634,1.9118064402769974,1.9611635841101789,-24.83105659734536,16.649779507335595,1.3,-0.7,3.1238877247782293,-19.129831237981872,-7.421429684348252
1482,-18.9469642971076,15.930923829994365,-11.659161775514487,0.0466220719004401,-9.694261113348896,0.031053941449366018,-16.755419758115536,15.90867867410814,-25.816389095720538,14.343282612779687,-2.759542684819621,2.960763983197695,-0.025580275506892347,1.7737664590655455,-22.641612182397658,17.522519552449058,2.0,-0.7,1.906630591400102,-22.317551000716445,-7.851085055065793
1502,-16.68700209668575,16.02010741142075,-13.061522431441624,0.1107947115938368,-11.2677120493887,0.049505034853902785,-15.359561678179645,15.920898384027799,-23.206789432027975,14.71829729080351,-4.02482100503529,2.9815101278261036,-1.956846623632158,1.607485811780038,-21.106872657950444,17.843871989807123,2.6,-0.7,0.8935846951902554,-24.596823505162334,-7.840334000364532
1521,-14.432722038504957,16.069820197313707,-15.219334184321031,-0.05800530831431838,-13.752565661566907,-0.07327367413356711,-13.107269643010872,15.977956817654098,-20.640166441182938,15.044868931657046,-5.226711390680483,3.0075357115651458,-3.7903068134981788,1.4699424109573533,-19.780338038855206,18.063553263506158,3.1,-0.5,-1.3015560035046918,-26.35881388646283,-6.779114286795007
1542,-12.382004210040376,16.057698911622566,-16.825954510407108,-0.093551521219426,-15.676696563171749,0.008873290265776212,-11.719942337119038,16.017013654213304,-18.338128380004676,15.058590989593071,-6.556287604363581,3.0289631090203164,-5.815212918412721,1.3410480497730026,-18.318369637214143,18.316732246997912,3.7,-0.5,-2.3079897787493255,-28.49370862123024,-5.39802968266731
1561,-10.666744119941118,16.087966754702546,-18.23075563552437,0.02082919411064421,-17.80373678891828,-0.020351367581633584,-10.336079444884849,16.06998770213214,-16.285855244297707,15.080550204755196,-7.846815920629469,3.0752757257645342,-7.645743248381242,1.2453288824988973,-16.99950510993556,18.55514674340586,4.2,-0.4,-3.810002162511844,-30.237797666736427,-4.297805866952303
1581,-8.812217098834646,15.8508033430622,-19.840479141759985,0.014956646952099528,-19.71746605896149,-0.021864026811396764,-8.812215906864902,15.850805513258583,-14.131872443264887,15.130309627044813,-9.20615725606927,3.135845058751391,-10.108511851113777,1.1093045487556852,-15.615267356813733,18.81566332688378,4.6,-0.3,-5.023749173542854,-31.70044730297873,-3.610443476139813
1601,-7.245173294511659,16.087656209142,-21.8007920629793,0.059003301814714026,-21.84020817697102,-0.006464461062130611,-7.245172122406496,16.087658401946676,-11.98458896931484,15.195962278412702,-10.564842933514978,3.2045035092839456,-12.728902950205761,0.962764037724495,-14.227819039968365,18.80813821163138,5.0,-0.2,-6.208765455286342,-32.8013039795191,-2.771640747685683
1621,-5.211642235946362,16.108263353201604,-23.061527576682366,0.052453905682744995,-23.959062502748985,-0.02216407979850621,-5.729245294893631,15.963817689663484,-9.844240342411492,15.289318108946029,-11.922823293748664,3.2812535426433587,-15.350558630535332,0.8545045071698676,-13.46843466573089,18.559955690021418,5.3,-0.1,-7.217322333213858,-33.29030080913049,-1.991753622463177
1641,-3.7010592994285716,16.05855017867891,-24.676105210038823,0.11797453085349296,-25.36986193706972,-0.03472298733636636,-4.359610239876716,16.074228481008408,-8.003263998609983,15.395633467581202,-13.280048714551572,3.363708616217098,-17.9697346965495,0.7867824540963853,-12.780575363677881,18.28582965764554,5.3,-0.1,-6.968571426060804,-32.85178230199884,-2.025952258773611
1661,-2.1886662530329613,15.915738609018417,-26.3579538654726,-0.11164005088747098,-27.483296772689624,-0.06448622596388898,-3.5048988733290267,15.939942786968544,-6.429985603939037,15.356712367565931,-14.642074857156185,3.4136186512960243,-20.586094767831632,0.7595149337207979,-12.0933135622249,18.016466437742434,5.3,-0.1,-6.904035840841982,-32.38672199771009,-2.0380994481525305
1681,-1.011160721423876,15.902662373696252,-27.622916408482023,-0.0748831452411225,-29.245145893614794,-0.01301423923336098,-2.326483555262798,15.919724787737136,-4.870916283341881,15.326985134911029,-15.23074436935029,3.424531561259214,-23.19930284652272,0.7628669725894127,-11.406657147660093,17.7594319808609,5.3,-0.1,-6.928695873264848,-31.88456865066544,-2.023412714793893
1701,0.49512032484941293,15.849235636737916,-29.24021227647894,0.0338547393245181,-31.00329904582841,0.008193722330657183,-1.476435695359879,15.864148415643806,-3.315025426091772,15.310383563240478,-15.778592484164411,3.4485384981823435,-24.759435659231,0.764772862453314,-10.720613986167333,17.516032874701867,5.3,-0.1,-6.976763018027548,-31.431941657936168,-1.9892435991491486
1721,1.5227476018478125,16.02183610188086,-30.369106664015767,-0.06698331812740599,-32.62338815837543,-0.06858275015500515,-0.4458351225605228,16.027415459460112,-1.7623998357732262,15.312704551062485,-16.326316974864557,3.488112590948944,-26.099293428734878,0.7849174514688584,-10.03576025672931,17.304176834849596,5.1,-0.2,-5.920664283228919,-30.487625749528902,-2.4865351538905096
1741,2.693921829511586,16.044605051811086,-31.638823791097032,0.03156069009742357,-34.02857168962792,-0.01619503783700793,0.07117838559766998,16.04186581115373,-0.2131259600836044,15.33388194045296,-16.873914052246946,3.5432511427481024,-27.43596536845902,0.8153194577398687,-9.218589714438147,17.16940244603128,5.0,-0.3,-5.046713334436986,-29.90078865224663,-2.7515657019026585
1761,3.86324352260678,16.078386253824835,-32.905608834824406,0.09650954847151283,-35.43250769154457,0.04676355338509297,1.2426107448539059,16.061505224110693,0.8646061724353893,15.41374525648144,-17.421379920394887,3.6139501475366265,-28.771157365879734,0.8568183772535709,-8.385659819785369,17.058909765789874,5.0,-0.4,-4.367628262975557,-29.604954008627686,-2.748595568402623
1781,4.523954470544406,15.954099495360378,-34.25388625939468,-0.08933146846926143,-36.699694091874704,-0.04561659622229208,1.7575545277143667,16.089395568453803,1.6843551875641571,15.353103215913558,-17.968245531149922,3.6986000617646733,-30.104824060402933,0.905862002301111,-7.554063384670684,16.960640772903087,4.9,-0.4,-4.1940317818502795,-29.015888781571686,-3.0402290894420982
1801,5.361668798201685,16.042858807851516,-34.82452708298781,-0.07765085560745844,-37.75205544144533,0.030640850234534,2.0886273145982184,16.004177336723462,2.4942940646583978,15.292211338973003,-18.134078564884803,3.7677122913923613,-31.436920156529354,0.9656278998569356,-6.723814964875313,16.86764179339896,4.9,-0.4,-4.241162814497379,-28.688581630575776,-3.0655622580181703
1821,5.694490378854305,15.923855654229019,-35.74609429982905,-0.010600569297886109,-39.37126173559999,0.01604983052962139,2.602500779797401,16.04189559279655,3.3035689930807353,15.239047465086433,-18.279905105046485,3.8463516740206845,-32.07147064502913,0.9927321289792124,-5.894929067319977,16.78770850451963,4.8,-0.5,-3.3481184166830187,-28.216172099632107,-3.3246457286899704
1841,6.859346919098952,15.990860390227693,-36.66639905638613,0.029897977507381546,-40.06880695238538,0.005306629886375758,2.9351198128163833,15.923457897564386,4.112168102272134,15.193601176440238,-18.425771602836814,3.930051223243386,-32.514704859833735,1.047722955162922,-5.072869311778389,16.86976537491411,4.7,-0.6,-2.468327438522419,-27.9577789523609,-3.635909741114787
1861,7.188121752441074,15.95889423960059,-37.58724883183739,0.07639242136103785,-40.988619604809706,-0.031053387704191304,3.444234712075722,16.049435711061488,4.920079542720917,15.155861537997792,-18.571677546590255,4.023965231026397,-32.953856447333315,1.1078143912188199,-4.495843575345826,16.738595464223614,4.6,-0.6,-2.29990713089466,-27.452999560155845,-3.7600773491104356
1881,7.845611006825958,15.89773891147285,-38.15819031807144,0.07417258543247762,-42.03900955936277,0.06880007944233546,3.594768385814323,15.810311841864724,5.951544137151432,15.163995071692693,-18.717622420480527,4.128757300196476,-33.392488204821824,1.1709943322291971,-3.967010448228531,16.566582013570084,4.5,-0.7,-1.3929419022524758,-26.95359422868085,-3.792551506326153
1901,7.975018031749714,15.305921006751767,-38.946979851777975,-0.03850387752382667,-42.73560655990133,0.07617720525554539,4.04232613997077,15.217594705595126,6.741241736784448,14.923333512401978,-18.85963560052159,4.204734403703128,-33.83059817239045,1.2372566237078275,-3.4376092548064063,16.396478343227827,4.3,-0.7,-0.9781224860384713,-26.16668074159713,-4.117625237487848
1921,8.200885010343107,14.00184578429807,-39.166420763758566,-0.12094272328799782,-43.304644231028725,-0.008633545911462814,4.095664073553051,14.062698595198306,7.5173898041009934,14.674619619579873,-19.703655099591266,4.290141997227201,-34.26818439376336,1.305210594682138,-2.9076436481964283,16.228286957734927,4.0,-0.7,-0.34624760439969093,-25.141934867259657,-4.677465957816026
1941,8.558269967325865,12.234243221152393,-39.519148713253074,-0.03267689328648182,-43.65382081657471,0.01748917033086994,4.268754429650828,12.442299128066908,8.294800206905679,14.430905224432273,-20.591649462433555,4.37710693805217,-34.85572960236638,1.4318276251736317,-2.3771172888658043,16.062010330048295,3.6,-0.5,-1.02234668792546,-23.733446606612016,-5.501745668514316
1962,8.407985339123014,10.308767779653907,-40.08987433696093,-0.05623535370760657,-44.00289866610027,0.04468914281709202,4.567245950800131,10.368290039767233,9.112426499545911,14.176502491225081,-21.523922372269936,4.474525382848496,-35.75080076771453,1.4357792552755488,-1.8174587220509408,15.837264007505278,3.3,-0.5,-0.31903099979335714,-22.718071095227014,-6.057232465845261
1982,9.063959973183044,8.00236944543213,-40.09175074768876,-0.023115471970550083,-44.353767245285894,0.10782780208143383,4.503809874290942,8.037061296850876,9.892386883605496,13.937433596727681,-22.411671326443503,4.573123799883935,-36.61523402636816,1.437107121905229,-0.3565666174347448,14.809492338074895,3.1,-0.5,0.18307523537129666,-21.1597358058232,-5.556000333899733
2002,9.053806220597204,5.666665974765964,-40.31000886567013,-0.13576421293858,-44.35187696345441,0.07078212671185469,4.631669654965142,5.85568487414484,11.815460100645158,13.8174858973434,-23.299279191276167,4.677403272358979,-37.479691677550136,1.4424891732681826,1.0531567265999464,13.658449454685625,2.9,-0.5,0.687875599235846,-19.483595218914225,-4.919461768784938
2022,8.722897114733035,3.6847907700158915,-41.01569307609612,0.04876915751991784,-44.35187696345441,0.07078212671185469,4.763810883138736,3.7343977537378086,12.713534536765325,12.553100808087455,-24.18449905388223,4.757325291027348,-38.34416093789769,1.4519239508278963,2.4777256697195993,12.525223133444827,2.7,-0.5,1.1796913010970052,-17.83212409621533,-4.287245857398869
2041,8.576600756773384,1.8477594652951956,-41.01569307609612,0.04876915751991784,-45.051413872613,0.16123103671117356,4.933511882384501,1.9044699582323328,13.515183254160428,11.305057940652521,-24.727234890979137,4.800162448829997,-39.165405838153255,1.4646393937369773,3.8446583038596325,11.465343200047537,2.3,-0.4,1.3420113302230612,-15.72278594593761,-4.266926245649255
2061,9.201560245967217,0.9770147146599822,-41.01569307609612,0.04876915751991784,-45.051413872613,0.16123103671117356,4.654814697701765,0.8587295856933436,14.369583301370392,10.003798819287688,-25.281162055937695,4.84487835335283,-39.83288313476466,1.4764542122792657,5.297673228052719,10.367432236459653,1.6,-0.3,2.137064573809744,-12.874995990415764,-4.899980905768583
2081,8.966377678093579,0.22867152724069528,-41.01569307609612,0.04876915751991784,-45.051413872613,0.16123103671117356,5.296497527605276,0.27796868284160614,15.234685576642788,8.715448802627645,-25.835060245599283,4.8910879637470845,-40.4310028880499,1.5038026219160727,6.761775235425816,9.359148245959709,1.2,-0.2,2.276629119918688,-10.823947527498461,-4.883510238692781
2101,9.12980238660116,0.08679139053745233,-41.01569307609612,0.04876915751991784,-45.051413872613,0.16123103671117356,4.916282922734133,-0.024120791926748875,16.11035879360953,7.440127598931659,-26.38892603200402,4.938791891608813,-41.02728326564126,1.5337961225467822,6.085980473295699,8.109738113308811,0.6,-0.1,2.8498265934205347,-8.055627967230805,-5.063523746319146
2121,8.778771771909334,0.07462490678690481,-41.01569307609612,0.04876915751991784,-45.051413872613,0.16123103671117356,4.916282922734133,-0.024120791926748875,15.090015874503843,6.059214460475692,-26.942755986621492,4.987990735352666,-41.62353439718558,1.56548902239291,5.257960891721841,6.8308174982074785,-0.1,0.2,2.195213218775638,-6.084049608738429,-2.9033328245013785
2141,8.778771771909334,0.07462490678690481,-41.14774348370709,0.21959729810945572,-44.83067610016739,0.2699180471769369,4.916282922734133,-0.024120791926748875,14.592160931258203,5.454809156468482,-27.4975366014214,5.052790269959432,-42.219752086749914,1.5982010949861791,4.421587182756315,5.563687303758599,-0.5,0.3,2.3689025597243423,-6.2800021306523846,-1.4394024044415699
2161,8.778771771909334,0.07462490678690481,-40.755764941183934,0.8989760704408711,-44.64872542253706,0.8337097710128805,4.916282922734133,-0.024120791926748875,14.137722523608371,4.894727910921034,-28.679113007962997,4.812084709980971,-42.81593213707016,1.6309415868576567,3.576959204666302,4.3084353926568095,-0.9,0.1,4.399516746244558,-4.844558383663045,-0.5032080706630776
2181,8.778771771909334,0.07462490678690481,-40.40784640410691,2.0399872867367246,-44.28355987553068,1.966666265908329,4.916282922734133,-0.024120791926748875,13.681098083678345,4.337185074103675,-29.962597522235484,4.523628433737298,-44.154022163181565,1.7996335453722008,2.7241776283674914,3.0641002426298884,-1.4,0.1,5.018247521839298,-4.585987704723821,2.072142829187329
2201,8.427720929576527,0.06298991477733662,-40.09964998226573,3.6512843190946582,-44.07786081382198,3.7407749950394975,4.213834981787762,-0.03516316124840824,13.222298760513535,3.7821905381703322,-31.249950190247983,4.244128339592438,-44.411303290196464,2.6018088743755277,1.8630679811733608,1.8354994138631149,-1.9,0.1,5.025655804702822,-3.717532576833632,5.253700950727358
2222,8.427720929576527,0.06298991477733662,-39.608626732420824,5.8626644986546905,-43.42737364215415,5.75958608000024,4.213834981787762,-0.03516316124840824,12.738231003643048,3.2021996492085507,-32.605765330525585,3.960340747710678,-44.610357348112835,3.4815235398869686,1.6069436076449062,1.563351903739005,-2.4,0.0,5.6708095028189245,-3.6542585723373517,7.471537243629117
2242,8.07665068565927,0.051886441886972445,-39.108948344140856,8.102262896246701,-42.89417527149414,7.981513573882188,3.862596369221066,-0.039886726966711916,11.781347790828262,2.633766211230515,-33.90085240058921,3.6993385527768345,-44.79585722876136,4.323197094196346,1.5378863102825657,1.4647384368834255,-2.7,0.0,5.23299204579658,-3.4097719244719773,9.100290253433203
2262,7.023331805639577,0.021765392953204676,-38.052960178745295,10.424361844846436,-41.80168352296892,10.289624612436446,3.511349097249039,-0.04407853148605256,11.45856650331209,2.6883637690732485,-35.20016638126905,3.4562061843077667,-44.977363382331795,5.168596381598681,1.4687781519603926,1.3662032502160526,-3.1,-0.1,5.7356866861182905,-3.4593518108879397,11.04175953473141
2281,6.321037357372744,0.004342734910095514,-37.29983190370545,12.348273547517039,-40.59165053948813,12.445305847086614,3.3514919949696464,0.10171813592568801,11.188323903834174,2.7718005000563206,-36.20015898253526,4.516551881444037,-45.146079315394964,5.975149296618354,1.4030783402429192,1.2726673703513103,-3.3,-0.1,6.449566239770915,-3.0169907398976266,12.398192609900146
2302,5.618685131721978,-0.010953295897050963,-35.76803903992914,14.006392324314263,-39.24615287943711,13.957797186417292,2.6494275449171765,0.09541328781960401,10.889890004347341,2.864452817566157,-37.006127364588636,5.9308548746538206,-45.12336029688846,6.824092676218044,1.3304094661372723,1.1693678950226576,-3.8,-0.2,8.837792670939523,-3.28385092261789,14.563035318261349
2322,4.916281739493905,-0.024122555496178255,-34.21840387901254,15.2037826801093,-37.675800095753,15.126152982345403,1.596289399692169,0.0899418475756586,10.605917149815875,2.9531150767813514,-37.760006021796464,7.290158778344699,-44.17885470519664,8.095230502478346,1.260870080019294,1.077137064214348,-4.2,-0.2,9.83649440493127,-2.844052376996309,16.821668585956616
2341,3.5113479008785644,-0.044080285273237485,-32.85476401406523,15.801075980263535,-36.0913087765177,15.82608041459145,0.8941792932999626,0.08895149209196818,10.336369396381995,3.037725064374899,-38.46370389917164,8.592513699897053,-43.24074764731872,9.337946985960146,0.8695234776411598,1.188653629457928,-4.4,-0.3,11.076294466064146,-2.2460767879864396,18.47050491929676
2361,3.0004618856584453,0.09829824252312325,-31.257021456365138,16.051897851596898,-34.6949127752913,15.92322323401278,-0.1589963593460475,0.09145188918878444,9.91055396044066,3.1587186032173142,-39.19119512697403,9.974860261827617,-42.25729679989962,10.659446717010093,0.4747812298411258,1.3460091254222373,-4.7,-0.3,11.831702487878584,-1.7760478422154946,20.30392266846494
2381,1.245234380764626,0.08917920207197894,-29.746704617009705,16.003458941921927,-32.441755220885575,16.062482474234336,-1.5632154548234356,0.1022260466198438,9.371149028284066,3.206631501585608,-39.90293223546881,11.327857672424225,-41.27810111604291,11.996252921672168,0.08058464256172071,1.5041981507066398,-5.0,-0.4,13.21823170073054,-1.3603374223510045,22.217972512520404
2401,0.19206126342785623,0.09008523588964479,-28.033779827995904,16.101206534783934,-30.399309746884818,16.09290114933691,-2.8116402660222084,-0.028594665983844303,8.827126452715744,3.252590658376367,-37.18417023535722,11.919605920556048,-40.30328358980681,13.343437776602073,-0.31306438755912547,1.6632191942279468,-5.2,-0.4,12.917102002152014,-0.6312899780932524,23.849680933280602
2421,-1.563216696798042,0.10222432747590549,-25.873348670315792,15.997925897913461,-28.563519175669573,16.007893260559637,-4.216608728523752,-0.0017559803082850545,8.283170638457598,3.300589756405417,-34.33094946052498,12.490156600688445,-37.076001098790194,14.327353028277145,-0.7061639681072429,1.823070739761734,-5.3,-0.5,13.40441804379755,-0.06471158197048077,24.954949061742948
2441,-3.1628962746682863,-0.022684266783618012,-24.039982307572398,15.951731239259734,-26.728321297299907,15.938613372595889,-5.6214115635970785,0.033589423921676076,7.739284763620791,3.3506292501792463,-31.495426171932962,13.098703980681275,-34.61113755292103,14.612138054121537,-1.0987244374623673,1.9840222483419185,-5.3,-0.6,14.415389308235465,0.03969937003672763,25.115996023281323
2462,-4.919035429490376,0.014851763632986459,-22.008482538566938,16.062804151183773,-24.69284374500824,16.023912343095247,-6.674873179951385,0.06568022266580098,7.168283343735732,3.405367153672012,-28.537907254810396,13.7822584172672,-32.095618749211965,14.904282990366932,-1.6507164428665455,2.1142328968045687,-5.3,-0.5,14.098477165684978,0.2895335283913253,25.187492369565646
2482,-6.323735629429783,0.05445005826691662,-20.178444749162693,16.039779588262387,-22.334784147216347,16.095576722268024,-8.629379456972785,-0.014913581475359261,7.008640810238054,3.4343807331264493,-25.74075299564643,14.475340012691948,-29.709323421660187,15.211462648931612,-2.188501982691382,2.2331939429797028,-5.1,-0.5,14.032773452944959,0.9726005406893029,24.890975893010758
2496,-6.323735629429783,0.05445005826691662,-20.178444749162693,16.039779588262387,-22.334784147216347,16.095576722268024,-8.629379456972785,-0.014913581475359261,6.924145805715015,3.438030484794546,-23.79427799209105,14.981537294425918,-28.044589881387054,15.44175871331331,-2.564638536895453,2.317267594805328,-5.0,-0.5,14.085940727569469,1.367328374242971,24.790240254487493
2515,-6.323735629429783,0.05445005826691662,-20.178444749162693,16.039779588262387,-22.334784147216347,16.095576722268024,-8.629379456972785,-0.014913581475359261,6.807379452870771,3.4413043105712555,-22.995590152414785,15.160419989746876,-25.793027690856757,15.772996071903023,-3.07469445577363,2.4324212856750433,-4.7,-0.5,13.260441151174238,2.295248845288131,24.3025824665523
2535,-6.323735629429783,0.05445005826691662,-20.178444749162693,16.039779588262387,-22.334784147216347,16.095576722268024,-8.629379456972785,-0.014913581475359261,6.684465485852053,3.4448313676363056,-22.387405423584834,15.233294496234729,-24.609157298152162,16.28592010565852,-3.611076025733434,2.5549449906529382,-4.6,-0.5,12.60123547526798,2.9189717299280273,24.45984610941654
2555,-6.323735629429783,0.05445005826691662,-20.178444749162693,16.039779588262387,-22.334784147216347,16.095576722268024,-8.629379456972785,-0.014913581475359261,6.561549486221479,3.448441432746627,-21.779767290018707,15.307957248300058,-24.46795879090763,16.25217838969177,-4.146630602981455,2.6722659837370433,-4.5,-0.5,12.491038639658239,3.004467789803747,24.0790895404354
2575,-6.323735629429783,0.05445005826691662,-20.178444749162693,16.039779588262387,-22.334784147216347,16.095576722268024,-8.629379456972785,-0.014913581475359261,6.438631490339741,3.452134514380284,-21.172681376423753,15.382884454792537,-24.370511409464,16.188229987266293,-4.569893133798547,2.6766216972418237,-4.4,-0.5,12.412749838694753,3.173081854729004,23.78017342949891
2595,-6.323735629429783,0.05445005826691662,-20.178444749162693,16.039779588262387,-22.334784147216347,16.095576722268024,-8.629379456972785,-0.014913581475359261,5.845866047339888,3.4388345276522845,-20.566153297905565,15.45786774499644,-24.273002392250664,16.124338311387376,-5.005134512478026,2.66258109304153,-4.3,-0.5,12.336183422281058,3.3602359033518407,23.499388718500548
2615,-6.323735629429783,0.05445005826691662,-20.178444749162693,16.039779588262387,-22.334784147216347,16.095576722268024,-8.629379456972785,-0.014913581475359261,5.170100175816317,3.425167691389258,-19.96093065127677,15.549476562191689,-24.17543177871323,16.06050341203813,-5.440451865903251,2.6493710680314253,-4.3,-0.5,12.506023589398355,3.314350381999398,23.44402381608579
2635,-6.323735629429783,0.05445005826691662,-20.178444749162693,16.039779588262387,-22.334784147216347,16.095576722268024,-8.629379456972785,-0.014913581475359261,4.494289570154214,3.413501291906387,-19.10682722294793,15.50816593748129,-24.07779960833667,15.996725339173206,-5.875843573228873,2.636991848219264,-4.4,-0.5,12.7648497263681,3.03551541140179,23.61402724239184
2656,-6.323735629429783,0.05445005826691662,-19.855668505529916,16.08072478758013,-22.012087912852085,16.13479689104011,-8.629379456972785,-0.014913581475359261,3.7846469138327343,3.4034046566506078,-18.21427792247604,15.445681889303383,-22.783614127482892,15.833432613697642,-6.333083115119154,2.6248880653499533,-4.5,-0.5,13.11065620882261,2.65021913937534,23.689187524069926
2676,-6.323735629429783,0.05445005826691662,-17.780265211188972,16.040328497103477,-20.1364285764197,15.93583060900916,-8.629379456972785,-0.014913581475359261,3.1087635313802875,3.3958394597040504,-17.36393167587097,15.388809783553558,-21.449362565880037,15.604801724742698,-6.768106468451773,2.602645223163655,-4.6,-0.5,13.527749935613857,2.2165183320712325,23.706129723265647
2698,-6.323735629429783,0.05445005826691662,-14.663153132814882,15.960015451084608,-16.171406378526378,15.91555297555955,-8.629379456972785,-0.014913581475359261,2.36526170548132,3.3898285530910846,-16.428229961275797,15.330252848503603,-19.989710420179772,15.355446314257254,-6.915726306887665,2.5406650866644647,-4.7,-0.6,14.664784989390126,1.7811921684469794,23.764952870727303
2718,-6.323735629429783,0.05445005826691662,-10.268730190407055,15.96616754291616,-11.25917738471588,16.021382662995258,-8.629379456972785,-0.014913581475359261,2.165678529683662,3.3398501421063322,-15.577315049132178,15.280660429593931,-18.66014451444989,15.13363808535445,-7.038805142480897,2.48067258874167,-4.8,-0.6,15.076310701695975,1.3971026073066328,23.8287769303574
2738,-6.323735629429783,0.05445005826691662,-5.544280404460284,15.968113265980286,-6.209103199682431,15.989783800044192,-8.629379456972785,-0.014913581475359261,2.080698180690926,3.3135076493055053,-14.73804965603745,15.477730932975845,-17.328148173039875,14.919099553069303,-7.161933099116974,2.4208293672914607,-4.8,-0.5,14.968429480888403,1.2715928622592103,23.653709703721965
2758,-6.323735629429783,0.05445005826691662,-2.2341203832119962,16.099755856499282,-2.2341192481843963,16.099758147508343,-8.629379456972785,-0.014913581475359261,1.997354450452904,3.289536627392481,-12.02525660586537,15.056840718158687,-15.993774518840848,14.713148523915754,-7.28511011807878,2.36113548558857,-5.0,-0.5,15.434416661614797,0.6681926891389384,23.967660594924222
2778,-6.323735629429783,0.05445005826691662,-0.5106964017940474,16.011528955933816,-0.510695275335149,16.01153114098773,-8.629379456972785,-0.014913581475359261,1.9140238646882801,3.2666418510558377,-9.28061799956595,14.597289193031827,-13.526645674534738,14.814917539805641,-7.408336140617061,2.301591006707598,-5.0,-0.5,15.323545734129654,0.6197472062777487,24.337646812412935
2796,-6.323735629429783,0.05445005826691662,-0.36413202161839076,15.935802285968512,-0.364130895061765,15.935804458686032,-8.629379456972785,-0.014913581475359261,1.8390375819962723,3.246956596979336,-6.793637339646996,14.231658475488143,-11.401558737842239,14.741039440460277,-7.51729394533554,2.2049506576917595,-5.1,-0.5,15.686609796922365,0.24002082842362882,24.761629635870836
2815,-6.323735629429783,0.05445005826691662,-0.36413202161839076,15.935802285968512,-0.364130895061765,15.935804458686032,-8.629379456972785,-0.014913581475359261,1.759896957611251,3.2271231679117247,-4.151673451546239,13.909301658169838,-9.166915354350353,14.715576346133268,-7.3981484718139425,2.1461209215001413,-5.0,-0.4,14.871577572411143,0.3491064261755966,24.72231780487684
2835,-6.323735629429783,0.05445005826691662,-0.36413202161839076,15.935802285968512,-0.364130895061765,15.935804458686032,-8.629379456972785,-0.014913581475359261,1.82290760427814,3.245622211106261,-1.3525101590063648,13.641306342565773,-6.804888400798681,14.759391418353834,-7.248189599495997,2.096693288437035,-4.8,-0.4,14.495893864233834,0.744002807741978,24.50945418928653
2856,-6.323735629429783,0.05445005826691662,0.3072850553270112,15.932151095289255,0.3072861755713807,15.932153271206506,-8.629379456972785,-0.014913581475359261,1.8839568862008549,3.2414730511398924,1.6064739366309921,13.406766633275488,-4.314307694049724,14.8664901782532,-7.090774138601957,2.046633087951666,-4.8,-0.4,14.626145437613522,0.6858606319752325,24.873982811612265
2876,-6.323735629429783,0.05445005826691662,-0.14100767542829518,14.992199161896092,-0.14100654256934964,14.9922013313932,-8.629379456972785,-0.014913581475359261,1.9405516310915527,3.2363207709586312,2.3908173902323915,13.362644228326198,-1.9326960878665311,15.047138152263953,-6.940894131394759,2.000707908093133,-5.2,-0.4,15.964737286408196,-0.32580587111862014,26.32297184275294
2896,-6.323735629429783,0.05445005826691662,0.010929857302888202,13.431329423751484,0.010931002736497275,13.431331586745879,-8.629379456972785,-0.014913581475359261,1.997146173034564,3.2311971461642526,3.089530620897285,13.378363539197455,-0.28208115147945745,14.945278512934618,-6.79105273182698,1.956491153521478,-5.6,-0.4,17.585811723008675,-1.5050774064525874,27.370644828013255
2918,-6.323735629429783,0.05445005826691662,0.05796032172455945,10.961894745253693,0.05796148906631049,10.961896896670487,-8.629379456972785,-0.014913581475359261,2.0593999305206223,3.225594254360739,3.861976386114047,13.433255593453513,0.6240764456088843,14.180660136041134,-6.627830908966292,1.939544123134032,-5.8,-0.4,19.389904221775193,-2.8792659029265035,27.24087138589845
2938,-6.323735629429783,0.05445005826691662,0.23232426884783886,8.072309447578085,0.23232546107276875,8.07231158545646,-8.629379456972785,-0.014913581475359261,2.115994034691926,3.2205308017757144,4.567687870238895,13.510054272263483,1.4233561843428333,13.471116557356819,-6.61569036854695,1.9126145615044194,-5.8,-0.5,21.251048950767267,-3.675141823848524,26.683123150853
2958,-6.323735629429783,0.05445005826691662,-0.1263217055539334,5.084731989084893,-0.12632048246252747,5.084734109583031,-8.629379456972785,-0.014913581475359261,2.1232355846684814,3.2417720206492917,5.276700176244903,13.624710164756873,2.23109473164293,12.779808885079651,-6.61410561937617,1.882754411152654,-5.5,-0.5,21.50224914052905,-3.6579470367845976,25.360978516333134
2978,-6.323735629429783,0.05445005826691662,-0.2529884395581494,2.5830088772531843,-0.25298719196806263,2.58301084365678,-8.629379456972785,-0.014913581475359261,2.0294228426718797,3.1909070775153343,6.003075125049745,13.247016996441596,3.047215282533461,12.106941603441419,-6.61252335250917,1.8532880440818023,-5.1,-0.4,20.00807118986392,-3.3316563814979467,23.768230850208642
2996,-6.323735629429783,0.05445005826691662,0.08917218363319046,0.978659151566072,0.08917344340642064,0.9786611107236304,-8.629379456972785,-0.014913581475359261,1.9405547730286243,3.1419040316397613,6.572498298719309,12.293347818290362,3.7888263538833344,11.517293895015754,-6.611101436835382,1.8271050382330372,-4.4,-0.3,16.836512244180216,-2.0980148291042946,21.433495046302735
3016,-6.323735629429783,0.05445005826691662,-0.3757705493178387,0.11116552413745207,-0.3757692774060406,0.11116747597431087,-8.629379456972785,-0.014913581475359261,1.8417514014439917,3.0877546289876516,7.106567904408529,11.121372726470764,4.10291809306837,10.615845475643287,-6.609523893465003,1.798386991519421,-3.7,-0.1,12.988616456137233,-1.077259816384804,18.68606245977031
3036,-6.323735629429783,0.05445005826691662,0.14697158219795226,-0.03352878063249409,0.14697285107931335,-0.03352682695843823,-8.629379456972785,-0.014913581475359261,1.7428838022902349,3.03391965988066,7.647346424987239,9.958825469154304,3.6876024372681506,9.17981950833395,-6.607667842513792,1.7650464420934235,-3.4,0.1,10.927257227886871,-1.6763509350152668,16.487278546568547
3055,-6.323735629429783,0.05445005826691662,0.14697158219795226,-0.03352878063249409,0.14697285107931335,-0.03352682695843823,-8.629379456972785,-0.014913581475359261,1.6489001476817922,2.9830679660682176,8.167236970435725,8.863204675439023,3.257288326104113,7.802777240873707,-6.685051174654344,1.7156183045925895,-3.1,0.1,10.270114336490249,-2.2008538865463527,14.358921359666404
3075,-6.323735629429783,0.05445005826691662,0.14697158219795226,-0.03352878063249409,0.14697285107931335,-0.03352682695843823,-8.629379456972785,-0.014913581475359261,1.4049064057952143,2.8845590538761763,8.720897787107356,7.719251267232289,2.8002689562247607,6.367793978388006,-6.774833437141137,1.66051721404957,-2.8,0.0,10.32566406873417,-2.7640043345514287,12.165695436085603
3095,-6.323735629429783,0.05445005826691662,0.14697158219795226,-0.03352878063249409,0.14697285107931335,-0.03352682695843823,-8.629379456972785,-0.014913581475359261,1.0464661922532648,2.7147658154797054,9.280448846017809,6.6073624802980016,2.3391511784661145,4.947825763540886,-6.864637512145222,1.6060448997204657,-2.3,-0.1,9.755843956297431,-2.80982416482882,9.485815447167173
3115,-6.323735629429783,0.05445005826691662,0.14697158219795226,-0.03352878063249409,0.14697285107931335,-0.03352682695843823,-8.629379456972785,-0.014913581475359261,0.6829120795859012,2.5423171666383304,8.709611994818346,6.105881081534564,1.873999315731928,3.542980663514439,-6.954463386738746,1.5522015749164924,-1.9,-0.2,10.098514358884453,-3.1001773959813406,7.083920482619021
3135,-6.323735629429783,0.05445005826691662,0.14697158219795226,-0.03352878063249409,0.14697285107931335,-0.03352682695843823,-8.629379456972785,-0.014913581475359261,0.31889019351405423,2.3708799140599868,8.176083743035466,5.721265935071774,0.43424908056202693,2.1109644042661966,-7.04431104797637,1.4984878418455998,-1.9,-0.3,11.867668271491189,-4.482945448274725,5.70962960875819
3155,-6.323735629429783,0.05445005826691662,0.14697158219795226,-0.03352878063249409,0.14697285107931335,-0.03352682695843823,-8.629379456972785,-0.014913581475359261,-0.04559791163000204,2.200455355554118,7.6406264520684495,5.33921143533321,0.5364530952711999,1.963714346602183,-7.135517253898244,1.4668218313906718,-1.7,-0.3,10.996686945932046,-4.070968042452646,5.064884448270746
3175,-6.323735629429783,0.05445005826691662,0.14697158219795226,-0.03352878063249409,0.14697285107931335,-0.03352682695843823,-8.629379456972785,-0.014913581475359261,-0.4105506787583091,2.0310447798495974,7.103250234282793,4.9597271105166625,0.7294963986163583,1.8845323802926388,-6.866966578097378,1.4489181000044842,-1.5,-0.3,10.057411563447888,-3.604720720718962,4.473077062857753
3195,-6.323735629429783,0.05445005826691662,0.14697158219795226,-0.03352878063249409,0.14697285107931335,-0.03352682695843823,-8.629379456972785,-0.014913581475359261,-0.6777754830674387,1.8773267531494997,6.563965238451402,4.582822430118857,0.9227547952115889,1.805750773941961,-6.575968549060784,1.434412666001833,-1.5,-0.4,10.471526085798752,-3.717139797722646,4.421653021917576
3215,-6.323735629429783,0.05445005826691662,0.14697158219795226,-0.03352878063249409,0.14697285107931335,-0.03352682695843823,-8.629379456972785,-0.014913581475359261,-0.7144051067408397,1.8881964172101362,6.023740330652533,4.172965426170738,1.1162279042801482,1.7273700575296536,-6.284959548627928,1.4202892723734206,-1.5,-0.4,10.141644672905056,-3.8110769280954857,4.358688623027199
3235,-6.323735629429783,0.05445005826691662,0.14697158219795226,-0.03352878063249409,0.14697285107931335,-0.03352682695843823,-8.629379456972785,-0.014913581475359261,-0.7398007991074873,1.9076985996295952,6.079885583648026,4.105006292155891,1.3099153445341738,1.6493907594527513,-5.993940052859914,1.4065478907097777,-1.5,-0.4,10.157107547311112,-3.913324563586978,4.2957504858539135
3255,-6.323735629429783,0.05445005826691662,0.14697158219795226,-0.03352878063249409,0.14697285107931335,-0.03352682695843823,-8.629379456972785,-0.014913581475359261,-0.7651902686668655,1.9272207905141892,6.221149301627538,4.097922683905186,1.250230318590062,1.516930200807065,-5.702910537834533,1.3931884918580022,-1.7,-0.3,10.227760340919712,-4.45363702229809,4.695580682680223
3275,-6.323735629429783,0.05445005826691662,0.14697158219795226,-0.03352878063249409,0.14697285107931335,-0.03352682695843823,-8.629379456972785,-0.014913581475359261,-0.7905735137684611,1.946762983005626,6.362440484217164,4.09094531685375,1.361204481711037,1.5425741110217384,-5.4126521503548295,1.3929227625918694,-1.9,-0.3,10.845506658785379,-4.961363076911141,5.254048480591495
3296,-6.477119043828833,0.20688794222809004,0.14697158219795226,-0.03352878063249409,0.14697285107931335,-0.03352682695843823,-8.582267769446178,0.2805008384786506,-0.8172192202468842,1.9673038043431235,6.510825719386659,4.083733456470062,1.489592690501057,1.5784991611741128,-6.360522925022899,1.5618896099366952,-2.0,-0.3,11.127906093433864,-5.369693839463202,5.39676064643721
3316,-6.496344621191142,1.2443780649060292,0.14697158219795226,-0.03352878063249409,0.14697285107931335,-0.03352682695843823,-8.59181158446104,1.3212426454350112,-2.0263651028537275,1.9989757287941083,6.652173017728052,4.076973977879955,1.6118181415051003,1.6128087477032815,-7.302402776364652,1.7479254033417462,-2.1,-0.3,11.412328415371736,-5.793686096994932,5.52015767619679
3338,-6.725115413998617,3.194555466187812,0.14697158219795226,-0.03352878063249409,0.14697285107931335,-0.03352682695843823,-8.802381390368902,3.273418951891954,-3.1436138609535758,2.377507317881791,6.806612855980443,4.109665973723253,1.746210818071331,1.6506565709963201,-8.336871828985043,1.9572833773748437,-2.2,-0.3,11.738319041686998,-6.238262573426079,5.624956298332068
3358,-6.463407861352799,6.064642660359457,0.14697158219795226,-0.03352878063249409,0.14697285107931335,-0.03352682695843823,-8.51389513232989,6.141012042395976,-4.136727496547782,2.741348682787387,6.610594587670771,4.136414198463556,1.8683356281071484,1.6845271987813715,-9.275825588547699,2.1518497162094086,-2.2,-0.2,11.030472303518598,-6.385697791563963,5.4555909919312
3378,-6.57975215222803,8.68343217741331,0.14697158219795226,-0.03352878063249409,0.14697285107931335,-0.03352682695843823,-8.60580168344785,8.760750072485251,-5.126480111030646,3.1101728773796773,6.396687766181214,4.163020621933105,1.7852100294209194,1.757897672995945,-10.213358577657594,2.3504468931584976,-2.3,-0.2,11.322202133248624,-6.789465997319735,5.610397010679599
3398,-6.443186121955352,10.703227033007066,0.14697158219795226,-0.03352878063249409,0.14697285107931335,-0.03352682695843823,-8.784858203780027,10.793657928814135,-6.112843024311782,3.4839551554767674,6.182728267086407,4.1900746464412775,1.6056624597863,1.7882220815469418,-11.148667712916948,2.535772561207947,-2.4,-0.3,12.364466464621263,-7.2440057187274505,5.747526644262605
3416,-6.777759423752277,11.81350616820226,0.14697158219795226,-0.03352878063249409,0.14697285107931335,-0.03352682695843823,-8.633472519276875,11.72890155646976,-6.997647879384228,3.8245777785668733,5.990119839129587,4.214768818998723,1.4412093084754107,1.8130880862265442,-11.258233794442575,3.463555381158792,-2.4,-0.3,12.37522522059313,-8.152886466996954,4.8567227531716854
3436,-6.587534170255954,11.964407019165069,0.14697158219795226,-0.03352878063249409,0.14697285107931335,-0.03352682695843823,-8.915474013146852,12.056295357930361,-7.622524969158468,4.214099561535567,5.776060787938686,4.241086870249891,1.2584824812931217,1.8409129552473118,-11.16594431438278,4.663318183404833,-2.1,-0.4,12.106932905512972,-8.550325512539397,2.90825139265434
3456,-6.5911883674828475,12.03527731128716,0.14697158219795226,-0.03352878063249409,0.14697285107931335,-0.03352682695843823,-8.44549620759738,11.948878721793802,-7.307017102926888,5.251222743741319,5.562602773803632,4.243696505245823,1.0757546007373608,1.868371690479459,-11.071980369744438,5.871015379607964,-1.9,-0.4,11.433233576499807,-9.203044533223585,1.1977923880923669
3476,-5.654136786384212,11.994505773607681,0.14697158219795226,-0.03352878063249409,0.14697285107931335,-0.03352682695843823,-7.6527982048224805,12.063176390748442,-6.947013831314408,6.329536910596054,5.71631214972193,4.270553863749916,0.8930257787505835,1.8958579503255275,-10.9763370329391,7.084729847580115,-1.6,-0.4,10.454809290933065,-9.59046094910776,-0.7920040248816929
3496,-4.778010099269703,12.128070665289133,0.14697158219795226,-0.03352878063249409,0.14697285107931335,-0.03352682695843823,-6.114572294356857,12.168281479205332,-6.588706869254002,7.415111277604303,5.892752401066042,4.30178468355899,1.1691418132845355,1.9248685605277593,-10.879009487956282,8.306435639597778,-1.4,-0.4,9.805072317390682,-10.250512661806098,-1.9675646113953422
3518,-3.3212729988506826,12.067289493280967,0.14697158219795226,-0.03352878063249409,0.14697285107931335,-0.03352682695843823,-4.329690055002583,12.090676334278545,-6.196555162559819,8.617589470618011,6.086832370663431,4.336366139695374,1.5619346382510224,1.9577720656352715,-10.778780064935628,9.822041350030883,-1.2,-0.5,9.857605748215814,-11.258231879005653,-2.5737708283964795
3538,-1.886821832695007,11.950282604728038,0.14697158219795226,-0.03352878063249409,0.14697285107931335,-0.03352682695843823,-2.563993885873778,11.960763920424638,-5.841883186061159,9.718303203587144,6.263264679496561,4.368010679818249,1.9190150986526655,1.9869643059123865,-8.02877889538034,10.308817229480946,-1.2,-0.7,11.271184998206119,-13.211013053219839,-2.2843736828668386
3558,-0.7224882456885462,12.012074574200795,0.14697158219795226,-0.03352878063249409,0.14697285107931335,-0.03352682695843823,-0.7224870751490475,12.012076894138316,-3.1239319496794704,11.099180128255878,6.439693046445011,4.399852208063826,2.276090954263177,2.016481197088499,-5.270047544371242,10.700374630587914,-1.2,-0.7,11.275839365250395,-14.520389829997468,-3.6633234497565894
3576,-0.1350553947188915,12.11054900232393,0.14697158219795226,-0.03352878063249409,0.14697285107931335,-0.03352682695843823,-0.13505422380599708,12.110551288236127,-1.900266332456435,11.115166043408662,6.598745175598664,4.418580418682802,2.5974545947217154,2.0435709165676634,-2.7928240144982075,11.094336971758379,-1.0,-0.7,10.60644828584302,-14.369688100305838,-3.7819690408186917
3596,0.015089828038022945,12.038301215648417,0.14697158219795226,-0.03352878063249409,0.14697285107931335,-0.03352682695843823,0.015090998992411953,12.038303497753104,-0.6395157112185912,11.086917341853617,6.914713979896153,4.461595255364576,2.954519392930149,2.0742533822918214,-0.04703150911658516,11.565544969996996,-0.7,-0.9,11.032972534638224,-15.528655213262423,-2.515715018319653
3615,0.015089828038022945,12.038301215648417,0.14697158219795226,-0.03352878063249409,0.14697285107931335,-0.03352682695843823,0.015090998992411953,12.038303497753104,0.5630440571114392,11.113841672226316,7.224946814885891,4.506640161238085,3.1550504592917084,1.9388992422380014,2.5545623407606524,12.055824282735841,-0.4,-1.0,10.92385894059128,-16.243716864048213,-2.123424576860919
3635,0.015089828038022945,12.038301215648417,0.14697158219795226,-0.03352878063249409,0.14697285107931335,-0.03352682695843823,0.015090998992411953,12.038303497753104,1.8339408575844818,11.195999102659462,7.551426138804468,4.554526943300871,3.4281981824740293,1.8541104554290755,5.280293825155047,12.749821578796713,0.0,-1.1,10.440228997217153,-16.970458694421986,-1.7213558755549
3656,-0.17428673833644326,11.885225088028099,0.14697158219795226,-0.03352878063249409,0.14697285107931335,-0.03352682695843823,-0.17428556408294327,11.885227368376675,3.1738860662294535,11.325259476583845,7.894138684686331,4.605327886710212,3.7197913209400246,1.7695108152513543,6.068569629254977,12.85908852556919,0.2,-1.2,10.623314694344312,-17.950020730781528,-1.1692251854346636
3676,0.09452746280633195,11.268549511422545,0.14697158219795226,-0.03352878063249409,0.14697285107931335,-0.03352682695843823,0.09452864035630615,11.268551790009559,3.860242870975389,11.293152213163529,8.22044446558684,4.6542046207306145,3.9973142192506472,1.6912514434548054,6.638679704844385,12.87934045553868,0.5,-1.2,9.765277524534572,-18.054472205657078,-1.1577360929152651
3696,-0.051739925291310884,10.045094065022353,0.14697158219795226,-0.03352878063249409,0.14697285107931335,-0.03352682695843823,-0.05173873458283462,10.045096336509769,3.9235930161286015,10.83165260401768,8.54699231984457,4.691244126246636,4.27465624188722,1.6152466038489854,7.210982417790445,12.93032994728431,0.8,-1.2,8.902249974612891,-17.684176670495834,-0.7524929016210907
3716,0.07646189648957691,8.223861563794745,0.14697158219795226,-0.03352878063249409,0.14697285107931335,-0.03352682695843823,0.07646310358436215,8.223863826286856,3.960505682251869,10.37236585216117,8.734628216106127,4.701074973582283,4.5518168666311425,1.5414954780234302,7.7854667293222874,13.01761719195417,1.0,-1.2,8.33901961535398,-17.27288424964972,-0.3722315484471356
3738,-0.018730135165290207,5.9753600731077965,0.14697158219795226,-0.03352878063249409,0.14697285107931335,-0.03352682695843823,-0.018728905247067384,5.975362322782493,4.00212228431529,9.881623995232665,8.929326423565282,4.707619939581992,4.683320320690187,1.5859130264899712,8.419906043498738,13.155714155135334,1.3,-1.2,7.329894379985255,-16.721123469036176,0.13490282448810897
3758,-0.11046075068935068,3.756874413465061,0.14697158219795226,-0.03352878063249409,0.14697285107931335,-0.03352682695843823,-0.11045949808691224,3.75687665006208,4.040869029618921,9.462782152966934,9.106319352430809,4.713712458124575,4.626013021074904,1.5147134524948203,9.011941935477246,12.868700202749814,1.4,-1.2,7.08952822953507,-16.336728482544597,0.4325909290857771
3776,0.03293136491097637,1.997538397078849,0.14697158219795226,-0.03352878063249409,0.14697285107931335,-0.03352682695843823,0.032932633629773056,1.997540486538274,4.076479303208508,9.10825100938438,9.265608468408598,4.719311797734271,4.567199147686357,1.4451839175812498,8.919824610988336,11.684106772301432,1.3,-1.2,7.495564914181754,-16.006890402652214,0.6789588440422045
3796,0.05421540734459884,0.688785587469945,0.14697158219795226,-0.03352878063249409,0.14697285107931335,-0.03352682695843823,0.05421668890376319,0.6887876692443645,4.2364147946665485,8.288737202909749,9.442591257212724,4.725662252741153,4.501824792661951,1.368022395158028,8.621627896861966,10.186873423383147,1.0,-1.0,7.149094987200303,-13.883305248887742,0.04180834835375291
3816,0.3443756953148136,0.11077146630197876,0.14697158219795226,-0.03352878063249409,0.14697285107931335,-0.03352682695843823,0.34437698007666606,0.11077354614287549,4.136968982346195,7.223877203381454,9.620218288501626,4.707748385337523,4.436423499990017,1.2909593690370869,8.32049468280996,8.702983728028816,0.6,-0.8,7.108809776823627,-11.505358362648918,-0.3597783549270095
3836,0.14697157298579344,-0.033528843097291317,0.14697158219795226,-0.03352878063249409,0.14697285107931335,-0.03352682695843823,0.14697286094741968,-0.03352676519488562,4.02265421790432,6.154439507155204,9.306557499888319,4.545669349387326,4.3709952871545665,1.213994899158466,8.016463114173506,7.2325361647895825,0.1,-0.5,6.533797470184622,-8.420728039090012,-1.4597698943250026
3855,0.14697157298579344,-0.033528843097291317,0.14697158219795226,-0.03352878063249409,0.14697285107931335,-0.03352682695843823,0.14697286094741968,-0.03352676519488562,3.913930833739837,5.145400621952373,8.965198496787757,4.370332748568073,3.923866383085617,1.1479061407619617,7.724983547387653,5.848150645357417,-0.5,-0.4,7.658483356458176,-6.792895643414814,-1.2015940697457235
3875,0.14697157298579344,-0.033528843097291317,0.14697158219795226,-0.03352878063249409,0.14697285107931335,-0.03352682695843823,0.14697286094741968,-0.03352676519488562,3.799357821575394,4.090581877336658,8.605423982357724,4.18650274743107,3.34785453164943,1.0572157058712228,7.414522981337823,4.433245712737413,-1.0,-0.2,7.76682083535124,-6.458366615558791,-0.2746279761901421
3895,0.14697157298579344,-0.033528843097291317,0.14697158219795226,-0.03352878063249409,0.14697285107931335,-0.03352682695843823,0.14697286094741968,-0.03352676519488562,3.6846578537424737,3.0433150813058973,8.245190137429887,4.00342766412419,2.769932936133368,0.9668457177203493,6.624072325097929,3.7279187160112053,-1.1,-0.2,7.993722563304425,-6.155816767104624,0.6508184529663424
3915,0.14697157298579344,-0.033528843097291317,0.14697158219795226,-0.03352878063249409,0.14697285107931335,-0.03352682695843823,0.14697286094741968,-0.03352676519488562,2.3988491780362886,1.9554171028266232,7.884498425592302,3.8211087491648312,2.1916385496098254,0.877962170753463,5.915553666659856,3.1549335418308013,-1.4,-0.2,8.862838584745528,-6.6014567875037065,2.0620617319982992
3935,0.14697157298579344,-0.033528843097291317,0.14697158219795226,-0.03352878063249409,0.14697285107931335,-0.03352682695843823,0.14697286094741968,-0.03352676519488562,2.2365853231970103,1.8778092296437703,7.522700545528616,3.663627405011999,1.6129751777160806,0.7894919266712985,5.2032826998450465,2.5873456567756663,-1.7,-0.1,9.057702536242203,-7.056571858728364,3.466870139995998
3955,0.14697157298579344,-0.033528843097291317,0.14697158219795226,-0.03352878063249409,0.14697285107931335,-0.03352682695843823,0.14697286094741968,-0.03352676519488562,2.144629155693245,1.8531736074006573,7.234786138608257,3.57303244028305,1.033946630541016,0.700613640528161,4.487288249936633,2.0251843490986103,-1.9,0.0,8.996025101016825,-7.210744483297685,4.562281642645299
3975,0.14697157298579344,-0.033528843097291317,0.14697158219795226,-0.03352878063249409,0.14697285107931335,-0.03352682695843823,0.14697286094741968,-0.03352676519488562,2.052653960607026,1.8285780998802266,6.988166801751322,3.516177226891959,0.9147857625919076,0.6143959212887296,3.767599284186102,1.4684786418179967,-2.1,0.0,9.6708839045377,-7.368334064200399,5.661876054515097
3995,0.14697157298579344,-0.033528843097291317,0.14697158219795226,-0.03352878063249409,0.14697285107931335,-0.03352682695843823,0.14697286094741968,-0.03352676519488562,1.9606597566843853,1.8040227182430368,6.741433346164532,3.4596006535996953,0.9699717747200243,0.5978690605356052,3.0464393019476455,0.8434986688725665,-2.2,0.0,9.952368641510112,-7.0686709085904935,6.579478562626876
4015,0.14697157298579344,-0.033528843097291317,0.14697158219795226,-0.03352878063249409,0.14697285107931335,-0.03352682695843823,0.14697286094741968,-0.03352676519488562,1.8686465626772675,1.7795074736411676,6.494586102171795,3.4033028971913737,1.0300610673304456,0.5850229263227869,3.1460925436084253,0.7864364862722184,-2.2,0.0,9.90686250092669,-7.02245588868243,6.621642216155673
4035,0.14697157298579344,-0.033528843097291317,0.14697158219795226,-0.03352878063249409,0.14697285107931335,-0.03352682695843823,0.14697286094741968,-0.03352676519488562,1.91716639284098,1.755438279733443,6.247625400353951,3.3472841340464745,1.0901502117118267,0.5722077661758085,3.383632615916871,0.8315790993517619,-2.2,-0.1,10.565171816935809,-7.080720744976954,6.5639078283131616
4055,0.14697157298579344,-0.033528843097291317,0.14697158219795226,-0.03352878063249409,0.14697285107931335,-0.03352682695843823,0.14697286094741968,-0.03352676519488562,1.990243205533898,1.7312743715287988,6.000838309727586,3.2809262203040146,1.150239203883241,0.5594235808438486,3.6210824874241263,0.8769759694271795,-2.1,-0.1,10.184155147077087,-6.828233470850736,6.19464911827941
4075,0.14697157298579344,-0.033528843097291317,0.14697158219795226,-0.03352878063249409,0.14697285107931335,-0.03352682695843823,0.14697286094741968,-0.03352676519488562,2.0633221283474223,1.707127011890977,6.144156704702003,3.300751711304728,1.2103280398638727,0.5466703710679116,3.8584418748809357,0.9226269621059741,-2.0,-0.1,9.890066449043209,-6.576159255852366,5.825344571426305
4095,0.14697157298579344,-0.033528843097291317,0.14697158219795226,-0.03352878063249409,0.14697285107931335,-0.03352682695843823,0.14697286094741968,-0.03352676519488562,2.1364168053273627,1.6830064277330998,6.3208878111286895,3.3354874074360827,1.3994194188343412,0.5594287239241158,4.0957104952256405,0.9685319426698119,-1.9,-0.1,9.588853799197564,-6.302063338135294,5.4845612573544
4112,0.14697157298579344,-0.033528843097291317,0.14697158219795226,-0.03352878063249409,0.14697285107931335,-0.03352682695843823,0.14697286094741968,-0.03352676519488562,2.1985596593295242,1.6625249894899607,6.471055233374878,3.365137189705658,1.5795716260371961,0.571636123980368,4.297317245582466,1.0077507732640516,-1.8,-0.1,9.283744766682881,-6.021990618782683,5.149542651310887
4132,0.14697157298579344,-0.033528843097291317,0.14697158219795226,-0.03352878063249409,0.14697285107931335,-0.03352682695843823,0.14697286094741968,-0.03352676519488562,2.271683452769624,1.6384539613896325,6.6476591246625585,3.400165615046788,1.791514190400495,0.586191639637551,4.381557507186495,1.0519991393247303,-1.7,-0.1,8.981819660931507,-5.743314100235112,4.811611909037519
4152,0.14697157298579344,-0.033528843097291317,0.14697158219795226,-0.03352878063249409,0.14697285107931335,-0.03352682695843823,0.14697286094741968,-0.03352676519488562,2.3448229692905054,1.6144097319171768,6.824194067106715,3.435352155318899,2.0034552819327978,0.6009932996478007,4.415009290966138,1.0776595456587073,-1.5,-0.1,8.356528753153361,-5.1318953068853475,4.182225849673121
4172,0.14697157298579344,-0.033528843097291317,0.14697158219795226,-0.03352878063249409,0.14697285107931335,-0.03352682695843823,0.14697286094741968,-0.03352676519488562,2.4017921818681174,1.6110431813109032,7.000659931757553,3.470696728154282,2.215394725895825,0.6150499119126768,4.44720235735388,1.1023677941662813,-1.4,-0.1,8.05433760133109,-4.8311718105687875,3.863535699196924
4192,0.14697157298579344,-0.033528843097291317,0.14697158219795226,-0.03352878063249409,0.14697285107931335,-0.03352682695843823,0.14697286094741968,-0.03352676519488562,2.461356418817978,1.6113645822756484,7.075900014058057,3.488832828001956,2.4273323475538233,0.6292795479074798,4.4793890342273714,1.127084273113213,-1.4,-0.1,8.056233264669546,-4.842494240605497,3.8542108294840753
4212,0.14697157298579344,-0.033528843097291317,0.14697158219795226,-0.03352878063249409,0.14697285107931335,-0.03352682695843823,0.14697286094741968,-0.03352676519488562,2.5209205027623693,1.6117012125376058,7.079485197094781,3.4632326517887586,2.639588435006057,0.6324796680310663,4.511569319482545,1.1518089808838783,-1.3,-0.1,7.702925771235478,-4.553078739625308,3.5226423154234854
4232,0.14697157298579344,-0.033528843097291317,0.14697158219795226,-0.03352878063249409,0.14697285107931335,-0.03352682695843823,0.14697286094741968,-0.03352676519488562,2.58048442980785,1.6120530720745845,7.080241642046903,3.4349919322290976,2.4232949216826114,0.631240680175213,4.543743211016304,1.1765419158622086,-1.3,-0.1,7.673949436665356,-4.579452155153763,3.4970133192605695
4252,0.14697157298579344,-0.033528843097291317,0.14697158219795226,-0.03352878063249409,0.14697285107931335,-0.03352682695843823,0.14697286094741968,-0.03352676519488562,2.6400481960611732,1.6124201608637283,7.0809977364208745,3.406531381354952,2.184440905141943,0.630105202731962,4.525414481900247,1.200560124590161,-1.4,-0.1,7.9659879200568575,-4.915869516076518,3.7818260719316847
4272,0.14697157298579344,-0.033528843097291317,0.14697158219795226,-0.03352878063249409,0.14697285107931335,-0.03352682695843823,0.14697286094741968,-0.03352676519488562,2.6992922983639644,1.6243516464810037,7.08175348001891,3.378133460598648,1.945584733296396,0.6288841143624047,4.437045786883031,1.177469922501964,-1.4,-0.1,7.936680134106741,-4.893929271269027,3.8031020779343008
4292,0.14697157298579344,-0.033528843097291317,0.14697158219795226,-0.03352878063249409,0.14697285107931335,-0.03352682695843823,0.14697286094741968,-0.03352676519488562,2.5887235423511235,1.637257949407625,7.082508872643251,3.349798177385066,1.7067266559469552,0.6271631084553003,4.345440692331614,1.1519457243623492,-1.5,-0.1,8.229332828251264,-5.1817806337830365,4.137202347392163
4312,0.14697157298579344,-0.033528843097291317,0.14697158219795226,-0.03352878063249409,0.14697285107931335,-0.03352682695843823,0.14697286094741968,-0.03352676519488562,2.469219526693184,1.6501820045564526,7.082546633057879,3.3483830575928297,1.4678669228962715,0.6256863715456001,4.253816158333867,1.1264614108451032,-1.6,-0.1,8.551104311550956,-5.469769524302601,4.471479938718673
4332,0.14697157298579344,-0.033528843097291317,0.14697158219795226,-0.03352878063249409,0.14697285107931335,-0.03352682695843823,0.14697286094741968,-0.03352676519488562,2.3497148085492303,1.6631824809639344,7.0523158647372854,3.324449905553889,1.2290057839488278,0.6244539051777076,4.162172203507453,1.1010169933019927,-1.7,-0.1,8.85069152063732,-5.758073500709157,4.805933665527077
4352,0.14697157298579344,-0.033528843097291317,0.14697158219795226,-0.03352878063249409,0.14697285107931335,-0.03352682695843823,0.14697286094741968,-0.03352676519488562,2.230209419305129,1.676259377914241,7.020487658203484,3.2992650487199127,1.2170626945776364,0.6243986939852286,4.070508846476168,1.0756124830759162,-1.9,-0.1,9.469293168739124,-6.353116854261084,5.451293281861752
4372,0.14697157298579344,-0.033528843097291317,0.14697158219795226,-0.03352878063249409,0.14697285107931335,-0.03352682695843823,0.14697286094741968,-0.03352676519488562,2.1107033903475516,1.6894126946505188,6.988652945875723,3.2740883317466665,1.2170626945776364,0.6243986939852286,3.978826105870109,1.050247891500669,-1.9,-0.1,9.44405664492995,-6.3275313819346755,5.4764749878617875
4392,0.14697157298579344,-0.033528843097291317,0.14697158219795226,-0.03352878063249409,0.14697285107931335,-0.03352682695843823,0.14697286094741968,-0.03352676519488562,1.9915167045022608,1.6910135074554162,6.956811729834894,3.24891975627975,1.2170626945776364,0.6243986939852286,3.9177666426933877,1.0483195553515623,-2.0,-0.1,9.740677535400351,-6.635142069084068,5.788351388527721
4412,0.14697157298579344,-0.033528843097291317,0.14697158219795226,-0.03352878063249409,0.14697285107931335,-0.03352682695843823,0.14697286094741968,-0.03352676519488562,1.9855601798777767,1.6909925971728272,6.924964012162277,3.2237593239643756,1.2170626945776364,0.6243986939852286,3.8583192247785836,1.0476384196349553,-1.9,-0.1,9.393607961841244,-6.324645357406414,5.47887265810254
4432,0.14697157298579344,-0.033528843097291317,0.14697158219795226,-0.03352878063249409,0.14697285107931335,-0.03352682695843823,0.14697286094741968,-0.03352676519488562,1.9855601798777767,1.6909925971728272,6.8931097949394555,3.198607036445006,1.2170626945776364,0.6243986939852286,3.798871563065631,1.0469724804072766,-1.9,-0.1,9.368395805859201,-6.323843262419443,5.479434702835684
4452,0.14697157298579344,-0.033528843097291317,0.14697158219795226,-0.03352878063249409,0.14697285107931335,-0.03352682695843823,0.14697286094741968,-0.03352676519488562,1.9855601798777767,1.6909925971728272,6.921778882885393,3.221243728669429,1.2170626945776364,0.6243986939852286,3.7394236614401724,1.0463217377119776,-1.9,-0.1,9.391086380624191,-6.323056365354129,5.479981573202106
4472,0.14697157298579344,-0.033528843097291317,0.14697158219795226,-0.03352878063249409,0.14697285107931335,-0.03352682695843823,0.14697286094741968,-0.03352676519488562,1.9855601798777767,1.6909925971728272,6.953627250606748,3.246403346579274,1.3872514332253505,0.6252431053936913,3.6799755237880705,1.0456861915915798,-1.8,-0.1,9.093287990230515,-6.0114477141936655,5.171079241662254
4492,0.14697157298579344,-0.033528843097291317,0.14697158219795226,-0.03352878063249409,0.14697285107931335,-0.03352682695843823,0.14697286094741968,-0.03352676519488562,1.9855601798777767,1.6909925971728272,6.985469116904397,3.2715711078050296,1.566396747386678,0.6262659268836401,3.671058283023193,1.0455921703806799,-1.7,-0.1,8.795503813455646,-5.699472993384649,4.861870178331437
4512,0.14697157298579344,-0.033528843097291317,0.14697158219795226,-0.03352878063249409,0.14697285107931335,-0.03352682695843823,0.14697286094741968,-0.03352676519488562,1.9858800669278753,1.679375071881234,7.017304479697145,3.2967470107016923,1.7455412127683756,0.627426150217672,3.671058283023193,1.0455921703806799,-1.7,-0.1,8.82006740515985,-5.698798462917612,4.86280681512595
4532,0.14697157298579344,-0.033528843097291317,0.14697158219795226,-0.03352878063249409,0.14697285107931335,-0.03352682695843823,0.14697286094741968,-0.03352676519488562,2.0428432569637165,1.6659266602701561,7.049133336903934,3.3219310536236613,1.9246847239845766,0.6287237747130969,3.671058283023193,1.0455921703806799,-1.6,-0.1,8.522412402174288,-5.3855482153204735,4.55377085360685
4552,0.14697157298579344,-0.033528843097291317,0.14697158219795226,-0.03352878063249409,0.14697285107931335,-0.03352682695843823,0.14697286094741968,-0.03352676519488562,2.10278449565085,1.6525195092824823,7.081314368013292,3.3336874075901024,2.103827175649636,0.6297771106139327,3.671058283023193,1.0455921703806799,-1.5,-0.1,8.210000472519463,-5.072138627720976,4.244852909406294
4572,0.14697157298579344,-0.033528843097291317,0.14697158219795226,-0.03352878063249409,0.14697285107931335,-0.03352682695843823,0.14697286094741968,-0.03352676519488562,2.1627255162328387,1.6391432246162934,7.083282785631945,3.32081952586831,2.2829684623787427,0.6305439890855052,3.671058283023193,1.0455921703806799,-1.5,-0.1,8.194817828081346,-5.071046591954703,4.2459132031437
4592,0.14697157298579344,-0.033528843097291317,0.14697158219795226,-0.03352878063249409,0.14697285107931335,-0.03352682695843823,0.14697286094741968,-0.03352676519488562,2.222666314738192,1.6257978071631958,7.083660170215056,3.3067074840828212,2.1784695260732567,0.6300799454479616,3.671058283023193,1.0455921703806799,-1.5,-0.1,8.180133445060536,-5.071700297240731,4.245395912749278
4612,0.14697157298579344,-0.033528843097291317,0.14697158219795226,-0.03352878063249409,0.14697285107931335,-0.03352682695843823,0.14697286094741968,-0.03352676519488562,2.2826068871954486,1.6124832578068293,7.084037466930121,3.292611106351942,2.059041667829553,0.6296068596912813,3.671058283023193,1.0455921703806799,-1.4,-0.3,9.254045174462892,-4.76528234683088,3.9362832497156495
4632,0.14697157298579344,-0.033528843097291317,0.14697158219795226,-0.03352878063249409,0.14697285107931335,-0.03352682695843823,0.14697286094741968,-0.03352676519488562,2.342227795806062,1.6107370096642426,7.084414675752548,3.278530393596962,1.939613303545834,0.6288381122002557,3.671058283023193,1.0455921703806799,-1.4,-0.4,9.945192441368892,-4.769198801272189,3.9370378736909433
4652,0.14697157298579344,-0.033528843097291317,0.14697158219795226,-0.03352878063249409,0.14697285107931335,-0.03352682695843823,0.14697286094741968,-0.03352676519488562,2.3452060185905066,1.61075195654993,7.084791796657691,3.2644653467384237,1.8201844644472887,0.6279501290748779,3.671058283023193,1.0455921703806799,-1.4,-0.4,9.931204591992953,-4.770393721044624,3.9369297833092287
4672,0.14697157298579344,-0.033528843097291317,0.14697158219795226,-0.03352878063249409,0.14697285107931335,-0.03352682695843823,0.14697286094741968,-0.03352676519488562,2.3452060185905066,1.61075195654993,7.084810650394652,3.2637625056418376,1.7007551817593836,0.6271232129972382,3.671058283023193,1.0455921703806799,-1.4,-0.4,9.931579763005919,-4.771527621670185,3.936882754569007
4692,0.14697157298579344,-0.033528843097291317,0.14697158219795226,-0.03352878063249409,0.14697285107931335,-0.03352682695843823,0.14697286094741968,-0.03352676519488562,2.3452060185905066,1.61075195654993,7.084810650394652,3.2637625056418376,1.5813254867073356,0.6263573641831638,3.671058283023193,1.0455921703806799,-1.5,-0.4,10.254137243878302,-5.085058243287782,4.247021182158611
4712,0.14697157298579344,-0.033528843097291317,0.14697158219795226,-0.03352878063249409,0.14697285107931335,-0.03352682695843823,0.14697286094741968,-0.03352676519488562,2.3452060185905066,1.61075195654993,7.084810650394652,3.2637625056418376,1.5753539916902592,0.6263206747618988,3.671058283023193,1.0455921703806799,-1.5,-0.4,10.254189192417634,-5.0851101918271135,4.247023394665233
4732,0.14697157298579344,-0.033528843097291317,0.14697158219795226,-0.03352878063249409,0.14697285107931335,-0.03352682695843823,0.14697286094741968,-0.03352676519488562,2.3452060185905066,1.61075195654993,7.084810650394652,3.2637625056418376,1.5753539916902592,0.6263206747618988,3.671058283023193,1.0455921703806799,-1.5,-0.4,10.254189192417634,-5.0851101918271135,4.247023394665233
4752,0.14697157298579344,-0.033528843097291317,0.14697158219795226,-0.03352878063249409,0.14697285107931335,-0.03352682695843823,0.14697286094741968,-0.03352676519488562,2.3452060185905066,1.61075195654993,7.084810650394652,3.2637625056418376,1.5753539916902592,0.6263206747618988,3.671058283023193,1.0455921703806799,-1.5,-0.4,10.254189192417634,-5.0851101918271135,4.247023394665233
4772,0.14697157298579344,-0.033528843097291317,0.14697158219795226,-0.03352878063249409,0.14697285107931335,-0.03352682695843823,0.14697286094741968,-0.03352676519488562,2.3452060185905066,1.61075195654993,7.084810650394652,3.2637625056418376,1.5753539916902592,0.6263206747618988,3.671058283023193,1.0455921703806799,-1.7,-0.3,10.191164275365358,-5.706483683743824,4.865474275120921
4792,0.14697157298579344,-0.033528843097291317,0.14697158219795226,-0.03352878063249409,0.14697285107931335,-0.03352682695843823,0.14697286094741968,-0.03352676519488562,2.3452060185905066,1.61075195654993,7.084810650394652,3.2637625056418376,1.5753539916902592,0.6263206747618988,3.671058283023193,1.0455921703806799,-1.8,-0.1,9.100644206116046,-6.010351405508915,5.172003555318189
4812,0.14697157298579344,-0.033528843097291317,0.14697158219795226,-0.03352878063249409,0.14697285107931335,-0.03352682695843823,0.14697286094741968,-0.03352676519488562,2.3452060185905066,1.61075195654993,7.084810650394652,3.2637625056418376,1.5753539916902592,0.6263206747618988,3.671058283023193,1.0455921703806799,-1.7,-0.1,8.779223194784816,-5.699442527086984,4.861913747530533
4832,0.14697157298579344,-0.033528843097291317,0.14697158219795226,-0.03352878063249409,0.14697285107931335,-0.03352682695843823,0.14697286094741968,-0.03352676519488562,2.3452060185905066,1.61075195654993,7.084810650394652,3.2637625056418376,1.6320831554871573,0.6266753882596954,3.671058283023193,1.0455921703806799,-1.7,-0.1,8.779022272120935,-5.6992416044231025,4.862197661141806
4852,0.14697157298579344,-0.033528843097291317,0.14697158219795226,-0.03352878063249409,0.14697285107931335,-0.03352682695843823,0.14697286094741968,-0.03352676519488562,2.3452060185905066,1.61075195654993,7.084810650394652,3.2637625056418376,1.6917979685461548,0.6270636560629234,3.671058283023193,1.0455921703806799,-1.7,-0.1,8.778795903375922,-5.69901523567809,4.862511399794086
4872,0.14697157298579344,-0.033528843097291317,0.14697158219795226,-0.03352878063249409,0.14697285107931335,-0.03352682695843823,0.14697286094741968,-0.03352676519488562,2.3452060185905066,1.61075195654993,7.084810650394652,3.2637625056418376,1.7515126790997315,0.6274671906862372,3.671058283023193,1.0455921703806799,-1.7,-0.1,8.77855428212844,-5.698773614430608,4.862840402240859
4892,0.14697157298579344,-0.033528843097291317,0.14697158219795226,-0.03352878063249409,0.14697285107931335,-0.03352682695843823,0.14697286094741968,-0.03352676519488562,2.3452060185905066,1.61075195654993,7.084810650394652,3.2637625056418376,1.8112272832446485,0.6278859921031027,3.671058283023193,1.0455921703806799,-1.6,-0.1,8.456848091121932,-5.386080087888878,4.553076435016915
4912,0.14697157298579344,-0.033528843097291317,0.14697158219795226,-0.03352878063249409,0.14697285107931335,-0.03352682695843823,0.14697286094741968,-0.03352676519488562,2.3452060185905066,1.61075195654993,7.084810650394652,3.2637625056418376,1.8709417770775005,0.6283200602862915,3.671058283023193,1.0455921703806799,-1.6,-0.1,8.456575022252943,-5.3858070190198895,4.553435049574825
4932,0.14697157298579344,-0.033528843097291317,0.14697158219795226,-0.03352878063249409,0.14697285107931335,-0.03352682695843823,0.14697286094741968,-0.03352676519488562,2.3452060185905066,1.61075195654993,7.084810650394652,3.2637625056418376,1.9306561566954372,0.628769395207715,3.671058283023193,1.0455921703806799,-1.6,-0.1,8.456286699913898,-5.385518696680844,4.553808928377548
4952,0.14697157298579344,-0.033528843097291317,0.14697158219795226,-0.03352878063249409,0.14697285107931335,-0.03352682695843823,0.14697286094741968,-0.03352676519488562,2.3452060185905066,1.61075195654993,7.084810650394652,3.2637625056418376,1.9336418726081939,0.6287922627050552,3.671058283023193,1.0455921703806799,-1.6,-0.2,9.161633147108258,-5.388409380058149,4.55499180080618
4972,0.14697157298579344,-0.033528843097291317,0.14697158219795226,-0.03352878063249409,0.14697285107931335,-0.03352682695843823,0.14697286094741968,-0.03352676519488562,2.3452060185905066,1.61075195654993,7.084810650394652,3.2637625056418376,1.9336418726081939,0.6287922627050552,3.671058283023193,1.0455921703806799,-1.5,-0.3,9.545495558634181,-5.0788472904716855,4.246021504453607
4992,0.14697157298579344,-0.033528843097291317,0.14697158219795226,-0.03352878063249409,0.14697285107931335,-0.03352682695843823,0.14697286094741968,-0.03352676519488562,2.3452060185905066,1.61075195654993,7.084810650394652,3.2637625056418376,1.9336418726081939,0.6287922627050552,3.671058283023193,1.0455921703806799,-1.5,-0.3,9.545495558634181,-5.0788472904716855,4.246021504453607
5012,0.14697157298579344,-0.033528843097291317,0.14697158219795226,-0.03352878063249409,0.14697285107931335,-0.03352682695843823,0.14697286094741968,-0.03352676519488562,,,,,,,,,,,,,
5032,0.14697157298579344,-0.033528843097291317,0.14697158219795226,-0.03352878063249409,0.14697285107931335,-0.03352682695843823,0.14697286094741968,-0.03352676519488562,,,,,,,,,,,,,
5052,0.14697157298579344,-0.033528843097291317,0.14697158219795226,-0.03352878063249409,0.14697285107931335,-0.03352682695843823,0.14697286094741968,-0.03352676519488562,,,,,,,,,,,,,
5072,0.14697157298579344,-0.033528843097291317,0.14697158219795226,-0.03352878063249409,0.14697285107931335,-0.03352682695843823,0.14697286094741968,-0.03352676519488562,,,,,,,,,,,,,
5092,0.14697157298579344,-0.033528843097291317,0.14697158219795226,-0.03352878063249409,0.14697285107931335,-0.03352682695843823,0.14697286094741968,-0.03352676519488562,,,,,,,,,,,,,
