begin,end,command,joint,status,raw,speed_raw,load_raw,current_raw,voltage_mv,temperature_c,hardware_error,servo_id,joint_name,time_ms,target_deg,actual_deg,error_deg,sim_actual_deg,sim_minus_hardware_deg
62,64,3,0,0,1931,0,24,0,11700,34,0,1,FL-J1,63.0,-0.0,0.17578125,0.17578125,0.07067017776645784,-0.10511107223354216
182,184,9,0,0,1931,0,24,0,11700,34,0,1,FL-J1,183.0,-0.0,0.17578125,0.17578125,0.3589558213637019,0.1831745713637019
301,303,15,0,0,1934,0,48,1,11700,34,0,1,FL-J1,302.0,-0.0,0.439453125,0.439453125,0.9365125167509079,0.49705939175090785
421,423,21,0,0,1937,50,76,3,11700,34,0,1,FL-J1,422.0,-0.0,0.703125,0.703125,1.1163735322866952,0.4132485322866952
541,543,27,0,0,1937,-50,72,3,11700,34,0,1,FL-J1,542.0,-0.0,0.703125,0.703125,1.0972521152076422,0.3941271152076422
662,664,33,0,0,1932,-50,28,0,11600,34,0,1,FL-J1,663.0,-0.0,0.263671875,0.263671875,1.0579400430791643,0.7942681680791643
781,783,39,0,0,1929,0,0,0,11600,34,0,1,FL-J1,782.0,-0.0,-0.0,-0.0,0.023106588696502818,0.023106588696502818
901,903,45,0,0,1935,0,60,1,11700,34,0,1,FL-J1,902.0,-0.0,0.52734375,0.52734375,0.5840138219627796,0.05667007196277962
1021,1023,51,0,0,1938,0,80,3,11700,34,0,1,FL-J1,1022.0,-0.0,0.791015625,0.791015625,0.8020075288168003,0.010991903816800264
1141,1143,57,0,0,1938,0,80,3,11700,34,0,1,FL-J1,1142.0,-0.0,0.791015625,0.791015625,0.9499368027853334,0.15892117778533343
1262,1264,63,0,0,1934,-100,84,2,11700,34,0,1,FL-J1,1263.0,-0.439453125,0.439453125,0.87890625,0.48911334744151924,0.04966022244151924
1382,1384,69,0,0,1920,0,44,0,11700,34,0,1,FL-J1,1383.0,-1.40625,-0.791015625,0.615234375,-0.757505164261198,0.03351046073880204
1502,1504,75,0,0,1905,-150,48,0,11700,34,0,1,FL-J1,1503.0,-2.98828125,-2.109375,0.87890625,-1.8978466664123539,0.2115283335876461
1621,1623,81,0,0,1885,-150,52,0,11600,34,0,1,FL-J1,1622.0,-4.921875,-3.8671875,1.0546875,-3.580393483896734,0.2867940161032658
1741,1743,87,0,0,1862,-150,52,0,11600,34,0,1,FL-J1,1742.0,-6.767578125,-5.888671875,0.87890625,-5.469143979982038,0.4195278950179624
1861,1863,93,0,0,1844,-150,48,0,11600,34,0,1,FL-J1,1862.0,-8.0859375,-7.470703125,0.615234375,-7.264164369786447,0.20653875521355314
1982,1984,99,0,0,1831,-50,20,0,11600,34,0,1,FL-J1,1983.0,-8.7890625,-8.61328125,0.17578125,-8.543877765806515,0.06940348419348474
2101,2103,105,0,0,1829,0,24,0,11600,34,0,1,FL-J1,2102.0,-8.96484375,-8.7890625,0.17578125,-9.035798747182673,-0.24673624718267284
2222,2224,111,0,0,1828,-50,-20,0,11700,34,0,1,FL-J1,2223.0,-8.96484375,-8.876953125,0.087890625,-9.388017113712953,-0.5110639887129533
2341,2343,117,0,0,1828,0,0,0,11700,34,0,1,FL-J1,2342.0,-8.96484375,-8.876953125,0.087890625,-9.123497685420793,-0.24654456042079254
2462,2464,123,0,0,1835,0,72,2,11700,34,0,1,FL-J1,2463.0,-8.96484375,-8.26171875,0.703125,-8.660380742069139,-0.39866199206913855
2575,2577,129,0,0,1836,0,80,2,11700,34,0,1,FL-J1,2576.0,-8.96484375,-8.173828125,0.791015625,-8.923604496711102,-0.7497763717111017
2698,2700,135,0,0,1836,0,80,3,11700,34,0,1,FL-J1,2699.0,-8.96484375,-8.173828125,0.791015625,-9.210828463181658,-1.0370003381816577
2815,2817,141,0,0,1828,-150,-32,0,11700,34,0,1,FL-J1,2816.0,-8.96484375,-8.876953125,0.087890625,-9.944896747682101,-1.067943622682101
2938,2940,147,0,0,1827,0,0,0,11700,34,0,1,FL-J1,2939.0,-8.96484375,-8.96484375,-0.0,-9.792543203519894,-0.8276994535198945
3055,3057,153,0,0,1831,0,40,1,11700,34,0,1,FL-J1,3056.0,-8.96484375,-8.61328125,0.3515625,-8.054913413225108,0.5583678367748917
3175,3177,159,0,0,1827,-50,0,0,11700,34,0,1,FL-J1,3176.0,-8.96484375,-8.96484375,-0.0,-8.517519339759444,0.44732441024055625
3296,3298,165,0,0,1826,0,0,0,11700,34,0,1,FL-J1,3297.0,-8.96484375,-9.052734375,-0.087890625,-8.77931436106009,0.27342001393991033
3416,3418,171,0,0,1825,0,-24,0,11700,34,0,1,FL-J1,3417.0,-8.96484375,-9.140625,-0.17578125,-8.923473340204227,0.217151659795773
3538,3540,177,0,0,1828,100,-140,4,11700,34,0,1,FL-J1,3539.0,-2.4609375,-8.876953125,-6.416015625,-8.785603486464701,0.09134963853529854
3656,3658,183,0,0,1885,650,-192,3,11700,34,0,1,FL-J1,3657.0,-0.0,-3.8671875,-3.8671875,-4.086604910488591,-0.21941741048859065
3776,3778,189,0,0,1923,100,-40,0,11700,34,0,1,FL-J1,3777.0,-0.0,-0.52734375,-0.52734375,-0.35385415024035094,0.17348959975964906
3895,3897,195,0,0,1926,100,-28,0,11700,34,0,1,FL-J1,3896.0,-0.0,-0.263671875,-0.263671875,-0.32104928334389815,-0.05737740834389815
4015,4017,201,0,0,1926,-50,-36,0,11700,34,0,1,FL-J1,4016.0,-0.0,-0.263671875,-0.263671875,0.02324025119832939,0.2869121261983294
4134,4136,207,0,0,1926,50,-32,1,11700,34,0,1,FL-J1,4135.0,-0.0,-0.263671875,-0.263671875,0.19745345005066434,0.46112532505066434
4254,4256,213,0,0,1926,0,-32,1,11700,34,0,1,FL-J1,4255.0,-0.0,-0.263671875,-0.263671875,0.2303082871954192,0.4939801621954192
4374,4376,219,0,0,1927,0,-24,0,11700,34,0,1,FL-J1,4375.0,-0.0,-0.17578125,-0.17578125,0.27492076142154165,0.45070201142154165
4494,4496,225,0,0,1927,0,-24,0,11700,34,0,1,FL-J1,4495.0,-0.0,-0.17578125,-0.17578125,0.3052084070611988,0.4809896570611988
4614,4616,231,0,0,1926,-50,-36,1,11700,34,0,1,FL-J1,4615.0,-0.0,-0.263671875,-0.263671875,0.3237742705129293,0.5874461455129293
4734,4736,237,0,0,1926,0,-32,1,11700,34,0,1,FL-J1,4735.0,-0.0,-0.263671875,-0.263671875,0.33760683126977664,0.6012787062697766
4854,4856,243,0,0,1926,0,-32,0,11700,34,0,1,FL-J1,4855.0,-0.0,-0.263671875,-0.263671875,0.34646208472364687,0.6101339597236468
4974,4976,249,0,0,1926,0,-32,1,11700,34,0,1,FL-J1,4975.0,-0.0,-0.263671875,-0.263671875,0.35295313182743027,0.6166250068274303
5094,5096,255,0,0,1926,0,-32,0,11700,34,0,1,FL-J1,5095.0,-0.0,-0.263671875,-0.263671875,0.357642253352352,0.621314128352352
64,66,3,1,0,1557,0,24,2,11800,33,0,2,FL-J2,65.0,45.966796875,45.703125,-0.263671875,45.907667551626126,0.2045425516261261
184,186,9,1,0,1553,-50,-8,0,11800,33,0,2,FL-J2,185.0,45.87890625,46.0546875,0.17578125,46.0426977114871,-0.011989788512899224
303,305,15,1,0,1551,0,-24,2,11800,33,0,2,FL-J2,304.0,45.966796875,46.23046875,0.263671875,46.23181148889955,0.001342738899552387
423,425,21,1,0,1544,-50,-16,2,11800,33,0,2,FL-J2,424.0,46.93359375,46.845703125,-0.087890625,45.76656199115013,-1.0791411338498733
543,545,27,1,0,1532,-50,64,4,11800,33,0,2,FL-J2,544.0,48.8671875,47.900390625,-0.966796875,47.15513300818448,-0.7452576168155218
664,666,33,1,0,1507,-300,96,12,11800,33,0,2,FL-J2,665.0,51.591796875,50.09765625,-1.494140625,49.62569024474258,-0.4719660052574213
783,785,39,1,0,1474,-250,60,4,11700,33,0,2,FL-J2,784.0,53.876953125,52.998046875,-0.87890625,51.442962985285774,-1.5550838897142256
903,905,45,1,0,1449,-150,-8,1,11700,33,0,2,FL-J2,904.0,55.107421875,55.1953125,0.087890625,54.01746365524193,-1.177848844758067
1023,1025,51,1,0,1441,-50,-40,3,11800,33,0,2,FL-J2,1024.0,55.458984375,55.8984375,0.439453125,55.88096287625125,-0.017474623748746865
1143,1145,57,1,0,1442,50,0,1,11800,33,0,2,FL-J2,1144.0,55.986328125,55.810546875,-0.17578125,55.60896298908242,-0.2015838859175787
1264,1266,63,1,0,1413,-400,88,5,11800,33,0,2,FL-J2,1265.0,59.58984375,58.359375,-1.23046875,56.747416180942515,-1.6119588190574845
1384,1386,69,1,0,1402,150,-32,1,11800,33,0,2,FL-J2,1385.0,58.623046875,59.326171875,0.703125,59.51298940142239,0.18681752642238791
1504,1506,75,1,0,1429,250,-28,1,11800,33,0,2,FL-J2,1505.0,56.162109375,56.953125,0.791015625,57.68249557184894,0.7293705718489392
1623,1625,81,1,0,1458,200,-16,0,11700,33,0,2,FL-J2,1624.0,53.7890625,54.404296875,0.615234375,55.154005971483336,0.7497090964833362
1743,1745,87,1,0,1481,200,-8,0,11700,33,0,2,FL-J2,1744.0,52.03125,52.3828125,0.3515625,52.95166254197417,0.5688500419741729
1863,1865,93,1,0,1494,50,-16,0,11700,33,0,2,FL-J2,1864.0,50.9765625,51.240234375,0.263671875,51.42195409446809,0.1817197194680915
1984,1986,99,1,0,1512,250,-48,2,11700,33,0,2,FL-J2,1985.0,48.1640625,49.658203125,1.494140625,50.35905741127467,0.7008542862746694
2103,2105,105,1,0,1554,300,-16,0,11800,33,0,2,FL-J2,2104.0,45.703125,45.966796875,0.263671875,46.90227557664568,0.9354787016456783
2224,2226,111,1,0,1557,50,16,1,11800,33,0,2,FL-J2,2225.0,45.87890625,45.703125,-0.17578125,46.1189938600006,0.4158688600006002
2343,2345,117,1,0,1550,-50,44,4,11800,33,0,2,FL-J2,2344.0,47.109375,46.318359375,-0.791015625,46.328006749347246,0.00964737434724583
2464,2466,123,1,0,1540,0,152,37,11800,33,0,2,FL-J2,2465.0,49.21875,47.197265625,-2.021484375,46.455527110417776,-0.7417385145822237
2577,2579,129,1,0,1538,0,200,64,11800,33,0,2,FL-J2,2578.0,49.5703125,47.373046875,-2.197265625,48.45001937134271,1.0769724963427123
2700,2702,135,1,0,1526,-100,104,18,11800,33,0,2,FL-J2,2701.0,49.5703125,48.427734375,-1.142578125,49.17855701832813,0.750822643328128
2817,2819,141,1,0,1524,0,88,12,11800,33,0,2,FL-J2,2818.0,49.5703125,48.603515625,-0.966796875,47.96838549624169,-0.6351301287583127
2940,2942,147,1,0,1525,0,96,16,11800,33,0,2,FL-J2,2941.0,49.5703125,48.515625,-1.0546875,47.87117614767786,-0.6444488523221423
3057,3059,153,1,0,1525,0,96,13,11800,33,0,2,FL-J2,3058.0,49.5703125,48.515625,-1.0546875,49.50267708333956,0.9870520833395631
3177,3179,159,1,0,1522,-50,72,9,11800,33,0,2,FL-J2,3178.0,49.5703125,48.779296875,-0.791015625,49.4329739690267,0.6536770940266976
3298,3300,165,1,0,1521,0,72,9,11800,33,0,2,FL-J2,3299.0,49.658203125,48.8671875,-0.791015625,49.59303526368463,0.7258477636846266
3418,3420,171,1,0,1496,-450,184,33,11800,33,0,2,FL-J2,3419.0,53.525390625,51.064453125,-2.4609375,50.42953151956429,-0.6349216054357072
3540,3542,177,1,0,1478,300,-52,1,11800,33,0,2,FL-J2,3541.0,51.064453125,52.646484375,1.58203125,52.93000434784488,0.2835199728448785
3658,3660,183,1,0,1510,100,8,1,11800,33,0,2,FL-J2,3659.0,49.921875,49.833984375,-0.087890625,49.87747580005203,0.043491425052032184
3778,3780,189,1,0,1530,300,-64,3,11800,33,0,2,FL-J2,3779.0,46.669921875,48.076171875,1.40625,48.73137099621368,0.655199121213677
3897,3899,195,1,0,1552,0,-16,1,11800,33,0,2,FL-J2,3898.0,45.966796875,46.142578125,0.17578125,46.20126784131798,0.05868971631797848
4017,4019,201,1,0,1551,0,-24,1,11800,33,0,2,FL-J2,4018.0,45.966796875,46.23046875,0.263671875,45.99476623549097,-0.23570251450902902
4152,4154,208,1,0,1553,0,-4,0,11800,33,0,2,FL-J2,4153.0,45.966796875,46.0546875,0.087890625,45.81605495092445,-0.23863254907554676
4272,4274,214,1,0,1554,0,0,0,11800,33,0,2,FL-J2,4273.0,45.966796875,45.966796875,0.0,45.819621870476574,-0.1471750045234259
4392,4394,220,1,0,1552,0,-16,1,11800,33,0,2,FL-J2,4393.0,45.966796875,46.142578125,0.17578125,45.80421472665968,-0.33836339834032003
4512,4514,226,1,0,1552,0,-16,1,11800,33,0,2,FL-J2,4513.0,45.966796875,46.142578125,0.17578125,45.794984919750746,-0.34759320524925386
4632,4634,232,1,0,1553,0,-8,0,11800,33,0,2,FL-J2,4633.0,45.966796875,46.0546875,0.087890625,45.785683380376554,-0.26900411962344606
4752,4754,238,1,0,1553,0,-8,1,11800,33,0,2,FL-J2,4753.0,45.966796875,46.0546875,0.087890625,45.781026443853776,-0.27366105614622427
4872,4874,244,1,0,1553,0,-8,1,11800,33,0,2,FL-J2,4873.0,45.966796875,46.0546875,0.087890625,45.77835728688476,-0.2763302131152372
4992,4994,250,1,0,1553,0,-8,0,11800,33,0,2,FL-J2,4993.0,45.966796875,46.0546875,0.087890625,45.776282267897294,-0.2784052321027062
81,83,4,2,0,3002,0,112,9,11900,40,0,3,FL-J3,82.0,90.0,91.142578125,1.142578125,91.01955198624394,-0.12302613875606028
202,204,10,2,0,3002,0,112,11,11900,40,0,3,FL-J3,203.0,90.0,91.142578125,1.142578125,91.20103845880709,0.05846033380709059
321,323,16,2,0,3003,0,120,10,11900,40,0,3,FL-J3,322.0,90.0,91.23046875,1.23046875,91.86585582896575,0.6353870789657492
441,443,22,2,0,3003,0,120,10,11900,40,0,3,FL-J3,442.0,90.0,91.23046875,1.23046875,91.97140104386688,0.7409322938668765
561,563,28,2,0,3004,0,148,15,11800,40,0,3,FL-J3,562.0,89.82421875,91.318359375,1.494140625,91.89595651091683,0.5775971359168324
681,683,34,2,0,3005,0,212,33,11700,40,0,3,FL-J3,682.0,89.12109375,91.40625,2.28515625,91.61267048618915,0.20642048618914544
801,803,40,2,0,3006,0,304,67,11700,40,0,3,FL-J3,802.0,88.2421875,91.494140625,3.251953125,91.3507626898056,-0.143377935194394
922,924,46,2,0,2996,-50,276,35,11800,40,0,3,FL-J3,923.0,87.626953125,90.615234375,2.98828125,90.11827551562462,-0.49695885937538264
1041,1043,52,2,0,2980,-200,152,6,11900,40,0,3,FL-J3,1042.0,87.36328125,89.208984375,1.845703125,89.47010774648803,0.26112337148802567
1161,1163,58,2,0,2965,-50,-32,1,11900,40,0,3,FL-J3,1162.0,89.296875,87.890625,-1.40625,88.24767730491398,0.357052304913978
1282,1284,64,2,0,3000,500,-188,4,11900,40,0,3,FL-J3,1283.0,97.03125,90.966796875,-6.064453125,89.8969990980413,-1.0697977769586942
1402,1404,70,2,0,3064,500,-136,8,11900,40,0,3,FL-J3,1403.0,99.140625,96.591796875,-2.548828125,95.6708804945332,-0.9209163804668066
1521,1523,76,2,0,3096,200,-76,1,11900,40,0,3,FL-J3,1522.0,100.634765625,99.404296875,-1.23046875,99.185857704462,-0.2184391705380051
1641,1643,82,2,0,3112,100,-64,1,11800,40,0,3,FL-J3,1642.0,101.6015625,100.810546875,-0.791015625,100.76485300782353,-0.045693867176467506
1761,1763,88,2,0,3121,100,-52,2,11800,40,0,3,FL-J3,1762.0,102.216796875,101.6015625,-0.615234375,101.63363412782061,0.03207162782061346
1881,1883,94,2,0,3124,0,-60,2,11800,40,0,3,FL-J3,1882.0,102.392578125,101.865234375,-0.52734375,102.15415401890169,0.2889196439016928
2002,2004,100,2,0,3117,-250,144,7,11800,40,0,3,FL-J3,2003.0,96.767578125,101.25,4.482421875,101.86259490856592,0.6125949085659244
2121,2123,106,2,0,3066,-250,224,26,11800,40,0,3,FL-J3,2122.0,93.515625,96.767578125,3.251953125,97.27925817444175,0.5116800494417504
2242,2244,112,2,0,3045,0,136,9,11900,40,0,3,FL-J3,2243.0,93.515625,94.921875,1.40625,94.86083676989047,-0.061038230109531355
2361,2363,118,2,0,3049,50,172,12,11800,40,0,3,FL-J3,2362.0,93.603515625,95.2734375,1.669921875,95.45664911490015,0.18321161490014504
2482,2484,124,2,0,3050,50,180,19,11900,40,0,3,FL-J3,2483.0,93.515625,95.361328125,1.845703125,95.95936409182147,0.5980359668214703
2595,2597,130,2,0,3050,0,176,13,11800,40,0,3,FL-J3,2596.0,93.515625,95.361328125,1.845703125,95.84296144795877,0.48163332295877126
2718,2720,136,2,0,3050,0,176,14,11800,40,0,3,FL-J3,2719.0,93.515625,95.361328125,1.845703125,95.71783253727205,0.3565044122720451
2835,2837,142,2,0,3051,0,184,18,11900,40,0,3,FL-J3,2836.0,93.515625,95.44921875,1.93359375,96.22088147778764,0.7716627277876427
2958,2960,148,2,0,3051,0,184,17,11900,40,0,3,FL-J3,2959.0,93.515625,95.44921875,1.93359375,95.83563317286168,0.3864144228616766
3075,3077,154,2,0,3048,-100,152,10,11900,40,0,3,FL-J3,3076.0,93.515625,95.185546875,1.669921875,95.49570362979226,0.3101567547922599
3195,3197,160,2,0,3042,-50,108,6,11900,40,0,3,FL-J3,3196.0,93.515625,94.658203125,1.142578125,94.39212725234151,-0.2660758726584902
3316,3318,166,2,0,3043,0,112,6,11900,40,0,3,FL-J3,3317.0,94.21875,94.74609375,0.52734375,94.57905220503645,-0.16704154496355272
3436,3438,172,2,0,3057,250,-144,3,11900,40,0,3,FL-J3,3437.0,100.37109375,95.9765625,-4.39453125,95.8743953274383,-0.10216717256170682
3558,3560,178,2,0,3100,300,-44,1,11900,40,0,3,FL-J3,3559.0,97.55859375,99.755859375,2.197265625,99.66660673873432,-0.0892526362656838
3676,3678,184,2,0,3083,-400,92,3,11900,40,0,3,FL-J3,3677.0,96.6796875,98.26171875,1.58203125,99.0110790108654,0.7493602608654015
3796,3798,190,2,0,3048,-400,184,12,11800,40,0,3,FL-J3,3797.0,90.439453125,95.185546875,4.74609375,95.50015800670784,0.31461113170783506
3915,3917,196,2,0,3004,-250,116,3,11900,40,0,3,FL-J3,3916.0,90.0,91.318359375,1.318359375,91.86390975631814,0.5455503813181366
4035,4037,202,2,0,3003,0,120,11,11900,40,0,3,FL-J3,4036.0,90.0,91.23046875,1.23046875,90.92156382367035,-0.30890492632964595
4154,4156,208,2,0,3002,-50,108,8,11900,40,0,3,FL-J3,4155.0,90.0,91.142578125,1.142578125,90.88657409099855,-0.25600403400144955
4274,4276,214,2,0,3002,0,112,12,11900,40,0,3,FL-J3,4275.0,90.0,91.142578125,1.142578125,90.93213647227176,-0.21044165272823534
4394,4396,220,2,0,3002,0,112,9,11900,40,0,3,FL-J3,4395.0,90.0,91.142578125,1.142578125,90.9294714899974,-0.21310663500260318
4514,4516,226,2,0,3002,0,112,13,11900,40,0,3,FL-J3,4515.0,90.0,91.142578125,1.142578125,90.93550239604524,-0.2070757289547629
4634,4636,232,2,0,3002,0,112,11,11900,40,0,3,FL-J3,4635.0,90.0,91.142578125,1.142578125,90.93251575348205,-0.2100623715179495
4754,4756,238,2,0,3002,0,112,9,11900,40,0,3,FL-J3,4755.0,90.0,91.142578125,1.142578125,90.93255492586218,-0.2100231991378223
4874,4876,244,2,0,3002,0,112,12,11900,40,0,3,FL-J3,4875.0,90.0,91.142578125,1.142578125,90.93398184230229,-0.20859628269771235
4994,4996,250,2,0,3002,0,112,9,11900,40,0,3,FL-J3,4995.0,90.0,91.142578125,1.142578125,90.93434592727141,-0.20823219772859147
83,85,4,3,0,2085,0,-40,1,11800,36,0,4,FR-J1,84.0,-0.0,0.3515625,0.3515625,0.09336142054716995,-0.25820107945283005
204,206,10,3,0,2092,200,-28,0,11900,36,0,4,FR-J1,205.0,-0.703125,-0.263671875,0.439453125,-0.17570027402424138,0.08797160097575862
323,325,16,3,0,2104,200,-60,0,11900,36,0,4,FR-J1,324.0,-2.63671875,-1.318359375,1.318359375,-1.2507151574920785,0.06764421750792149
443,445,22,3,0,2129,200,-104,2,11900,36,0,4,FR-J1,444.0,-5.537109375,-3.515625,2.021484375,-3.2240793631296194,0.2915456368703806
563,565,28,3,0,2164,300,-112,1,11900,36,0,4,FR-J1,564.0,-9.228515625,-6.591796875,2.63671875,-6.097231206359263,0.49456566864073714
683,685,34,3,0,2205,300,-120,1,11800,36,0,4,FR-J1,684.0,-12.83203125,-10.1953125,2.63671875,-9.627459012722808,0.5678534872771923
803,805,40,3,0,2245,300,-112,1,11800,36,0,4,FR-J1,804.0,-15.8203125,-13.7109375,2.109375,-13.259012759255937,0.4519247407440634
924,926,46,3,0,2276,150,-76,0,11800,36,0,4,FR-J1,925.0,-17.490234375,-16.435546875,1.0546875,-16.21186358721308,0.22368328778691904
1043,1045,52,3,0,2288,150,-48,1,11900,36,0,4,FR-J1,1044.0,-18.017578125,-17.490234375,0.52734375,-17.79860991394526,-0.3083755389452598
1163,1165,58,3,0,2288,-50,-60,2,11900,36,0,4,FR-J1,1164.0,-18.017578125,-17.490234375,0.52734375,-18.328911584471015,-0.8386772094710153
1284,1286,64,3,0,2288,0,24,0,11900,36,0,4,FR-J1,1285.0,-17.490234375,-17.490234375,-0.0,-18.054548717698797,-0.5643143426987969
1404,1406,70,3,0,2287,0,88,2,11900,36,0,4,FR-J1,1405.0,-16.435546875,-17.40234375,-0.966796875,-17.59979761159807,-0.19745386159807055
1523,1525,76,3,0,2289,50,252,27,11800,36,0,4,FR-J1,1524.0,-14.677734375,-17.578125,-2.900390625,-17.83149632398223,-0.25337132398222906
1643,1645,82,3,0,2285,-150,384,56,11800,36,0,4,FR-J1,1644.0,-12.65625,-17.2265625,-4.5703125,-15.90266287217086,1.3238996278291406
1763,1765,88,3,0,2255,-300,304,32,11700,36,0,4,FR-J1,1764.0,-10.986328125,-14.58984375,-3.603515625,-12.894046493383488,1.6957972566165118
1883,1885,94,3,0,2227,-200,212,17,11800,36,0,4,FR-J1,1884.0,-9.66796875,-12.12890625,-2.4609375,-10.84647044282213,1.2824358071778708
2004,2006,100,3,0,2215,-150,180,11,11800,36,0,4,FR-J1,2005.0,-9.140625,-11.07421875,-1.93359375,-9.83486956837874,1.2393491816212592
2123,2125,106,3,0,2212,0,176,12,11800,36,0,4,FR-J1,2124.0,-8.96484375,-10.810546875,-1.845703125,-9.918611454038741,0.8919354209612589
2244,2246,112,3,0,2205,-100,112,4,11900,36,0,4,FR-J1,2245.0,-8.96484375,-10.1953125,-1.23046875,-9.157163348367467,1.038149151632533
2363,2365,118,3,0,2196,-100,36,1,11900,36,0,4,FR-J1,2364.0,-8.96484375,-9.404296875,-0.439453125,-9.133052239062359,0.2712446359376415
2484,2486,124,3,0,2195,0,40,1,11800,36,0,4,FR-J1,2485.0,-8.96484375,-9.31640625,-0.3515625,-9.119682849931706,0.19672340006829359
2597,2599,130,3,0,2195,0,40,0,11900,36,0,4,FR-J1,2598.0,-8.96484375,-9.31640625,-0.3515625,-9.135969497945277,0.18043675205472276
2720,2722,136,3,0,2192,-50,120,3,11900,36,0,4,FR-J1,2721.0,-4.482421875,-9.052734375,-4.5703125,-9.03737604703706,0.015358327962939455
2837,2839,142,3,0,2144,-600,232,6,11900,36,0,4,FR-J1,2838.0,-0.0,-4.833984375,-4.833984375,-5.211179806620734,-0.3771954316207342
2960,2962,148,3,0,2095,-200,40,1,11900,36,0,4,FR-J1,2961.0,-0.0,-0.52734375,-0.52734375,-0.5527435370364986,-0.02539978703649859
3077,3079,154,3,0,2093,0,40,1,11800,36,0,4,FR-J1,3078.0,-0.0,-0.3515625,-0.3515625,-0.18994287071954613,0.16161962928045387
3197,3199,160,3,0,2089,-100,-20,1,11900,36,0,4,FR-J1,3198.0,-0.0,-0.0,-0.0,0.344110722383543,0.344110722383543
3318,3320,166,3,0,2088,50,20,1,11900,36,0,4,FR-J1,3319.0,-0.0,0.087890625,0.087890625,0.4410894557143895,0.3531988307143895
3438,3440,172,3,0,2084,-50,-52,2,11900,36,0,4,FR-J1,3439.0,-0.0,0.439453125,0.439453125,0.5853889169934526,0.14593579199345263
3560,3562,178,3,0,2082,0,-64,2,11900,36,0,4,FR-J1,3561.0,-0.0,0.615234375,0.615234375,0.9526210366399108,0.3373866616399108
3678,3680,184,3,0,2081,0,-72,3,11800,36,0,4,FR-J1,3679.0,-0.0,0.703125,0.703125,1.0646663549897208,0.36154135498972084
3798,3800,190,3,0,2081,0,-72,3,11800,36,0,4,FR-J1,3799.0,-0.0,0.703125,0.703125,0.252085560221198,-0.451039439778802
3917,3919,196,3,0,2083,50,-52,2,11900,36,0,4,FR-J1,3918.0,-0.0,0.52734375,0.52734375,0.31632256452479224,-0.21102118547520776
4037,4039,202,3,0,2083,0,-56,2,11900,36,0,4,FR-J1,4038.0,-0.0,0.52734375,0.52734375,0.2030936061799115,-0.3242501438200885
4172,4174,209,3,0,2084,50,-48,0,11900,36,0,4,FR-J1,4173.0,-0.0,0.439453125,0.439453125,0.23880022758443414,-0.20065289741556586
4292,4294,215,3,0,2086,0,-32,1,11800,36,0,4,FR-J1,4293.0,-0.0,0.263671875,0.263671875,0.2978752398982002,0.034203364898200195
4412,4414,221,3,0,2086,0,-32,1,11900,36,0,4,FR-J1,4413.0,-0.0,0.263671875,0.263671875,0.32130764147987156,0.057635766479871564
4532,4534,227,3,0,2086,0,-32,1,11900,36,0,4,FR-J1,4533.0,-0.0,0.263671875,0.263671875,0.33886695880388673,0.07519508380388673
4652,4654,233,3,0,2087,0,-24,1,11900,36,0,4,FR-J1,4653.0,-0.0,0.17578125,0.17578125,0.3474442826468678,0.17166303264686777
4772,4774,239,3,0,2087,0,-24,0,11900,36,0,4,FR-J1,4773.0,-0.0,0.17578125,0.17578125,0.3538940491694626,0.1781127991694626
4892,4894,245,3,0,2087,0,-24,1,11900,36,0,4,FR-J1,4893.0,-0.0,0.17578125,0.17578125,0.3590088181403944,0.18322756814039443
5012,5014,251,3,0,2087,0,-24,1,11900,36,0,4,FR-J1,5013.0,-0.0,0.17578125,0.17578125,0.36241866893109803,0.18663741893109803
101,103,5,4,0,2446,100,-64,4,11800,34,0,5,FR-J2,102.0,47.28515625,46.0546875,-1.23046875,45.67886201528009,-0.3758254847199112
221,223,11,4,0,2484,400,-160,26,11900,34,0,5,FR-J2,222.0,51.943359375,49.39453125,-2.548828125,47.81102716697893,-1.5835040830210687
341,343,17,4,0,2525,150,-48,2,11900,34,0,5,FR-J2,342.0,53.701171875,52.998046875,-0.703125,52.44580307515025,-0.552243799849748
461,463,23,4,0,2535,100,-48,2,11900,34,0,5,FR-J2,462.0,54.4921875,53.876953125,-0.615234375,53.85580188457958,-0.021151240420422823
581,583,29,4,0,2540,0,12,0,11800,34,0,5,FR-J2,582.0,54.228515625,54.31640625,0.087890625,54.25983818128272,-0.05656806871728293
701,703,35,4,0,2531,-50,8,0,11800,34,0,5,FR-J2,702.0,53.26171875,53.525390625,0.263671875,53.78508257683243,0.2596919518324299
821,823,41,4,0,2521,-50,20,0,11800,34,0,5,FR-J2,822.0,52.470703125,52.646484375,0.17578125,52.86916614594059,0.22268177094058927
942,944,47,4,0,2505,-250,40,1,11800,34,0,5,FR-J2,943.0,50.009765625,51.240234375,1.23046875,51.98633591247378,0.7461015374737769
1061,1063,53,4,0,2467,-300,76,5,11800,34,0,5,FR-J2,1062.0,47.109375,47.900390625,0.791015625,48.6379020730709,0.7375114480708973
1182,1184,59,4,0,2462,-50,24,1,11800,34,0,5,FR-J2,1183.0,47.197265625,47.4609375,0.263671875,47.00958412243189,-0.4513533775681111
1302,1304,65,4,0,2466,100,-8,0,11800,34,0,5,FR-J2,1303.0,48.1640625,47.8125,-0.3515625,47.29845167773401,-0.5140483222659924
1422,1424,71,4,0,2480,150,-60,1,11800,34,0,5,FR-J2,1423.0,50.009765625,49.04296875,-0.966796875,47.51517980401301,-1.527788945986991
1542,1544,77,4,0,2502,250,-96,10,11800,34,0,5,FR-J2,1543.0,52.3828125,50.9765625,-1.40625,48.65741194810949,-2.319150551890509
1661,1663,83,4,0,2526,200,-100,7,11800,34,0,5,FR-J2,1662.0,54.404296875,53.0859375,-1.318359375,51.60338331547404,-1.4825541845259593
1781,1783,89,4,0,2536,50,-160,34,11800,34,0,5,FR-J2,1782.0,55.8984375,53.96484375,-1.93359375,54.7362090650467,0.771365315046701
1901,1903,95,4,0,2539,0,-216,60,11500,34,0,5,FR-J2,1902.0,56.689453125,54.228515625,-2.4609375,56.757111991727015,2.5285963667270153
2022,2024,101,4,0,2554,150,-120,19,11800,34,0,5,FR-J2,2023.0,57.041015625,55.546875,-1.494140625,57.21121903564073,1.664344035640731
2141,2143,107,4,0,2563,0,-64,5,11800,34,0,5,FR-J2,2142.0,57.12890625,56.337890625,-0.791015625,56.80497986161411,0.4670892366141075
2262,2264,113,4,0,2574,200,-200,36,11700,34,0,5,FR-J2,2263.0,60.205078125,57.3046875,-2.900390625,57.39835275144142,0.09366525144142201
2381,2383,119,4,0,2616,0,36,0,11900,34,0,5,FR-J2,2382.0,60.380859375,60.99609375,0.615234375,60.586699714320964,-0.40939403567903554
2496,2498,125,4,0,2590,-300,52,1,11800,34,0,5,FR-J2,2497.0,58.18359375,58.7109375,0.52734375,59.509893296475305,0.7989557964753047
2615,2617,131,4,0,2582,0,-16,0,11800,34,0,5,FR-J2,2616.0,58.18359375,58.0078125,-0.17578125,57.98657936979341,-0.021233130206589124
2738,2740,137,4,0,2566,-300,100,6,11800,34,0,5,FR-J2,2739.0,53.26171875,56.6015625,3.33984375,57.413872128498724,0.8123096284987241
2856,2858,143,4,0,2502,-250,-12,0,11800,34,0,5,FR-J2,2857.0,51.064453125,50.9765625,-0.087890625,51.464600077263555,0.48803757726355457
2978,2980,149,4,0,2478,-400,100,3,11800,34,0,5,FR-J2,2979.0,46.93359375,48.8671875,1.93359375,49.668442199568794,0.8012546995687941
3095,3097,155,4,0,2444,-100,-8,0,11800,34,0,5,FR-J2,3096.0,45.966796875,45.87890625,-0.087890625,46.18010813645328,0.3012018864532777
3215,3217,161,4,0,2444,0,-8,0,11900,34,0,5,FR-J2,3216.0,45.966796875,45.87890625,-0.087890625,45.664579295665085,-0.2143269543349149
3338,3340,167,4,0,2441,0,-32,2,11800,34,0,5,FR-J2,3339.0,45.966796875,45.615234375,-0.3515625,45.65535748228847,0.04012310728847268
3456,3458,173,4,0,2444,100,-8,0,11900,34,0,5,FR-J2,3457.0,45.966796875,45.87890625,-0.087890625,46.46891170202955,0.5900054520295512
3576,3578,179,4,0,2441,-150,-36,1,11800,34,0,5,FR-J2,3577.0,45.966796875,45.615234375,-0.3515625,45.82405467732084,0.20882030232083792
3696,3698,185,4,0,2436,-100,-72,9,11800,34,0,5,FR-J2,3697.0,45.966796875,45.17578125,-0.791015625,45.64830450697257,0.4725232569725719
3816,3818,191,4,0,2433,0,-96,11,11800,34,0,5,FR-J2,3817.0,45.966796875,44.912109375,-1.0546875,45.308948095701396,0.39683872070139614
3935,3941,197,4,0,2436,0,-72,6,11900,34,0,5,FR-J2,3938.0,45.966796875,45.17578125,-0.791015625,45.40579323884419,0.23001198884418983
4055,4057,203,4,0,2439,0,-48,3,11800,34,0,5,FR-J2,4056.0,45.966796875,45.439453125,-0.52734375,45.62721046105448,0.18775733605448153
4174,4176,209,4,0,2437,0,-64,5,11900,34,0,5,FR-J2,4175.0,45.966796875,45.263671875,-0.703125,45.6247986154211,0.36112674042109916
4294,4296,215,4,0,2437,0,-64,6,11900,34,0,5,FR-J2,4295.0,45.966796875,45.263671875,-0.703125,45.66465058066865,0.4009787056686491
4414,4416,221,4,0,2437,0,-64,5,11800,34,0,5,FR-J2,4415.0,45.966796875,45.263671875,-0.703125,45.697186379789144,0.43351450478914444
4534,4536,227,4,0,2437,0,-64,6,11800,35,0,5,FR-J2,4535.0,45.966796875,45.263671875,-0.703125,45.71703471762433,0.4533628426243297
4654,4656,233,4,0,2437,0,-64,5,11800,34,0,5,FR-J2,4655.0,45.966796875,45.263671875,-0.703125,45.73394051150913,0.4702686365091324
4774,4776,239,4,0,2437,0,-64,6,11800,34,0,5,FR-J2,4775.0,45.966796875,45.263671875,-0.703125,45.74447601543939,0.480804140439389
4894,4896,245,4,0,2437,0,-64,5,11800,34,0,5,FR-J2,4895.0,45.966796875,45.263671875,-0.703125,45.75192836030612,0.48825648530611687
5014,5016,251,4,0,2437,0,-64,6,11800,34,0,5,FR-J2,5015.0,45.966796875,45.263671875,-0.703125,45.7574678797939,0.49379600479390007
103,105,5,5,0,1036,0,-84,3,12000,39,0,6,FR-J3,104.0,92.197265625,91.845703125,-0.3515625,91.03497050781299,-0.8107326171870142
223,225,11,5,0,1006,-450,140,0,11900,40,0,6,FR-J3,224.0,99.140625,94.482421875,-4.658203125,93.32804536757823,-1.1543765074217731
343,345,17,5,0,951,-400,72,0,12000,40,0,6,FR-J3,344.0,100.72265625,99.31640625,-1.40625,98.18552390001483,-1.1308823499851712
463,465,23,5,0,930,-100,56,1,12000,39,0,6,FR-J3,464.0,101.77734375,101.162109375,-0.615234375,100.78266577574081,-0.37944359925919
583,585,29,5,0,918,-100,40,0,11900,40,0,6,FR-J3,584.0,102.83203125,102.216796875,-0.615234375,102.01258042398301,-0.2042164510169897
703,705,35,5,0,911,-50,48,1,11900,39,0,6,FR-J3,704.0,103.271484375,102.83203125,-0.439453125,102.87426880629906,0.04223755629905668
823,825,41,5,0,907,0,24,1,11900,40,0,6,FR-J3,824.0,103.359375,103.18359375,-0.17578125,103.23516510353657,0.05157135353657338
944,946,47,5,0,911,200,-124,3,11900,40,0,6,FR-J3,945.0,99.404296875,102.83203125,3.427734375,103.08237384252824,0.2503425925282414
1063,1065,53,5,0,953,500,-284,16,11900,39,0,6,FR-J3,1064.0,94.04296875,99.140625,5.09765625,99.24849675891117,0.10787175891117329
1184,1186,59,5,0,989,250,-184,12,11900,40,0,6,FR-J3,1185.0,93.8671875,95.9765625,2.109375,95.92712193342552,-0.04944056657447504
1304,1306,65,5,0,991,0,-168,11,11900,40,0,6,FR-J3,1305.0,94.04296875,95.80078125,1.7578125,95.92290945428924,0.12212820428923976
1424,1426,71,5,0,991,0,-160,9,11900,40,0,6,FR-J3,1425.0,94.130859375,95.80078125,1.669921875,96.45620501183879,0.6554237618387901
1544,1546,77,5,0,991,0,-180,14,11900,40,0,6,FR-J3,1545.0,93.779296875,95.80078125,2.021484375,96.75624190966917,0.9554606596691713
1663,1665,83,5,0,990,-50,-240,26,11800,40,0,6,FR-J3,1664.0,93.1640625,95.888671875,2.724609375,96.21500302251161,0.32633114751160974
1783,1785,89,5,0,989,0,-320,38,11800,40,0,6,FR-J3,1784.0,92.373046875,95.9765625,3.603515625,95.08433504846515,-0.8922274515348505
1903,1905,95,5,0,988,0,-388,66,11700,40,0,6,FR-J3,1904.0,91.7578125,96.064453125,4.306640625,94.06795594583092,-1.9964971791690829
2024,2026,101,5,0,989,50,-416,77,11700,40,0,6,FR-J3,2025.0,91.494140625,95.9765625,4.482421875,93.55116943659408,-2.42539306340592
2143,2145,107,5,0,990,0,-396,75,11700,40,0,6,FR-J3,2144.0,91.58203125,95.888671875,4.306640625,93.4347722315145,-2.4538996434854994
2264,2266,113,5,0,1009,0,60,0,11900,40,0,6,FR-J3,2265.0,97.734375,94.21875,-3.515625,92.54407577993403,-1.6746742200659668
2383,2385,119,5,0,963,-600,168,1,11900,40,0,6,FR-J3,2384.0,101.513671875,98.26171875,-3.251953125,97.04358089767636,-1.2181378523236361
2498,2500,125,5,0,926,-200,56,1,11900,39,0,6,FR-J3,2499.0,102.12890625,101.513671875,-0.615234375,101.19060124874741,-0.3230706262525871
2617,2619,131,5,0,921,0,24,0,11900,39,0,6,FR-J3,2618.0,102.12890625,101.953125,-0.17578125,102.03047343147145,0.07734843147144943
2740,2742,137,5,0,921,0,-48,1,11900,40,0,6,FR-J3,2741.0,100.458984375,101.953125,1.494140625,101.95058451718363,-0.0025404828163715365
2858,2860,143,5,0,946,200,-40,0,11900,40,0,6,FR-J3,2859.0,99.31640625,99.755859375,0.439453125,99.73555613417238,-0.02030324082761581
2980,2982,149,5,0,966,450,-144,3,12000,43,0,6,FR-J3,2981.0,91.58203125,97.998046875,6.416015625,98.41383876717572,0.41579189217571866
3097,3099,155,5,0,1012,350,-300,23,11900,40,0,6,FR-J3,3098.0,90.0,93.955078125,3.955078125,93.71162676283171,-0.24345136216828678
3217,3219,161,5,0,1029,0,-228,20,11900,40,0,6,FR-J3,3218.0,90.0,92.4609375,2.4609375,91.0688235048108,-1.3921139951892059
3340,3342,167,5,0,1030,0,-224,20,11800,40,0,6,FR-J3,3341.0,90.0,92.373046875,2.373046875,90.86235175918848,-1.5106951158115152
3458,3460,173,5,0,1031,-50,-216,17,11900,40,0,6,FR-J3,3459.0,90.0,92.28515625,2.28515625,91.2894874686701,-0.995668781329897
3578,3580,179,5,0,1031,0,-216,18,11900,40,0,6,FR-J3,3579.0,90.0,92.28515625,2.28515625,91.95245879803578,-0.33269745196422207
3698,3700,185,5,0,1030,0,-224,19,11800,40,0,6,FR-J3,3699.0,90.0,92.373046875,2.373046875,91.97453427812191,-0.39851259687809204
3818,3820,191,5,0,1030,0,-224,23,11900,40,0,6,FR-J3,3819.0,90.0,92.373046875,2.373046875,91.99668117350112,-0.3763657014988837
3941,3943,197,5,0,1036,100,-168,13,11900,40,0,6,FR-J3,3942.0,90.0,91.845703125,1.845703125,90.85865235615572,-0.9870507688442842
4057,4059,203,5,0,1038,0,-160,9,11900,40,0,6,FR-J3,4058.0,90.0,91.669921875,1.669921875,91.03264787075027,-0.6372740042497327
4192,4194,210,5,0,1036,0,-176,11,11900,40,0,6,FR-J3,4193.0,90.0,91.845703125,1.845703125,91.00645597525094,-0.8392471497490561
4312,4314,216,5,0,1036,0,-176,11,11900,40,0,6,FR-J3,4313.0,90.0,91.845703125,1.845703125,90.96932613918453,-0.8763769858154689
4432,4434,222,5,0,1037,50,-164,10,11900,40,0,6,FR-J3,4433.0,90.0,91.7578125,1.7578125,90.96449190072866,-0.7933205992713397
4552,4554,228,5,0,1036,-50,-180,11,11900,40,0,6,FR-J3,4553.0,90.0,91.845703125,1.845703125,90.95382595805691,-0.8918771669430896
4672,4674,234,5,0,1036,0,-176,12,12000,40,0,6,FR-J3,4673.0,90.0,91.845703125,1.845703125,90.95326787855316,-0.892435246446837
4792,4794,240,5,0,1036,0,-176,12,11900,40,0,6,FR-J3,4793.0,90.0,91.845703125,1.845703125,90.94879377748217,-0.896909347517834
4912,4914,246,5,0,1036,0,-176,12,11900,40,0,6,FR-J3,4913.0,90.0,91.845703125,1.845703125,90.94547334874508,-0.9002297762549176
5032,5034,252,5,0,1036,0,-176,12,11900,40,0,6,FR-J3,5033.0,90.0,91.845703125,1.845703125,90.9434699208036,-0.9022332041964063
0,2,0,6,0,2107,0,32,1,11800,35,0,7,RL-J1,1.0,0.0,-0.263671875,-0.263671875,8.02989325679871e-05,0.263752173932568
122,124,6,6,0,2107,0,32,1,11800,35,0,7,RL-J1,123.0,0.0,-0.263671875,-0.263671875,0.11029656051915714,0.37396843551915715
241,243,12,6,0,2109,0,48,1,11800,35,0,7,RL-J1,242.0,0.0,-0.439453125,-0.439453125,-0.17564940499016454,0.26380372000983543
361,363,18,6,0,2107,0,32,1,11800,35,0,7,RL-J1,362.0,0.0,-0.263671875,-0.263671875,-0.19281059413137744,0.07086128086862256
481,483,24,6,0,2107,0,32,0,11800,35,0,7,RL-J1,482.0,0.0,-0.263671875,-0.263671875,-0.20859108003970175,0.055080794960298246
601,603,30,6,0,2105,-100,-24,0,11800,35,0,7,RL-J1,602.0,0.0,-0.087890625,-0.087890625,-0.20481695476671088,-0.11692632976671088
721,723,36,6,0,2099,0,-48,1,11800,35,0,7,RL-J1,722.0,0.0,0.439453125,0.439453125,-0.16173588118928842,-0.6011890061892884
841,843,42,6,0,2104,0,0,0,11800,35,0,7,RL-J1,842.0,0.0,0.0,0.0,0.04876218467846727,0.04876218467846727
962,964,48,6,0,2108,0,40,1,11800,35,0,7,RL-J1,963.0,0.0,-0.3515625,-0.3515625,-0.1538063410829876,0.1977561589170124
1081,1083,54,6,0,2106,0,24,0,11800,35,0,7,RL-J1,1082.0,0.0,-0.17578125,-0.17578125,-0.1389947535996102,0.036786496400389807
1202,1204,60,6,0,2099,0,-56,2,11800,35,0,7,RL-J1,1203.0,-0.087890625,0.439453125,0.52734375,0.1445254725987541,-0.2949276524012459
1321,1323,66,6,0,2098,0,-116,5,11800,36,0,7,RL-J1,1322.0,-0.791015625,0.52734375,1.318359375,0.48786370635816245,-0.03948004364183755
1442,1444,72,6,0,2105,100,-152,8,11800,36,0,7,RL-J1,1443.0,-2.109375,-0.087890625,2.021484375,0.03731728596661107,0.12520791096661107
1561,1563,78,6,0,2124,150,-160,7,11700,35,0,7,RL-J1,1562.0,-3.8671875,-1.7578125,2.109375,-1.1089429438077667,0.6488695561922333
1681,1683,84,6,0,2150,200,-120,3,11700,35,0,7,RL-J1,1682.0,-5.888671875,-4.04296875,1.845703125,-3.0172388362046223,1.0257299137953777
1801,1803,90,6,0,2168,100,-152,8,11700,35,0,7,RL-J1,1802.0,-7.470703125,-5.625,1.845703125,-5.400773505998519,0.2242264940014813
1921,1923,96,6,0,2180,100,-168,12,11700,35,0,7,RL-J1,1922.0,-8.61328125,-6.6796875,1.93359375,-7.128137299721688,-0.4484497997216881
2041,2043,102,6,0,2187,0,-156,13,11700,35,0,7,RL-J1,2042.0,-8.96484375,-7.294921875,1.669921875,-7.71972556553216,-0.42480369053216016
2161,2163,108,6,0,2190,50,-132,7,11800,35,0,7,RL-J1,2162.0,-8.96484375,-7.55859375,1.40625,-7.96469035770711,-0.4060966077071102
2281,2283,114,6,0,2193,0,-112,5,11800,35,0,7,RL-J1,2282.0,-8.96484375,-7.822265625,1.142578125,-8.562971666201552,-0.7407060412015518
2401,2403,120,6,0,2197,100,-72,2,11800,36,0,7,RL-J1,2402.0,-8.96484375,-8.173828125,0.791015625,-8.967605761588084,-0.793777636588084
2515,2517,126,6,0,2198,0,-72,3,11800,35,0,7,RL-J1,2516.0,-8.96484375,-8.26171875,0.703125,-8.998345405329067,-0.7366266553290668
2635,2637,132,6,0,2198,0,-72,3,11800,35,0,7,RL-J1,2636.0,-8.96484375,-8.26171875,0.703125,-8.990305776058849,-0.7285870260588485
2758,2760,138,6,0,2193,-200,132,2,11800,36,0,7,RL-J1,2759.0,-0.87890625,-7.822265625,-6.943359375,-8.653402475437947,-0.8311368504379466
2876,2878,144,6,0,2136,-550,172,3,11800,35,0,7,RL-J1,2877.0,0.0,-2.8125,-2.8125,-4.744565050865056,-1.9320650508650559
2996,2998,150,6,0,2110,0,56,1,11800,35,0,7,RL-J1,2997.0,0.0,-0.52734375,-0.52734375,-0.3416279855942006,0.1857157644057994
3115,3117,156,6,0,2104,-100,-24,0,11800,36,0,7,RL-J1,3116.0,0.0,0.0,0.0,-0.01165499583673743,-0.01165499583673743
3235,3237,162,6,0,2101,0,-32,0,11800,35,0,7,RL-J1,3236.0,0.0,0.263671875,0.263671875,0.23383153532597892,-0.029840339674021082
3358,3360,168,6,0,2102,0,-24,0,11800,35,0,7,RL-J1,3359.0,0.0,0.17578125,0.17578125,0.24666209753499885,0.07088084753499885
3476,3478,174,6,0,2100,0,-40,1,11800,35,0,7,RL-J1,3477.0,0.0,0.3515625,0.3515625,0.6657839933712922,0.31422149337129224
3596,3598,180,6,0,2098,0,-56,1,11800,35,0,7,RL-J1,3597.0,0.0,0.52734375,0.52734375,0.9644673473783748,0.4371235973783748
3716,3718,186,6,0,2109,200,60,2,11800,35,0,7,RL-J1,3717.0,0.0,-0.439453125,-0.439453125,0.6371531722778216,1.0766062972778216
3836,3838,192,6,0,2111,0,64,2,11800,35,0,7,RL-J1,3837.0,0.0,-0.615234375,-0.615234375,0.12302260367508806,0.7382569786750881
3955,3957,198,6,0,2112,0,72,3,11800,36,0,7,RL-J1,3956.0,0.0,-0.703125,-0.703125,0.002034282480550538,0.7051592824805505
4075,4077,204,6,0,2113,0,80,3,11800,36,0,7,RL-J1,4076.0,0.0,-0.791015625,-0.791015625,0.15990405488385914,0.9509196798838592
4194,4196,210,6,0,2112,0,68,2,11800,36,0,7,RL-J1,4195.0,0.0,-0.703125,-0.703125,0.2372272049823806,0.9403522049823806
4314,4316,216,6,0,2112,0,72,2,11800,36,0,7,RL-J1,4315.0,0.0,-0.703125,-0.703125,0.2901249224300351,0.9932499224300351
4434,4436,222,6,0,2112,0,72,2,11800,35,0,7,RL-J1,4435.0,0.0,-0.703125,-0.703125,0.32634240887412785,1.0294674088741278
4554,4556,228,6,0,2112,0,72,3,11800,35,0,7,RL-J1,4555.0,0.0,-0.703125,-0.703125,0.35172973314240513,1.0548547331424052
4674,4676,234,6,0,2112,0,72,2,11800,35,0,7,RL-J1,4675.0,0.0,-0.703125,-0.703125,0.3696358067877321,1.0727608067877321
4794,4796,240,6,0,2112,0,72,3,11800,36,0,7,RL-J1,4795.0,0.0,-0.703125,-0.703125,0.38154035552550264,1.0846653555255026
4914,4916,246,6,0,2112,0,72,3,11800,35,0,7,RL-J1,4915.0,0.0,-0.703125,-0.703125,0.3894749157370052,1.0925999157370052
5034,5036,252,6,0,2112,0,72,2,11800,36,0,7,RL-J1,5035.0,0.0,-0.703125,-0.703125,0.39507636216619946,1.0982013621661995
2,4,0,7,0,1423,0,32,1,11800,31,0,8,RL-J2,3.0,45.966796875,45.615234375,-0.3515625,45.972567990394296,0.3573336153942961
124,126,6,7,0,1416,-100,108,12,11800,31,0,8,RL-J2,125.0,47.98828125,46.23046875,-1.7578125,45.82478651542586,-0.40568223457413666
243,245,12,7,0,1371,-500,140,22,11800,32,0,8,RL-J2,244.0,52.119140625,50.185546875,-1.93359375,48.76281048600803,-1.4227363889919715
363,365,18,7,0,1342,-100,24,1,11800,32,0,8,RL-J2,364.0,52.998046875,52.734375,-0.263671875,52.25641576658966,-0.4779592334103384
483,485,24,7,0,1340,0,8,0,11800,31,0,8,RL-J2,484.0,52.998046875,52.91015625,-0.087890625,52.85889335746541,-0.051262892534587934
603,605,30,7,0,1348,150,-8,0,11800,31,0,8,RL-J2,604.0,51.943359375,52.20703125,0.263671875,52.51523678222673,0.3082055322267294
723,725,36,7,0,1356,50,-72,6,11800,32,0,8,RL-J2,724.0,50.537109375,51.50390625,0.966796875,52.084845510927806,0.5809392609278063
843,845,42,7,0,1372,150,-56,3,11800,31,0,8,RL-J2,844.0,49.39453125,50.09765625,0.703125,50.902691983355325,0.8050357333553251
964,966,48,7,0,1402,350,-28,2,11800,32,0,8,RL-J2,965.0,46.142578125,47.4609375,1.318359375,48.62595221904182,1.165014719041821
1083,1085,54,7,0,1442,300,-20,1,11800,31,0,8,RL-J2,1084.0,43.681640625,43.9453125,0.263671875,45.06105547892456,1.1157429789245583
1204,1206,60,7,0,1448,0,48,3,11800,32,0,8,RL-J2,1205.0,44.033203125,43.41796875,-0.615234375,43.49053463519954,0.07256588519953766
1323,1325,66,7,0,1440,-100,96,13,11800,31,0,8,RL-J2,1324.0,45.439453125,44.12109375,-1.318359375,44.038432516037396,-0.08266123396260383
1444,1446,72,7,0,1420,-250,148,35,11800,31,0,8,RL-J2,1445.0,47.98828125,45.87890625,-2.109375,44.63737151329463,-1.2415347367053684
1563,1565,78,7,0,1386,-300,176,26,11600,31,0,8,RL-J2,1564.0,51.240234375,48.8671875,-2.373046875,46.85403072937552,-2.0131567706244766
1683,1685,84,7,0,1341,-250,88,10,11800,31,0,8,RL-J2,1684.0,54.140625,52.822265625,-1.318359375,50.72267495559474,-2.0995906694052593
1803,1805,90,7,0,1317,-100,92,12,11700,32,0,8,RL-J2,1804.0,56.162109375,54.931640625,-1.23046875,54.38078810870784,-0.55085251629216
1923,1925,96,7,0,1307,-150,144,34,11700,31,0,8,RL-J2,1924.0,57.392578125,55.810546875,-1.58203125,56.640954608993525,0.8304077339935247
2043,2045,102,7,0,1294,-50,72,8,11700,32,0,8,RL-J2,2044.0,57.83203125,56.953125,-0.87890625,57.16042195189478,0.20729695189478292
2163,2165,108,7,0,1285,-50,12,0,11800,31,0,8,RL-J2,2164.0,58.0078125,57.744140625,-0.263671875,57.19023674065831,-0.5539038843416932
2283,2285,114,7,0,1261,-300,104,13,11800,31,0,8,RL-J2,2284.0,61.435546875,59.853515625,-1.58203125,58.86872867781009,-0.9847869471899102
2403,2405,120,7,0,1241,-150,-52,4,11800,32,0,8,RL-J2,2404.0,60.556640625,61.611328125,1.0546875,61.657622370852096,0.04629424585209563
2517,2519,126,7,0,1268,250,-48,3,11800,32,0,8,RL-J2,2518.0,58.7109375,59.23828125,0.52734375,60.60794268246182,1.3696614324618182
2637,2639,132,7,0,1271,0,-24,1,11800,31,0,8,RL-J2,2638.0,58.7109375,58.974609375,0.263671875,59.4581314456097,0.48352207060970187
2760,2762,138,7,0,1299,600,-212,25,11600,32,0,8,RL-J2,2761.0,52.03125,56.513671875,4.482421875,58.350148794140296,1.8364769191402956
2878,2880,144,7,0,1350,100,-88,10,11800,31,0,8,RL-J2,2879.0,50.888671875,52.03125,1.142578125,53.26180694392717,1.2305569439271693
2998,3000,150,7,0,1386,450,-172,24,11800,31,0,8,RL-J2,2999.0,46.318359375,48.8671875,2.548828125,48.93273783243519,0.06555033243518693
3117,3119,156,7,0,1411,100,-64,5,11800,31,0,8,RL-J2,3118.0,45.966796875,46.669921875,0.703125,45.75044752006217,-0.919474354937833
3237,3239,162,7,0,1417,0,-16,0,11800,31,0,8,RL-J2,3238.0,45.966796875,46.142578125,0.17578125,45.553588970032884,-0.5889891549671162
3360,3362,168,7,0,1418,0,-8,0,11800,31,0,8,RL-J2,3361.0,45.966796875,46.0546875,0.087890625,45.64556009968808,-0.40912740031191674
3478,3480,174,7,0,1415,0,-32,2,11800,31,0,8,RL-J2,3479.0,45.966796875,46.318359375,0.3515625,46.2100104165324,-0.10834895846760162
3598,3600,180,7,0,1421,200,16,0,11800,31,0,8,RL-J2,3599.0,45.966796875,45.791015625,-0.17578125,45.46194692029956,-0.3290687047004397
3718,3720,186,7,0,1424,50,40,2,11800,31,0,8,RL-J2,3719.0,45.966796875,45.52734375,-0.439453125,45.43620076627741,-0.091142983722591
3838,3840,192,7,0,1424,0,40,3,11800,31,0,8,RL-J2,3839.0,45.966796875,45.52734375,-0.439453125,45.60409796669243,0.07675421669242866
3957,3959,198,7,0,1416,0,-24,1,11800,32,0,8,RL-J2,3958.0,45.966796875,46.23046875,0.263671875,46.08753408506327,-0.1429346649367318
4077,4079,204,7,0,1417,50,-16,1,11800,32,0,8,RL-J2,4078.0,45.966796875,46.142578125,0.17578125,45.913895045003635,-0.22868307999636528
4212,4214,211,7,0,1421,0,16,0,11800,32,0,8,RL-J2,4213.0,45.966796875,45.791015625,-0.17578125,45.87055343097148,0.07953780597148352
4332,4334,217,7,0,1417,-100,-16,0,11800,31,0,8,RL-J2,4333.0,45.966796875,46.142578125,0.17578125,45.84740791776442,-0.29517020723557863
4452,4454,223,7,0,1417,0,-16,0,11800,31,0,8,RL-J2,4453.0,45.966796875,46.142578125,0.17578125,45.826625397641884,-0.3159527273581162
4572,4574,229,7,0,1420,50,8,0,11800,32,0,8,RL-J2,4573.0,45.966796875,45.87890625,-0.087890625,45.810841853887005,-0.06806439611299453
4692,4694,235,7,0,1418,-100,-8,0,11800,31,0,8,RL-J2,4693.0,45.966796875,46.0546875,0.087890625,45.798060517795804,-0.256626982204196
4812,4814,241,7,0,1418,0,-8,0,11800,31,0,8,RL-J2,4813.0,45.966796875,46.0546875,0.087890625,45.79049835061768,-0.2641891493823181
4932,4934,247,7,0,1419,0,0,0,11800,32,0,8,RL-J2,4933.0,45.966796875,45.966796875,0.0,45.784791102746276,-0.18200577225372427
5052,5054,253,7,0,1419,0,0,0,11800,32,0,8,RL-J2,5053.0,45.966796875,45.966796875,0.0,45.78052719663278,-0.18626967836721775
22,24,1,8,0,3008,0,168,16,11800,39,0,9,RL-J3,23.0,90.0,91.7578125,1.7578125,90.17540957137388,-1.5824029286261236
142,144,7,8,0,3009,0,-52,0,11800,39,0,9,RL-J3,143.0,94.482421875,91.845703125,-2.63671875,91.4640783032155,-0.38162482178449864
261,263,13,8,0,3055,450,-136,0,11800,39,0,9,RL-J3,262.0,99.31640625,95.888671875,-3.427734375,94.56393375898891,-1.3247381160110905
381,383,19,8,0,3089,150,-40,1,11800,39,0,9,RL-J3,382.0,99.31640625,98.876953125,-0.439453125,98.75487546270269,-0.12207766229731476
501,503,25,8,0,3092,50,-20,0,11800,39,0,9,RL-J3,502.0,99.31640625,99.140625,-0.17578125,99.21642508455426,0.07580008455425968
621,623,31,8,0,3095,0,0,0,11800,39,0,9,RL-J3,622.0,99.31640625,99.404296875,0.087890625,99.22429668373243,-0.18000019126756683
741,743,37,8,0,3093,0,0,0,11700,39,0,9,RL-J3,742.0,99.31640625,99.228515625,-0.087890625,99.17951823106405,-0.04899739393594871
861,863,43,8,0,3091,0,-24,0,11800,39,0,9,RL-J3,862.0,98.96484375,99.052734375,0.087890625,99.1522381637511,0.09950378875109323
982,984,49,8,0,3073,-350,144,1,11800,39,0,9,RL-J3,983.0,92.8125,97.470703125,4.658203125,98.35051824700278,0.8798151220027819
1101,1103,55,8,0,3016,-450,156,2,11800,39,0,9,RL-J3,1102.0,89.912109375,92.4609375,2.548828125,93.33947026488379,0.8785327648837864
1222,1224,61,8,0,3000,0,104,5,11800,39,0,9,RL-J3,1223.0,90.087890625,91.0546875,0.966796875,90.49894514737957,-0.5557423526204275
1341,1343,67,8,0,3004,0,100,4,11800,39,0,9,RL-J3,1342.0,90.52734375,91.40625,0.87890625,91.86549712762373,0.4592471276237262
1462,1464,73,8,0,3004,0,32,1,11800,39,0,9,RL-J3,1463.0,91.23046875,91.40625,0.17578125,92.7170483939949,1.3107983939949008
1581,1583,79,8,0,3007,-50,0,0,11700,39,0,9,RL-J3,1582.0,91.58203125,91.669921875,0.087890625,93.12124779189766,1.4513259168976589
1701,1703,85,8,0,3008,0,24,0,11700,39,0,9,RL-J3,1702.0,91.58203125,91.7578125,0.17578125,93.34970946049566,1.59189696049566
1821,1823,91,8,0,3010,50,68,2,11700,39,0,9,RL-J3,1822.0,91.318359375,91.93359375,0.615234375,93.15536596907394,1.2217722190739408
1941,1943,97,8,0,3014,0,116,5,11700,39,0,9,RL-J3,1942.0,91.142578125,92.28515625,1.142578125,92.67721658715858,0.3920603371585827
2061,2063,103,8,0,3011,-50,84,3,11700,39,0,9,RL-J3,2062.0,91.142578125,92.021484375,0.87890625,92.42919546522529,0.4077110902252912
2181,2183,109,8,0,3009,0,44,1,11800,39,0,9,RL-J3,2182.0,92.28515625,91.845703125,-0.439453125,92.36675432055333,0.5210511955533264
2302,2304,115,8,0,3042,450,-116,0,11800,39,0,9,RL-J3,2303.0,99.580078125,94.74609375,-4.833984375,93.92400555101905,-0.8220881989809499
2421,2423,121,8,0,3100,450,-88,0,11800,39,0,9,RL-J3,2422.0,101.6015625,99.84375,-1.7578125,98.44052046872466,-1.4032295312753433
2535,2537,127,8,0,3123,150,-20,0,11800,39,0,9,RL-J3,2536.0,102.041015625,101.865234375,-0.17578125,101.34045738478537,-0.5247769902146331
2657,2659,133,8,0,3121,-50,-48,1,11800,39,0,9,RL-J3,2658.0,102.041015625,101.689453125,-0.3515625,101.85270083417531,0.16324770917530884
2778,2780,139,8,0,3116,-200,104,1,11600,39,0,9,RL-J3,2779.0,99.404296875,101.25,1.845703125,101.6833513073106,0.4333513073106019
2896,2898,145,8,0,3101,-50,92,3,11800,40,0,9,RL-J3,2897.0,97.91015625,99.931640625,2.021484375,99.44702961857446,-0.48461100642553845
3016,3018,151,8,0,3062,-550,208,4,11700,39,0,9,RL-J3,3017.0,90.087890625,96.50390625,6.416015625,97.21329699940901,0.7093907494090104
3135,3137,157,8,0,3002,-350,108,2,11800,39,0,9,RL-J3,3136.0,90.0,91.23046875,1.23046875,91.84281647277527,0.6123477227752687
3255,3257,163,8,0,2997,50,84,4,11800,39,0,9,RL-J3,3256.0,90.0,90.791015625,0.791015625,91.01514157028564,0.22412594528563545
3378,3380,169,8,0,2999,0,96,4,11800,39,0,9,RL-J3,3379.0,90.0,90.966796875,0.966796875,91.11672259454316,0.14992571954316247
3496,3498,175,8,0,2999,0,96,3,11800,39,0,9,RL-J3,3497.0,90.0,90.966796875,0.966796875,91.6244235751435,0.6576267001434957
3615,3617,181,8,0,2999,0,96,4,11800,39,0,9,RL-J3,3616.0,90.0,90.966796875,0.966796875,92.41526376816587,1.4484668931658717
3738,3740,187,8,0,3002,0,120,7,11800,39,0,9,RL-J3,3739.0,90.0,91.23046875,1.23046875,91.83967934248604,0.6092105924860363
3855,3857,193,8,0,3000,0,104,5,11800,39,0,9,RL-J3,3856.0,90.0,91.0546875,1.0546875,91.43828494175047,0.3835974417504673
3975,3977,199,8,0,2997,-50,76,3,11800,39,0,9,RL-J3,3976.0,90.0,90.791015625,0.791015625,90.9522065748734,0.16119094987340077
4095,4097,205,8,0,2997,0,80,3,11800,39,0,9,RL-J3,4096.0,90.0,90.791015625,0.791015625,90.87288506118212,0.08186943618211728
4214,4216,211,8,0,2997,0,80,3,11800,39,0,9,RL-J3,4215.0,90.0,90.791015625,0.791015625,90.94361368829493,0.1525980632949313
4334,4336,217,8,0,2997,0,80,3,11800,39,0,9,RL-J3,4335.0,90.0,90.791015625,0.791015625,90.9607237435832,0.1697081185832019
4454,4456,223,8,0,2997,0,80,3,11800,39,0,9,RL-J3,4455.0,90.0,90.791015625,0.791015625,90.97256879831241,0.18155317331240894
4574,4576,229,8,0,2997,0,80,3,11800,39,0,9,RL-J3,4575.0,90.0,90.791015625,0.791015625,90.98284932139957,0.19183369639956993
4694,4696,235,8,0,2997,0,80,3,11800,39,0,9,RL-J3,4695.0,90.0,90.791015625,0.791015625,90.98503414548694,0.19401852048693513
4814,4816,241,8,0,2997,0,80,3,11800,39,0,9,RL-J3,4815.0,90.0,90.791015625,0.791015625,90.99027457295556,0.1992589479555562
4934,4936,247,8,0,2997,0,80,3,11800,39,0,9,RL-J3,4935.0,90.0,90.791015625,0.791015625,90.99383788939952,0.202822264399515
5054,5056,253,8,0,2997,0,80,3,11800,39,0,9,RL-J3,5055.0,90.0,90.791015625,0.791015625,90.99623651752326,0.2052208925232577
24,26,1,9,0,1943,0,-72,2,11900,38,0,10,RR-J1,25.0,0.0,-0.703125,-0.703125,0.007482000677174854,0.7106070006771749
144,146,7,9,0,1943,0,-72,3,11900,38,0,10,RR-J1,145.0,0.0,-0.703125,-0.703125,0.20907005410932458,0.9121950541093246
263,265,13,9,0,1948,50,-24,0,11900,38,0,10,RR-J1,264.0,0.0,-0.263671875,-0.263671875,0.8812871083975096,1.1449589833975096
383,385,19,9,0,1958,50,68,2,11800,38,0,10,RR-J1,384.0,0.0,0.615234375,0.615234375,0.9810534505006788,0.3658190755006788
503,505,25,9,0,1960,50,84,3,11800,38,0,10,RR-J1,504.0,0.0,0.791015625,0.791015625,0.9422094214855029,0.1511937964855029
623,625,31,9,0,1960,0,80,3,11800,38,0,10,RR-J1,624.0,0.0,0.791015625,0.791015625,0.9619985806959164,0.17098295569591637
743,745,37,9,0,1959,0,72,2,11800,38,0,10,RR-J1,744.0,0.0,0.703125,0.703125,0.8989237682398147,0.19579876823981468
863,865,43,9,0,1959,0,72,3,11800,38,0,10,RR-J1,864.0,0.0,0.703125,0.703125,0.7503429726683143,0.04721797266831429
984,986,49,9,0,1960,50,84,3,11800,38,0,10,RR-J1,985.0,0.0,0.791015625,0.791015625,1.149462400489733,0.3584467754897329
1103,1105,55,9,0,1958,-50,60,2,11900,38,0,10,RR-J1,1104.0,0.0,0.615234375,0.615234375,1.0387040962376182,0.42346972123761817
1224,1226,61,9,0,1958,0,80,3,11900,38,0,10,RR-J1,1225.0,-0.17578125,0.615234375,0.791015625,0.5536972574105739,-0.06153711758942615
1343,1345,67,9,0,1950,-50,84,3,11900,38,0,10,RR-J1,1344.0,-0.966796875,-0.087890625,0.87890625,0.028419417620988503,0.1163100426209885
1464,1466,73,9,0,1944,0,144,8,11900,38,0,10,RR-J1,1465.0,-2.373046875,-0.615234375,1.7578125,0.08646144435072595,0.7016958193507259
1583,1585,79,9,0,1941,-50,280,28,11700,38,0,10,RR-J1,1584.0,-4.306640625,-0.87890625,3.427734375,-0.8871435102942852,-0.008237260294285176
1703,1705,85,9,0,1913,-300,224,12,11700,38,0,10,RR-J1,1704.0,-6.240234375,-3.33984375,2.900390625,-3.3699568608142325,-0.030113110814232513
1823,1825,91,9,0,1887,-100,176,12,11700,38,0,10,RR-J1,1824.0,-7.734375,-5.625,2.109375,-6.156308388566787,-0.5313083885667869
1943,1945,97,9,0,1881,-50,244,24,11600,38,0,10,RR-J1,1944.0,-8.701171875,-6.15234375,2.548828125,-7.713134153803425,-1.5607904038034253
2063,2065,103,9,0,1868,-100,152,9,11800,38,0,10,RR-J1,2064.0,-8.96484375,-7.294921875,1.669921875,-8.073361271471745,-0.7784393964717449
2183,2185,109,9,0,1867,0,152,9,11800,38,0,10,RR-J1,2184.0,-8.96484375,-7.3828125,1.58203125,-8.195186083659811,-0.8123735836598112
2304,2306,115,9,0,1867,0,152,10,11800,38,0,10,RR-J1,2305.0,-8.96484375,-7.3828125,1.58203125,-8.105406285503395,-0.7225937855033955
2423,2425,121,9,0,1868,0,160,10,11800,38,0,10,RR-J1,2424.0,-8.96484375,-7.294921875,1.669921875,-8.443974539363019,-1.149052664363019
2537,2539,127,9,0,1869,0,168,16,11800,38,0,10,RR-J1,2538.0,-8.96484375,-7.20703125,1.7578125,-8.612461014636917,-1.4054297646369172
2659,2661,133,9,0,1869,0,168,11,11800,38,0,10,RR-J1,2660.0,-8.96484375,-7.20703125,1.7578125,-8.594672121926086,-1.3876408719260862
2780,2782,139,9,0,1867,0,152,8,11800,38,0,10,RR-J1,2781.0,-8.96484375,-7.3828125,1.58203125,-9.05924225306702,-1.6764297530670191
2898,2900,145,9,0,1857,-50,64,1,11900,38,0,10,RR-J1,2899.0,-8.96484375,-8.26171875,0.703125,-11.026045574163758,-2.764326824163758
3018,3020,151,9,0,1852,0,32,1,11800,38,0,10,RR-J1,3019.0,-8.96484375,-8.701171875,0.263671875,-8.288109110770547,0.4130627642294531
3137,3139,157,9,0,1846,-50,-36,1,11900,38,0,10,RR-J1,3138.0,-8.96484375,-9.228515625,-0.263671875,-8.908228946798,0.32028667820200063
3257,3259,163,9,0,1845,0,-40,1,11900,38,0,10,RR-J1,3258.0,-8.96484375,-9.31640625,-0.3515625,-8.924822977928025,0.3915832720719745
3380,3382,169,9,0,1847,0,-24,0,11900,38,0,10,RR-J1,3381.0,-8.96484375,-9.140625,-0.17578125,-8.906033078360668,0.23459192163933196
3498,3500,175,9,0,1846,0,-72,3,11900,38,0,10,RR-J1,3499.0,-6.50390625,-9.228515625,-2.724609375,-9.136292702139086,0.09222292286091438
3617,3619,181,9,0,1875,450,-304,20,11800,38,0,10,RR-J1,3618.0,0.0,-6.6796875,-6.6796875,-6.193932040447708,0.4857554595522924
3740,3742,187,9,0,1924,300,-212,12,11800,38,0,10,RR-J1,3741.0,0.0,-2.373046875,-2.373046875,-1.619689683342711,0.753357191657289
3857,3859,193,9,0,1928,0,-192,14,11800,38,0,10,RR-J1,3858.0,0.0,-2.021484375,-2.021484375,-0.628495942357881,1.392988432642119
3977,3979,199,9,0,1935,50,-132,7,11900,38,0,10,RR-J1,3978.0,0.0,-1.40625,-1.40625,-0.012671766883752881,1.3935782331162472
4097,4099,205,9,0,1935,0,-136,7,11900,72,0,10,RR-J1,4098.0,0.0,-1.40625,-1.40625,0.08304402411255603,1.489294024112556
4112,4114,206,9,0,1935,0,-136,7,11800,38,0,10,RR-J1,4113.0,0.0,-1.40625,-1.40625,0.09838084651092013,1.5046308465109202
4232,4234,212,9,0,1935,0,-136,8,11900,38,0,10,RR-J1,4233.0,0.0,-1.40625,-1.40625,0.20647538381521205,1.612725383815212
4352,4354,218,9,0,1935,0,-136,7,11900,38,0,10,RR-J1,4353.0,0.0,-1.40625,-1.40625,0.27058573393819174,1.6768357339381916
4472,4474,224,9,0,1935,0,-136,8,11900,38,0,10,RR-J1,4473.0,0.0,-1.40625,-1.40625,0.3135986872858108,1.7198486872858108
4592,4594,230,9,0,1935,0,-136,8,11900,38,0,10,RR-J1,4593.0,0.0,-1.40625,-1.40625,0.3424197390201876,1.7486697390201875
4712,4714,236,9,0,1935,0,-136,8,11900,38,0,10,RR-J1,4713.0,0.0,-1.40625,-1.40625,0.36051722649345824,1.7667672264934582
4832,4834,242,9,0,1935,0,-136,8,11900,38,0,10,RR-J1,4833.0,0.0,-1.40625,-1.40625,0.37430478200174944,1.7805547820017495
4952,4954,248,9,0,1935,0,-136,7,11900,38,0,10,RR-J1,4953.0,0.0,-1.40625,-1.40625,0.38442775129812407,1.790677751298124
5072,5074,254,9,0,1935,0,-136,7,11900,38,0,10,RR-J1,5073.0,0.0,-1.40625,-1.40625,0.3916473804830576,1.7978973804830576
42,44,2,10,0,2773,0,-40,3,11700,33,0,11,RR-J2,43.0,45.966796875,45.52734375,-0.439453125,46.017120237246544,0.48977648724654443
162,164,8,10,0,2774,0,-32,1,11800,33,0,11,RR-J2,163.0,45.966796875,45.615234375,-0.3515625,45.84889464362846,0.23366026862846212
281,283,14,10,0,2779,50,8,0,11700,33,0,11,RR-J2,282.0,45.966796875,46.0546875,0.087890625,45.91310500325911,-0.14158249674088808
401,403,20,10,0,2777,50,-56,4,11700,33,0,11,RR-J2,402.0,46.669921875,45.87890625,-0.791015625,45.483552995175295,-0.3953532548247054
521,523,26,10,0,2786,100,-128,18,11800,33,0,11,RR-J2,522.0,48.515625,46.669921875,-1.845703125,46.66236297305499,-0.007558901945010632
641,643,32,10,0,2809,250,-168,26,11500,33,0,11,RR-J2,642.0,50.9765625,48.69140625,-2.28515625,48.964666441707436,0.2732601917074362
761,763,38,10,0,2841,300,-132,18,11600,33,0,11,RR-J2,762.0,53.173828125,51.50390625,-1.669921875,51.11331489798965,-0.3905913520103468
881,883,44,10,0,2867,200,-48,2,11700,33,0,11,RR-J2,882.0,54.404296875,53.7890625,-0.615234375,53.363853890350384,-0.4252086096496157
1002,1004,50,10,0,2878,50,8,0,11700,33,0,11,RR-J2,1003.0,54.66796875,54.755859375,0.087890625,55.13136417122392,0.37550479622392174
1121,1123,56,10,0,2878,0,8,0,11800,33,0,11,RR-J2,1122.0,54.931640625,54.755859375,-0.17578125,55.286605757802825,0.5307463828028247
1242,1244,62,10,0,2897,250,-104,9,11800,33,0,11,RR-J2,1243.0,58.271484375,56.42578125,-1.845703125,56.16402936923304,-0.2617518807669583
1361,1363,68,10,0,2921,50,4,0,11800,33,0,11,RR-J2,1362.0,58.271484375,58.53515625,0.263671875,59.2532953559422,0.7181391059421998
1482,1484,74,10,0,2908,-150,92,9,11700,33,0,11,RR-J2,1483.0,56.07421875,57.392578125,1.318359375,60.21421894189073,2.821640816890728
1601,1603,80,10,0,2892,-100,144,33,11700,34,0,11,RR-J2,1602.0,54.228515625,55.986328125,1.7578125,58.31554135185244,2.3292132268524384
1721,1723,86,10,0,2882,-50,204,51,11400,33,0,11,RR-J2,1722.0,52.822265625,55.107421875,2.28515625,55.14896682389208,0.04154494889208138
1841,1843,92,10,0,2871,-150,188,38,11500,33,0,11,RR-J2,1842.0,52.119140625,54.140625,2.021484375,52.876686336696295,-1.2639386633037049
1962,1964,98,10,0,2859,-150,208,44,11400,34,0,11,RR-J2,1963.0,50.09765625,53.0859375,2.98828125,52.151880255073664,-0.9340572449263362
2081,2083,104,10,0,2812,-450,172,45,11600,34,0,11,RR-J2,2082.0,46.7578125,48.955078125,2.197265625,49.69977396161522,0.7446958366152217
2201,2203,110,10,0,2800,-150,104,17,11700,33,0,11,RR-J2,2202.0,46.93359375,47.900390625,0.966796875,46.95839415019728,-0.9419964748027212
2322,2324,116,10,0,2799,0,40,3,11800,33,0,11,RR-J2,2323.0,47.63671875,47.8125,0.17578125,47.09939240793366,-0.7131075920663434
2441,2443,122,10,0,2809,150,-36,0,11800,33,0,11,RR-J2,2442.0,49.39453125,48.69140625,-0.703125,47.33423886026929,-1.3571673897307122
2555,2557,128,10,0,2820,50,-40,3,11700,33,0,11,RR-J2,2556.0,50.09765625,49.658203125,-0.439453125,48.90763668636836,-0.7505664386316369
2676,2678,134,10,0,2827,100,16,0,11800,33,0,11,RR-J2,2677.0,50.09765625,50.2734375,0.17578125,49.85357215821906,-0.41986534178094104
2796,2798,140,10,0,2828,0,24,1,11700,33,0,11,RR-J2,2797.0,50.09765625,50.361328125,0.263671875,49.05071925086183,-1.3106088741381683
2918,2920,146,10,0,2826,0,8,0,11700,33,0,11,RR-J2,2919.0,50.09765625,50.185546875,0.087890625,49.31844491422293,-0.8671019607770702
3036,3038,152,10,0,2826,0,8,0,11700,33,0,11,RR-J2,3037.0,50.09765625,50.185546875,0.087890625,50.00245890239189,-0.1830879726081065
3155,3157,158,10,0,2827,50,16,0,11700,33,0,11,RR-J2,3156.0,50.09765625,50.2734375,0.17578125,50.417282635959765,0.143845135959765
3275,3277,164,10,0,2822,-100,-28,0,11800,33,0,11,RR-J2,3276.0,50.09765625,49.833984375,-0.263671875,50.28154736807095,0.44756299307095304
3398,3400,170,10,0,2842,350,-108,10,11700,33,0,11,RR-J2,3399.0,53.701171875,51.591796875,-2.109375,50.79184575321153,-0.7999511217884674
3518,3520,176,10,0,2868,50,72,4,11800,33,0,11,RR-J2,3519.0,52.20703125,53.876953125,1.669921875,53.63621801807914,-0.24073510692085875
3635,3637,182,10,0,2826,-250,24,1,11700,34,0,11,RR-J2,3636.0,49.921875,50.185546875,0.263671875,50.22969482924696,0.04414795424695939
3758,3760,188,10,0,2806,-250,40,0,11700,34,0,11,RR-J2,3759.0,47.28515625,48.427734375,1.142578125,49.04953054655126,0.6217961715512601
3875,3877,194,10,0,2780,-100,16,0,11700,33,0,11,RR-J2,3876.0,45.966796875,46.142578125,0.17578125,46.15833675645449,0.015758631454488636
3995,3997,200,10,0,2778,0,0,0,11800,33,0,11,RR-J2,3996.0,45.966796875,45.966796875,0.0,45.779726266114906,-0.18707060888509375
4114,4116,206,10,0,2775,-150,-24,0,11700,33,0,11,RR-J2,4115.0,45.966796875,45.703125,-0.263671875,45.767338773687,0.06421377368700121
4234,4236,212,10,0,2775,0,-24,1,11700,34,0,11,RR-J2,4235.0,45.966796875,45.703125,-0.263671875,45.74531787056228,0.042192870562281826
4354,4356,218,10,0,2776,0,-16,0,11700,33,0,11,RR-J2,4355.0,45.966796875,45.791015625,-0.17578125,45.7553471069519,-0.03566851804809801
4474,4476,224,10,0,2777,0,-8,0,11800,34,0,11,RR-J2,4475.0,45.966796875,45.87890625,-0.087890625,45.758456843871805,-0.12044940612819488
4594,4596,230,10,0,2777,0,-8,0,11800,33,0,11,RR-J2,4595.0,45.966796875,45.87890625,-0.087890625,45.761887118154306,-0.11701913184569435
4714,4716,236,10,0,2777,0,-8,0,11700,33,0,11,RR-J2,4715.0,45.966796875,45.87890625,-0.087890625,45.764483300932895,-0.11442294906710515
4834,4836,242,10,0,2777,0,-8,0,11700,33,0,11,RR-J2,4835.0,45.966796875,45.87890625,-0.087890625,45.765274875973375,-0.1136313740266246
4954,4956,248,10,0,2777,0,-8,0,11800,34,0,11,RR-J2,4955.0,45.966796875,45.87890625,-0.087890625,45.76608870803551,-0.11281754196448901
5074,5076,254,10,0,2777,0,-8,0,11700,33,0,11,RR-J2,5075.0,45.966796875,45.87890625,-0.087890625,45.76670946151225,-0.11219678848775061
44,46,2,11,0,1001,0,-176,12,11700,39,0,12,RR-J3,45.0,90.0,91.845703125,1.845703125,90.67497768089282,-1.1707254441071768
164,166,8,11,0,1001,0,-176,16,11800,42,0,12,RR-J3,165.0,90.0,91.845703125,1.845703125,91.26903533160103,-0.5766677933989683
283,285,14,11,0,1000,0,-184,18,11800,150,0,12,RR-J3,284.0,90.0,91.93359375,1.93359375,91.75108233876517,-0.1825114112348274
403,405,20,11,0,998,0,-200,18,11800,39,0,12,RR-J3,404.0,90.0,92.109375,2.109375,92.49204591847825,0.3826709184782544
523,525,26,11,0,997,0,-220,20,11700,39,0,12,RR-J3,524.0,89.912109375,92.197265625,2.28515625,92.36478049590973,0.16751487090972716
643,645,32,11,0,997,0,-260,35,11700,40,0,12,RR-J3,644.0,89.384765625,92.197265625,2.8125,91.92631544074321,-0.2709501842567903
763,765,38,11,0,998,50,-316,42,11600,39,0,12,RR-J3,764.0,88.681640625,92.109375,3.427734375,90.8723996321605,-1.2369753678395057
883,885,44,11,0,999,0,-364,51,11600,39,0,12,RR-J3,884.0,88.06640625,92.021484375,3.955078125,90.12152067253813,-1.899963702461875
1004,1006,50,11,0,1008,50,-308,40,11600,39,0,12,RR-J3,1005.0,87.890625,91.23046875,3.33984375,89.02068658423929,-2.209782165760714
1123,1125,56,11,0,1023,0,-168,10,11700,39,0,12,RR-J3,1124.0,88.2421875,89.912109375,1.669921875,88.95459414216295,-0.9575152328370535
1244,1246,62,11,0,1012,-400,80,0,11700,39,0,12,RR-J3,1245.0,95.185546875,90.87890625,-4.306640625,89.69712628310641,-1.1817799668935862
1363,1365,68,11,0,953,-550,116,0,11800,39,0,12,RR-J3,1364.0,98.876953125,96.064453125,-2.8125,94.30084407381851,-1.76360905118149
1484,1486,74,11,0,909,-300,-24,0,11800,39,0,12,RR-J3,1485.0,100.1953125,99.931640625,-0.263671875,98.24479761711328,-1.686843007886722
1603,1605,80,11,0,894,-150,-20,0,11700,39,0,12,RR-J3,1604.0,101.337890625,101.25,-0.087890625,100.05749839019502,-1.192501609804978
1723,1725,86,11,0,890,0,44,0,11700,39,0,12,RR-J3,1724.0,102.041015625,101.6015625,-0.439453125,101.40852393302742,-0.19303856697257515
1843,1845,92,11,0,883,0,28,0,11600,39,0,12,RR-J3,1844.0,102.392578125,102.216796875,-0.17578125,102.15976581616638,-0.05703105883361559
1964,1966,98,11,0,887,150,-48,1,11600,39,0,12,RR-J3,1965.0,99.4921875,101.865234375,2.373046875,102.3747576293149,0.5095232543148995
2083,2085,104,11,0,926,450,-228,7,11600,39,0,12,RR-J3,2084.0,93.69140625,98.4375,4.74609375,99.64940182365241,1.2119018236524113
2203,2205,110,11,0,975,300,-48,0,11700,39,0,12,RR-J3,2204.0,93.515625,94.130859375,0.615234375,94.9329744044152,0.8021150294152051
2324,2326,116,11,0,979,0,-24,0,11800,39,0,12,RR-J3,2325.0,93.603515625,93.779296875,0.17578125,94.50693464881019,0.7276377738101871
2443,2445,122,11,0,973,-50,-88,4,11800,39,0,12,RR-J3,2444.0,93.515625,94.306640625,0.791015625,95.95676799149786,1.6501273664978555
2557,2559,128,11,0,969,0,-120,6,11700,39,0,12,RR-J3,2558.0,93.427734375,94.658203125,1.23046875,95.84541164243885,1.1872085174388474
2678,2680,134,11,0,970,0,-112,5,11800,39,0,12,RR-J3,2679.0,93.427734375,94.5703125,1.142578125,94.90128226737274,0.33096976737273565
2798,2800,140,11,0,972,50,-92,4,11700,39,0,12,RR-J3,2799.0,93.427734375,94.39453125,0.966796875,94.57918736152813,0.18465611152812755
2920,2922,146,11,0,971,0,-104,5,11800,39,0,12,RR-J3,2921.0,93.427734375,94.482421875,1.0546875,94.86546458869735,0.38304271369734977
3038,3040,152,11,0,971,0,-104,5,11800,39,0,12,RR-J3,3039.0,93.427734375,94.482421875,1.0546875,95.5424139547213,1.0599920797212974
3157,3159,158,11,0,972,0,-96,4,11800,39,0,12,RR-J3,3158.0,93.427734375,94.39453125,0.966796875,94.72643333350197,0.3319020835019728
3277,3279,164,11,0,972,0,-96,4,11800,39,0,12,RR-J3,3278.0,93.427734375,94.39453125,0.966796875,94.21948774879553,-0.17504350120447043
3400,3402,170,11,0,966,-50,96,1,11800,39,0,12,RR-J3,3401.0,99.66796875,94.921875,-4.74609375,95.03783730306245,0.11596230306244593
3520,3522,176,11,0,918,-400,96,0,11800,39,0,12,RR-J3,3521.0,99.140625,99.140625,0.0,98.95801159864209,-0.18261340135791215
3637,3639,182,11,0,907,0,-216,10,11700,39,0,12,RR-J3,3638.0,97.119140625,100.107421875,2.98828125,99.77019113573914,-0.33723073926086045
3760,3762,188,11,0,924,100,-336,33,11600,39,0,12,RR-J3,3761.0,92.28515625,98.61328125,6.328125,97.39850098810872,-1.2147802618912777
3877,3879,194,11,0,982,550,-268,16,11700,39,0,12,RR-J3,3878.0,90.0,93.515625,3.515625,92.75507562477597,-0.7605493752240307
3997,3999,200,11,0,1008,100,-112,4,11800,39,0,12,RR-J3,3998.0,90.0,91.23046875,1.23046875,90.84907890667866,-0.38138984332134385
4132,4134,207,11,0,1006,-50,-140,8,11800,39,0,12,RR-J3,4133.0,90.0,91.40625,1.40625,91.09062616642754,-0.3156238335724595
4252,4254,213,11,0,1005,0,-144,9,11800,39,0,12,RR-J3,4253.0,90.0,91.494140625,1.494140625,91.01716318876208,-0.47697743623791666
4372,4374,219,11,0,1006,0,-136,7,11800,39,0,12,RR-J3,4373.0,90.0,91.40625,1.40625,91.01497390486405,-0.3912760951359502
4492,4494,225,11,0,1006,0,-136,7,11700,39,0,12,RR-J3,4493.0,90.0,91.40625,1.40625,91.0098795853339,-0.39637041466609446
4612,4614,231,11,0,1006,0,-136,6,11800,39,0,12,RR-J3,4613.0,90.0,91.40625,1.40625,91.01095058686056,-0.3952994131394405
4732,4734,237,11,0,1006,0,-136,7,11800,39,0,12,RR-J3,4733.0,90.0,91.40625,1.40625,91.01130538785455,-0.3949446121454514
4852,4854,243,11,0,1006,0,-136,7,11800,39,0,12,RR-J3,4853.0,90.0,91.40625,1.40625,91.00918271867471,-0.3970672813252918
4972,4974,249,11,0,1006,0,-136,7,11800,39,0,12,RR-J3,4973.0,90.0,91.40625,1.40625,91.00825286164748,-0.3979971383525225
5092,5094,255,11,0,1006,0,-136,7,11800,39,0,12,RR-J3,5093.0,90.0,91.40625,1.40625,91.00758940657055,-0.3986605934294545
