begin,end,command,joint,status,raw,speed_raw,load_raw,current_raw,voltage_mv,temperature_c,hardware_error,servo_id,joint_name,time_ms,target_deg,actual_deg,error_deg
0,2,0,0,0,1928,0,0,0,11400,30,0,1,FL-J1,1.0,0.0,0.087890625,0.087890625
2,4,0,1,0,1555,0,8,0,11400,29,0,2,FL-J2,3.0,45.966796875,45.87890625,-0.087890625
22,24,1,2,0,3001,0,104,8,11500,33,0,3,FL-J3,23.0,90.0,91.0546875,1.0546875
24,26,1,3,0,2084,0,-48,2,11500,31,0,4,FR-J1,25.0,0.0,-0.439453125,-0.439453125
42,44,2,4,0,2443,0,-16,1,11500,28,0,5,FR-J2,43.0,46.142578125,45.791015625,-0.3515625
44,46,2,5,0,1037,0,-160,10,11500,32,0,6,FR-J3,45.0,90.17578125,91.7578125,1.58203125
62,64,3,6,0,2106,0,24,0,11400,31,0,7,RL-J1,63.0,0.0,-0.17578125,-0.17578125
64,66,3,7,0,1424,0,64,5,11500,28,0,8,RL-J2,65.0,46.40625,45.52734375,-0.87890625
81,83,4,8,0,3010,0,144,9,11400,34,0,9,RL-J3,82.0,91.318359375,91.93359375,0.615234375
83,85,4,9,0,1952,0,0,0,11500,32,0,10,RR-J1,84.0,0.0,0.087890625,0.087890625
101,103,5,10,0,2773,0,-40,3,11400,30,0,11,RR-J2,102.0,45.966796875,45.52734375,-0.439453125
103,105,5,11,0,1002,0,-168,11,11400,32,0,12,RR-J3,104.0,90.0,91.7578125,1.7578125
122,124,6,0,0,1928,0,0,0,11300,30,0,1,FL-J1,123.0,0.0,0.087890625,0.087890625
124,126,6,1,0,1555,0,8,1,11500,29,0,2,FL-J2,125.0,45.966796875,45.87890625,-0.087890625
142,144,7,2,0,3001,0,104,10,11600,33,0,3,FL-J3,143.0,90.0,91.0546875,1.0546875
144,146,7,3,0,2084,0,-68,2,11500,31,0,4,FR-J1,145.0,0.263671875,-0.439453125,-0.703125
162,164,8,4,0,2460,250,-124,16,11500,28,0,5,FR-J2,163.0,49.658203125,47.28515625,-2.373046875
164,166,8,5,0,1031,-250,80,0,11600,32,0,6,FR-J3,165.0,95.9765625,92.28515625,-3.69140625
182,184,9,6,0,2106,0,24,0,11400,31,0,7,RL-J1,183.0,0.0,-0.17578125,-0.17578125
184,186,9,7,0,1399,-400,168,23,11500,28,0,8,RL-J2,185.0,50.361328125,47.724609375,-2.63671875
202,204,10,8,0,3030,350,-96,0,11400,34,0,9,RL-J3,203.0,97.91015625,93.69140625,-4.21875
204,206,10,9,0,1953,50,28,1,11400,32,0,10,RR-J1,205.0,0.0,0.17578125,0.17578125
221,223,11,10,0,2775,0,-16,0,11400,30,0,11,RR-J2,222.0,45.87890625,45.703125,-0.17578125
223,225,11,11,0,1001,-50,-180,13,11300,32,0,12,RR-J3,224.0,90.0,91.845703125,1.845703125
241,243,12,0,0,1933,50,44,1,11400,30,0,1,FL-J1,242.0,0.0,-0.3515625,-0.3515625
243,245,12,1,0,1551,0,-32,2,11400,29,0,2,FL-J2,244.0,45.87890625,46.23046875,0.3515625
261,263,13,2,0,3002,0,112,10,11600,33,0,3,FL-J3,262.0,90.0,91.142578125,1.142578125
263,265,13,3,0,2098,50,-36,1,11500,31,0,4,FR-J1,264.0,1.494140625,0.791015625,-0.703125
281,283,14,4,0,2512,500,-84,7,11500,29,0,5,FR-J2,282.0,52.998046875,51.85546875,-1.142578125
283,285,14,5,0,979,-500,164,1,11600,31,0,6,FR-J3,284.0,100.1953125,96.85546875,-3.33984375
301,303,15,6,0,2111,0,64,1,11400,31,0,7,RL-J1,302.0,0.0,-0.615234375,-0.615234375
303,305,15,7,0,1350,-400,44,3,11500,28,0,8,RL-J2,304.0,52.734375,52.03125,-0.703125
321,323,16,8,0,3075,250,-136,2,11500,34,0,9,RL-J3,322.0,99.31640625,97.646484375,-1.669921875
323,325,16,9,0,1954,0,32,0,11500,32,0,10,RR-J1,324.0,0.0,0.263671875,0.263671875
341,343,17,10,0,2777,0,-24,1,11400,30,0,11,RR-J2,342.0,46.23046875,45.87890625,-0.3515625
343,345,17,11,0,1000,0,-184,13,11400,32,0,12,RR-J3,344.0,90.0,91.93359375,1.93359375
361,363,18,0,0,1935,0,56,1,11300,30,0,1,FL-J1,362.0,0.0,-0.52734375,-0.52734375
363,365,18,1,0,1547,-100,-24,2,11500,29,0,2,FL-J2,364.0,46.318359375,46.58203125,0.263671875
381,383,19,2,0,3003,0,120,11,11600,33,0,3,FL-J3,382.0,90.0,91.23046875,1.23046875
383,385,19,3,0,2116,150,-76,0,11500,31,0,4,FR-J1,384.0,3.8671875,2.373046875,-1.494140625
401,403,20,4,0,2532,100,-44,3,11500,29,0,5,FR-J2,402.0,54.228515625,53.61328125,-0.615234375
403,405,20,5,0,941,-250,88,1,11600,32,0,6,FR-J3,404.0,101.162109375,100.1953125,-0.966796875
421,423,21,6,0,2107,0,32,1,11400,31,0,7,RL-J1,422.0,0.0,-0.263671875,-0.263671875
423,425,21,7,0,1340,0,16,0,11500,28,0,8,RL-J2,424.0,53.0859375,52.91015625,-0.17578125
441,443,22,8,0,3091,0,-28,1,11400,34,0,9,RL-J3,442.0,99.31640625,99.052734375,-0.263671875
443,445,22,9,0,1957,0,56,2,11400,32,0,10,RR-J1,444.0,0.0,0.52734375,0.52734375
461,463,23,10,0,2778,50,-112,18,11400,30,0,11,RR-J2,462.0,47.4609375,45.966796875,-1.494140625
463,465,23,11,0,998,-50,-204,22,11400,32,0,12,RR-J3,464.0,90.0,92.109375,2.109375
481,483,24,0,0,1937,0,72,2,11300,30,0,1,FL-J1,482.0,0.0,-0.703125,-0.703125
483,485,24,1,0,1539,-100,16,1,11500,29,0,2,FL-J2,484.0,47.724609375,47.28515625,-0.439453125
501,503,25,2,0,3003,0,132,19,11500,33,0,3,FL-J3,502.0,89.912109375,91.23046875,1.318359375
503,505,25,3,0,2146,300,-104,1,11500,32,0,4,FR-J1,504.0,7.294921875,5.009765625,-2.28515625
521,523,26,4,0,2540,0,-16,0,11500,28,0,5,FR-J2,522.0,54.4921875,54.31640625,-0.17578125
523,525,26,5,0,925,-150,60,1,11600,32,0,6,FR-J3,524.0,102.392578125,101.6015625,-0.791015625
541,543,27,6,0,2102,-100,-24,0,11400,31,0,7,RL-J1,542.0,0.0,0.17578125,0.17578125
543,545,27,7,0,1344,0,16,0,11400,28,0,8,RL-J2,544.0,52.470703125,52.55859375,0.087890625
561,563,28,8,0,3095,0,0,0,11400,34,0,9,RL-J3,562.0,99.31640625,99.404296875,0.087890625
563,565,28,9,0,1957,0,56,2,11400,32,0,10,RR-J1,564.0,0.0,0.52734375,0.52734375
581,583,29,10,0,2793,150,-188,42,11300,30,0,11,RR-J2,582.0,49.658203125,47.28515625,-2.373046875
583,585,29,11,0,997,0,-228,27,11400,32,0,12,RR-J3,584.0,89.736328125,92.197265625,2.4609375
601,603,30,0,0,1935,0,56,1,11300,30,0,1,FL-J1,602.0,0.0,-0.52734375,-0.52734375
603,605,30,1,0,1520,-150,68,6,11400,29,0,2,FL-J2,604.0,50.185546875,48.955078125,-1.23046875
621,623,31,2,0,3004,50,180,30,11500,33,0,3,FL-J3,622.0,89.47265625,91.318359375,1.845703125
623,625,31,3,0,2184,350,-120,2,11500,37,0,4,FR-J1,624.0,10.986328125,8.349609375,-2.63671875
641,643,32,4,0,2536,-50,12,0,11400,29,0,5,FR-J2,642.0,53.7890625,53.96484375,0.17578125
643,645,32,5,0,913,-100,44,1,11600,31,0,6,FR-J3,644.0,103.095703125,102.65625,-0.439453125
661,663,33,6,0,2100,-50,-44,1,11400,31,0,7,RL-J1,662.0,0.0,0.3515625,0.3515625
663,665,33,7,0,1352,0,-36,2,11400,28,0,8,RL-J2,664.0,51.240234375,51.85546875,0.615234375
681,683,34,8,0,3095,0,-20,0,11400,34,0,9,RL-J3,682.0,99.404296875,99.404296875,0.0
683,685,34,9,0,1957,0,56,2,11400,32,0,10,RR-J1,684.0,0.0,0.52734375,0.52734375
701,703,35,10,0,2825,250,-152,22,11300,30,0,11,RR-J2,702.0,52.20703125,50.09765625,-2.109375
703,705,35,11,0,998,0,-276,29,11300,32,0,12,RR-J3,704.0,89.033203125,92.109375,3.076171875
721,723,36,0,0,1933,-50,36,1,11300,30,0,1,FL-J1,722.0,0.0,-0.3515625,-0.3515625
723,725,36,1,0,1487,-300,52,4,11400,29,0,2,FL-J2,724.0,52.822265625,51.85546875,-0.966796875
741,743,37,2,0,3005,0,256,45,11400,33,0,3,FL-J3,742.0,88.681640625,91.40625,2.724609375
743,745,37,3,0,2226,300,-116,2,11500,31,0,4,FR-J1,744.0,14.4140625,12.041015625,-2.373046875
761,763,38,4,0,2524,-100,0,0,11400,29,0,5,FR-J2,762.0,52.822265625,52.91015625,0.087890625
763,765,38,5,0,908,-100,28,0,11500,32,0,6,FR-J3,764.0,103.359375,103.095703125,-0.263671875
781,783,39,6,0,2100,0,-40,0,11400,31,0,7,RL-J1,782.0,0.0,0.3515625,0.3515625
783,785,39,7,0,1364,150,-60,5,11400,28,0,8,RL-J2,784.0,49.921875,50.80078125,0.87890625
801,803,40,8,0,3090,-50,-44,2,11400,34,0,9,RL-J3,802.0,99.31640625,98.96484375,-0.3515625
803,805,40,9,0,1955,-50,36,0,11400,32,0,10,RR-J1,804.0,0.0,0.3515625,0.3515625
821,823,41,10,0,2857,250,-80,5,11300,30,0,11,RR-J2,822.0,53.96484375,52.91015625,-1.0546875
823,825,41,11,0,1000,0,-336,41,11300,32,0,12,RR-J3,824.0,88.330078125,91.93359375,3.603515625
841,843,42,0,0,1933,0,40,1,11300,30,0,1,FL-J1,842.0,0.0,-0.3515625,-0.3515625
843,845,42,1,0,1459,-150,8,0,11400,29,0,2,FL-J2,844.0,54.4921875,54.31640625,-0.17578125
861,863,43,2,0,2997,-150,256,26,11400,33,0,3,FL-J3,862.0,87.890625,90.703125,2.8125
863,865,43,3,0,2262,250,-96,1,11500,31,0,4,FR-J1,864.0,16.787109375,15.205078125,-1.58203125
881,883,44,4,0,2515,-100,12,0,11400,29,0,5,FR-J2,882.0,51.767578125,52.119140625,0.3515625
883,885,44,5,0,908,0,20,0,11600,31,0,6,FR-J3,884.0,102.65625,103.095703125,0.439453125
901,903,45,6,0,2107,0,32,0,11400,31,0,7,RL-J1,902.0,0.0,-0.263671875,-0.263671875
903,905,45,7,0,1377,-50,-72,6,11400,28,0,8,RL-J2,904.0,48.427734375,49.658203125,1.23046875
921,923,46,8,0,3090,-150,72,2,11400,34,0,9,RL-J3,922.0,96.767578125,98.96484375,2.197265625
923,925,46,9,0,1956,0,48,1,11400,32,0,10,RR-J1,924.0,0.0,0.439453125,0.439453125
942,944,47,10,0,2873,100,-32,1,11400,30,0,11,RR-J2,943.0,54.66796875,54.31640625,-0.3515625
944,946,47,11,0,1010,250,-276,32,11300,32,0,12,RR-J3,945.0,87.890625,91.0546875,3.1640625
962,964,48,0,0,1935,0,56,2,11300,30,0,1,FL-J1,963.0,0.0,-0.52734375,-0.52734375
964,966,48,1,0,1443,-100,-44,3,11400,29,0,2,FL-J2,965.0,55.283203125,55.72265625,0.439453125
982,984,49,2,0,2987,-50,204,37,11600,33,0,3,FL-J3,983.0,87.626953125,89.82421875,2.197265625
984,986,49,3,0,2285,100,-48,1,11500,31,0,4,FR-J1,985.0,17.841796875,17.2265625,-0.615234375
1002,1004,50,4,0,2486,-250,88,4,11400,29,0,5,FR-J2,1003.0,47.98828125,49.5703125,1.58203125
1004,1006,50,5,0,924,150,-240,7,11600,31,0,6,FR-J3,1005.0,95.888671875,101.689453125,5.80078125
1021,1023,51,6,0,2107,0,32,0,11400,31,0,7,RL-J1,1022.0,0.0,-0.263671875,-0.263671875
1023,1025,51,7,0,1421,550,-64,2,11400,28,0,8,RL-J2,1024.0,44.47265625,45.791015625,1.318359375
1041,1043,52,8,0,3051,-400,220,6,11400,34,0,9,RL-J3,1042.0,90.263671875,95.537109375,5.2734375
1043,1045,52,9,0,1956,0,48,1,11400,32,0,10,RR-J1,1044.0,0.0,0.439453125,0.439453125
1061,1063,53,10,0,2882,0,24,0,11400,30,0,11,RR-J2,1062.0,54.84375,55.107421875,0.263671875
1063,1065,53,11,0,1017,100,-232,17,11300,32,0,12,RR-J3,1064.0,87.890625,90.439453125,2.548828125
1081,1083,54,0,0,1937,0,72,2,11300,30,0,1,FL-J1,1082.0,0.0,-0.703125,-0.703125
1083,1085,54,1,0,1441,0,-48,3,11500,29,0,2,FL-J2,1084.0,55.37109375,55.8984375,0.52734375
1101,1103,55,2,0,2968,-150,56,2,11600,33,0,3,FL-J3,1102.0,87.5390625,88.154296875,0.615234375
1103,1105,55,3,0,2290,0,-40,0,11500,31,0,4,FR-J1,1104.0,18.017578125,17.666015625,-0.3515625
1121,1123,56,4,0,2463,-50,48,3,11500,29,0,5,FR-J2,1122.0,47.021484375,47.548828125,0.52734375
1123,1125,56,5,0,975,400,-264,18,11500,32,0,6,FR-J3,1124.0,93.8671875,97.20703125,3.33984375
1141,1143,57,6,0,2102,-50,-24,1,11400,31,0,7,RL-J1,1142.0,0.0,0.17578125,0.17578125
1143,1145,57,7,0,1446,50,16,0,11500,28,0,8,RL-J2,1144.0,43.76953125,43.59375,-0.17578125
1161,1163,58,8,0,3004,-200,132,5,11400,34,0,9,RL-J3,1162.0,90.0,91.40625,1.40625
1163,1165,58,9,0,1954,0,32,1,11500,32,0,10,RR-J1,1164.0,0.0,0.263671875,0.263671875
1182,1184,59,10,0,2881,0,-40,2,11400,30,0,11,RR-J2,1183.0,56.07421875,55.01953125,-1.0546875
1184,1186,59,11,0,1025,0,-80,3,11400,32,0,12,RR-J3,1185.0,90.52734375,89.736328125,-0.791015625
1202,1204,60,0,0,1937,0,84,3,11300,30,0,1,FL-J1,1203.0,0.087890625,-0.703125,-0.791015625
1204,1206,60,1,0,1435,-200,48,3,11500,29,0,2,FL-J2,1205.0,57.48046875,56.42578125,-1.0546875
1222,1224,61,2,0,2971,100,-120,3,11600,35,0,3,FL-J3,1223.0,92.8125,88.41796875,-4.39453125
1224,1226,61,3,0,2289,0,-32,0,11500,31,0,4,FR-J1,1225.0,17.841796875,17.578125,-0.263671875
1242,1244,62,4,0,2460,0,0,0,11500,29,0,5,FR-J2,1243.0,47.4609375,47.28515625,-0.17578125
1244,1246,62,5,0,992,50,-152,9,11600,32,0,6,FR-J3,1245.0,94.04296875,95.712890625,1.669921875
1262,1264,63,6,0,2100,0,-60,2,11400,31,0,7,RL-J1,1263.0,-0.263671875,0.3515625,0.615234375
1264,1266,63,7,0,1447,0,80,10,11400,28,0,8,RL-J2,1265.0,44.47265625,43.505859375,-0.966796875
1282,1284,64,8,0,3006,50,136,7,11400,35,0,9,RL-J3,1283.0,90.17578125,91.58203125,1.40625
1284,1286,64,9,0,1954,0,68,2,11500,33,0,10,RR-J1,1285.0,-0.439453125,0.263671875,0.703125
1302,1304,65,10,0,2914,350,-96,8,11400,30,0,11,RR-J2,1303.0,59.0625,57.919921875,-1.142578125
1304,1306,65,11,0,989,-500,136,0,11400,32,0,12,RR-J3,1305.0,97.822265625,92.900390625,-4.921875
1321,1323,66,0,0,1924,-250,-20,0,11300,30,0,1,FL-J1,1322.0,0.703125,0.439453125,-0.263671875
1323,1325,66,1,0,1399,-250,32,2,11500,29,0,2,FL-J2,1324.0,59.765625,59.58984375,-0.17578125
1341,1343,67,2,0,3026,600,-208,9,11500,33,0,3,FL-J3,1342.0,98.26171875,93.251953125,-5.009765625
1343,1345,67,3,0,2289,0,48,1,11500,31,0,4,FR-J1,1344.0,17.138671875,17.578125,0.439453125
1361,1363,68,4,0,2472,150,-24,1,11400,29,0,5,FR-J2,1362.0,48.8671875,48.33984375,-0.52734375
1363,1365,68,5,0,992,0,-148,8,11600,32,0,6,FR-J3,1364.0,94.130859375,95.712890625,1.58203125
1382,1384,69,6,0,2101,50,-128,7,11400,31,0,7,RL-J1,1383.0,-1.318359375,0.263671875,1.58203125
1384,1386,69,7,0,1436,-100,144,32,11400,28,0,8,RL-J2,1385.0,46.40625,44.47265625,-1.93359375
1402,1404,70,8,0,3008,0,100,4,11400,34,0,9,RL-J3,1403.0,90.791015625,91.7578125,0.966796875
1404,1406,70,9,0,1945,-50,84,2,11400,32,0,10,RR-J1,1405.0,-1.494140625,-0.52734375,0.966796875
1422,1424,71,10,0,2918,-150,68,3,11400,30,0,11,RR-J2,1423.0,57.392578125,58.271484375,0.87890625
1424,1426,71,11,0,931,-450,76,0,11400,32,0,12,RR-J3,1425.0,99.4921875,97.998046875,-1.494140625
1442,1444,72,0,0,1914,-100,36,0,11300,30,0,1,FL-J1,1443.0,2.021484375,1.318359375,-0.703125
1444,1446,72,1,0,1413,250,-32,1,11400,29,0,2,FL-J2,1445.0,57.568359375,58.359375,0.791015625
1462,1464,73,2,0,3081,300,-108,5,11500,33,0,3,FL-J3,1463.0,99.84375,98.0859375,-1.7578125
1464,1466,73,3,0,2287,0,148,11,11500,31,0,4,FR-J1,1465.0,15.732421875,17.40234375,1.669921875
1482,1484,74,4,0,2490,150,-76,5,11400,29,0,5,FR-J2,1483.0,50.9765625,49.921875,-1.0546875
1484,1486,74,5,0,992,0,-152,9,11600,32,0,6,FR-J3,1485.0,94.04296875,95.712890625,1.669921875
1502,1504,75,6,0,2114,100,-152,7,11300,31,0,7,RL-J1,1503.0,-2.900390625,-0.87890625,2.021484375
1504,1506,75,7,0,1408,-250,184,41,11400,28,0,8,RL-J2,1505.0,49.39453125,46.93359375,-2.4609375
1522,1524,76,8,0,3007,0,32,1,11300,34,0,9,RL-J3,1523.0,91.40625,91.669921875,0.263671875
1524,1526,76,9,0,1945,50,236,21,11400,32,0,10,RR-J1,1525.0,-3.1640625,-0.52734375,2.63671875
1541,1543,77,10,0,2902,-100,120,19,11300,30,0,11,RR-J2,1542.0,55.1953125,56.865234375,1.669921875
1543,1545,77,11,0,904,-100,0,0,11300,32,0,12,RR-J3,1544.0,100.72265625,100.37109375,-0.3515625
1561,1563,78,0,0,1897,-200,60,0,11300,30,0,1,FL-J1,1562.0,3.779296875,2.8125,-0.966796875
1563,1565,78,1,0,1441,300,-40,1,11400,29,0,2,FL-J2,1564.0,55.107421875,55.8984375,0.791015625
1581,1583,79,2,0,3104,100,-72,3,11500,33,0,3,FL-J3,1582.0,101.07421875,100.107421875,-0.966796875
1583,1585,79,3,0,2291,0,332,56,11400,31,0,4,FR-J1,1584.0,13.88671875,17.75390625,3.8671875
1601,1603,80,4,0,2513,200,-100,7,11400,28,0,5,FR-J2,1602.0,53.26171875,51.943359375,-1.318359375
1603,1605,80,5,0,992,0,-196,14,11400,32,0,6,FR-J3,1604.0,93.603515625,95.712890625,2.109375
1621,1623,81,6,0,2138,250,-116,3,11300,31,0,7,RL-J1,1622.0,-4.833984375,-2.98828125,1.845703125
1623,1625,81,7,0,1361,-450,104,8,11400,28,0,8,RL-J2,1624.0,52.55859375,51.064453125,-1.494140625
1641,1643,82,8,0,3007,0,0,0,11400,34,0,9,RL-J3,1642.0,91.58203125,91.669921875,0.087890625
1643,1645,82,9,0,1929,-250,252,19,11300,32,0,10,RR-J1,1644.0,-5.09765625,-1.93359375,3.1640625
1661,1663,83,10,0,2888,-50,188,34,11200,30,0,11,RR-J2,1662.0,53.525390625,55.634765625,2.109375
1663,1665,83,11,0,892,-50,28,0,11300,32,0,12,RR-J3,1664.0,101.689453125,101.42578125,-0.263671875
1681,1683,84,0,0,1874,-150,48,0,11300,30,0,1,FL-J1,1682.0,5.80078125,4.833984375,-0.966796875
1683,1685,84,1,0,1469,200,-24,0,11400,29,0,2,FL-J2,1684.0,52.91015625,53.4375,0.52734375
1701,1703,85,2,0,3117,50,-60,4,11500,33,0,3,FL-J3,1702.0,101.865234375,101.25,-0.615234375
1703,1705,85,3,0,2273,-250,356,56,11400,31,0,4,FR-J1,1704.0,11.865234375,16.171875,4.306640625
1721,1723,86,4,0,2531,100,-132,18,11400,29,0,5,FR-J2,1722.0,55.1953125,53.525390625,-1.669921875
1723,1725,86,5,0,990,0,-272,29,11400,32,0,6,FR-J3,1724.0,92.900390625,95.888671875,2.98828125
1741,1743,87,6,0,2162,200,-104,3,11300,31,0,7,RL-J1,1742.0,-6.6796875,-5.09765625,1.58203125
1743,1745,87,7,0,1328,-250,88,7,11400,28,0,8,RL-J2,1744.0,55.1953125,53.96484375,-1.23046875
1761,1763,88,8,0,3007,0,24,0,11400,34,0,9,RL-J3,1762.0,91.494140625,91.669921875,0.17578125
1763,1765,88,9,0,1895,-250,156,5,11300,32,0,10,RR-J1,1764.0,-6.943359375,-4.921875,2.021484375
1781,1783,89,10,0,2877,-150,200,67,11300,30,0,11,RR-J2,1782.0,52.3828125,54.66796875,2.28515625
1783,1785,89,11,0,884,-100,-20,0,11300,32,0,12,RR-J3,1784.0,102.216796875,102.12890625,-0.087890625
1801,1803,90,0,0,1854,-150,56,0,11300,30,0,1,FL-J1,1802.0,7.3828125,6.591796875,-0.791015625
1803,1805,90,1,0,1487,150,-16,0,11400,29,0,2,FL-J2,1804.0,51.50390625,51.85546875,0.3515625
1821,1823,91,2,0,3124,100,-48,2,11400,33,0,3,FL-J3,1822.0,102.3046875,101.865234375,-0.439453125
1823,1825,91,3,0,2242,-200,268,23,11400,31,0,4,FR-J1,1824.0,10.283203125,13.447265625,3.1640625
1841,1843,92,4,0,2534,0,-208,65,11400,29,0,5,FR-J2,1842.0,56.337890625,53.7890625,-2.548828125
1843,1845,92,5,0,989,0,-356,50,11400,32,0,6,FR-J3,1844.0,92.109375,95.9765625,3.8671875
1861,1863,93,6,0,2174,100,-168,9,11300,31,0,7,RL-J1,1862.0,-8.0859375,-6.15234375,1.93359375
1863,1865,93,7,0,1312,-150,120,24,11300,28,0,8,RL-J2,1864.0,56.865234375,55.37109375,-1.494140625
1881,1883,94,8,0,3011,50,84,3,11300,34,0,9,RL-J3,1882.0,91.23046875,92.021484375,0.791015625
1883,1885,94,9,0,1878,-50,168,12,11200,32,0,10,RR-J1,1884.0,-8.173828125,-6.416015625,1.7578125
1901,1903,95,10,0,2870,0,196,39,11100,30,0,11,RR-J2,1902.0,51.767578125,54.052734375,2.28515625
1903,1905,95,11,0,881,0,0,0,11300,32,0,12,RR-J3,1904.0,102.216796875,102.392578125,0.17578125
1921,1923,96,0,0,1837,-150,40,0,11300,30,0,1,FL-J1,1922.0,8.525390625,8.0859375,-0.439453125
1923,1925,96,1,0,1498,50,-16,1,11300,29,0,2,FL-J2,1924.0,50.361328125,50.888671875,0.52734375
1941,1943,97,2,0,3125,50,28,0,11400,33,0,3,FL-J3,1942.0,100.8984375,101.953125,1.0546875
1943,1945,97,3,0,2222,-50,216,17,11300,31,0,4,FR-J1,1944.0,9.31640625,11.689453125,2.373046875
1961,1963,98,4,0,2542,150,-208,52,11100,29,0,5,FR-J2,1962.0,56.865234375,54.4921875,-2.373046875
1963,1965,98,5,0,989,0,-404,69,11300,31,0,6,FR-J3,1964.0,91.58203125,95.9765625,4.39453125
1982,1984,99,6,0,2186,100,-140,7,11300,105,0,7,RL-J1,1983.0,-8.7890625,-7.20703125,1.58203125
1984,1986,99,7,0,1299,-100,96,10,11400,28,0,8,RL-J2,1985.0,57.568359375,56.513671875,-1.0546875
2002,2004,100,8,0,3012,0,96,4,11300,34,0,9,RL-J3,2003.0,91.142578125,92.109375,0.966796875
2004,2006,100,9,0,1871,-100,172,11,11400,32,0,10,RR-J1,2005.0,-8.876953125,-7.03125,1.845703125
2022,2024,101,10,0,2840,-450,244,54,11100,30,0,11,RR-J2,2023.0,48.1640625,51.416015625,3.251953125
2024,2026,101,11,0,896,200,-180,5,11300,32,0,12,RR-J3,2025.0,96.240234375,101.07421875,4.833984375
2041,2043,102,0,0,1829,-50,20,0,11300,30,0,1,FL-J1,2042.0,8.96484375,8.7890625,-0.17578125
2043,2045,102,1,0,1530,350,-72,3,11400,29,0,2,FL-J2,2044.0,46.669921875,48.076171875,1.40625
2061,2063,103,2,0,3096,-400,188,6,11500,33,0,3,FL-J3,2062.0,94.306640625,99.404296875,5.09765625
2063,2065,103,3,0,2216,-50,212,24,11400,31,0,4,FR-J1,2064.0,8.96484375,11.162109375,2.197265625
2081,2083,104,4,0,2558,100,-112,18,11400,29,0,5,FR-J2,2082.0,57.12890625,55.8984375,-1.23046875
2083,2085,104,5,0,989,0,-424,89,11300,31,0,6,FR-J3,2084.0,91.40625,95.9765625,4.5703125
2101,2103,105,6,0,2189,0,-144,9,11300,31,0,7,RL-J1,2102.0,-8.96484375,-7.470703125,1.494140625
2103,2105,105,7,0,1289,-50,24,1,11400,28,0,8,RL-J2,2104.0,57.65625,57.392578125,-0.263671875
2121,2123,106,8,0,3009,0,72,3,11400,35,0,9,RL-J3,2122.0,91.142578125,91.845703125,0.703125
2123,2125,106,9,0,1865,0,136,7,11400,32,0,10,RR-J1,2124.0,-8.96484375,-7.55859375,1.40625
2141,2143,107,10,0,2806,-200,168,29,11200,30,0,11,RR-J2,2142.0,46.58203125,48.427734375,1.845703125
2143,2145,107,11,0,957,500,-124,0,11300,32,0,12,RR-J3,2144.0,93.515625,95.712890625,2.197265625
2161,2163,108,0,0,1829,0,24,0,11300,30,0,1,FL-J1,2162.0,8.96484375,8.7890625,-0.17578125
2163,2165,108,1,0,1555,50,0,0,11400,29,0,2,FL-J2,2164.0,45.87890625,45.87890625,0.0
2181,2183,109,2,0,3049,-300,160,19,11500,33,0,3,FL-J3,2182.0,93.515625,95.2734375,1.7578125
2183,2185,109,3,0,2211,-50,164,14,11500,31,0,4,FR-J1,2184.0,8.96484375,10.72265625,1.7578125
2201,2203,110,4,0,2562,50,-120,19,11500,29,0,5,FR-J2,2202.0,58.0078125,56.25,-1.7578125
2203,2205,110,5,0,1004,300,-220,19,11500,32,0,6,FR-J3,2204.0,92.98828125,94.658203125,1.669921875
2222,2224,111,6,0,2192,0,-120,6,11400,31,0,7,RL-J1,2223.0,-8.96484375,-7.734375,1.23046875
2224,2226,111,7,0,1281,-100,48,3,11400,28,0,8,RL-J2,2225.0,59.0625,58.095703125,-0.966796875
2242,2244,112,8,0,3014,150,-48,0,11400,34,0,9,RL-J3,2243.0,95.185546875,92.28515625,-2.900390625
2244,2246,112,9,0,1865,0,136,8,11400,32,0,10,RR-J1,2245.0,-8.96484375,-7.55859375,1.40625
2262,2264,113,10,0,2798,-50,88,12,11400,30,0,11,RR-J2,2263.0,46.93359375,47.724609375,0.791015625
2264,2266,113,11,0,980,50,-20,0,11400,32,0,12,RR-J3,2265.0,93.515625,93.69140625,0.17578125
2282,2284,114,0,0,1827,0,0,0,11300,30,0,1,FL-J1,2283.0,8.96484375,8.96484375,0.0
2284,2286,114,1,0,1555,0,48,4,11400,29,0,2,FL-J2,2285.0,46.40625,45.87890625,-0.52734375
2302,2304,115,2,0,3046,50,148,10,11500,33,0,3,FL-J3,2303.0,93.515625,95.009765625,1.494140625
2304,2306,115,3,0,2203,0,104,4,11500,31,0,4,FR-J1,2305.0,8.96484375,10.01953125,1.0546875
2322,2324,116,4,0,2599,450,-124,12,11500,28,0,5,FR-J2,2323.0,61.171875,59.501953125,-1.669921875
2324,2326,116,5,0,998,-200,164,3,11600,32,0,6,FR-J3,2325.0,100.107421875,95.185546875,-4.921875
2341,2343,117,6,0,2195,0,-92,4,11400,31,0,7,RL-J1,2342.0,-8.96484375,-7.998046875,0.966796875
2343,2345,117,7,0,1245,-300,40,2,11500,28,0,8,RL-J2,2344.0,61.69921875,61.259765625,-0.439453125
2361,2363,118,8,0,3064,500,-148,0,11500,34,0,9,RL-J3,2362.0,100.986328125,96.6796875,-4.306640625
2363,2365,118,9,0,1865,0,136,8,11500,32,0,10,RR-J1,2364.0,-8.96484375,-7.55859375,1.40625
2381,2383,119,10,0,2800,50,16,1,11400,30,0,11,RR-J2,2382.0,47.98828125,47.900390625,-0.087890625
2383,2385,119,11,0,974,-100,-72,3,11400,32,0,12,RR-J3,2384.0,93.603515625,94.21875,0.615234375
2401,2403,120,0,0,1835,100,80,3,11400,30,0,1,FL-J1,2402.0,8.96484375,8.26171875,-0.703125
2403,2405,120,1,0,1544,-100,80,7,11500,29,0,2,FL-J2,2404.0,47.900390625,46.845703125,-1.0546875
2421,2423,121,2,0,3049,0,160,11,11500,33,0,3,FL-J3,2422.0,93.603515625,95.2734375,1.669921875
2423,2425,121,3,0,2196,0,48,1,11500,31,0,4,FR-J1,2424.0,8.96484375,9.404296875,0.439453125
2441,2443,122,4,0,2608,-150,36,0,11500,29,0,5,FR-J2,2442.0,59.58984375,60.29296875,0.703125
2443,2445,122,5,0,944,-400,124,1,11600,31,0,6,FR-J3,2444.0,101.77734375,99.931640625,-1.845703125
2461,2463,123,6,0,2200,0,-56,2,11400,33,0,7,RL-J1,2462.0,-8.96484375,-8.4375,0.52734375
2463,2465,123,7,0,1251,250,-72,4,11400,28,0,8,RL-J2,2464.0,59.501953125,60.732421875,1.23046875
2481,2483,124,8,0,3113,300,-60,0,11400,34,0,9,RL-J3,2482.0,101.865234375,100.986328125,-0.87890625
2483,2485,124,9,0,1866,0,144,9,11400,32,0,10,RR-J1,2484.0,-8.96484375,-7.470703125,1.494140625
2501,2503,125,10,0,2812,50,-64,3,11400,30,0,11,RR-J2,2502.0,50.009765625,48.955078125,-1.0546875
2503,2505,125,11,0,968,-50,-124,6,11400,32,0,12,RR-J3,2504.0,93.427734375,94.74609375,1.318359375
2521,2523,126,0,0,1836,0,80,2,11300,30,0,1,FL-J1,2522.0,8.96484375,8.173828125,-0.791015625
2523,2525,126,1,0,1541,0,240,71,11200,29,0,2,FL-J2,2524.0,50.09765625,47.109375,-2.98828125
2541,2543,127,2,0,3050,0,188,21,11300,33,0,3,FL-J3,2542.0,93.427734375,95.361328125,1.93359375
2543,2545,127,3,0,2196,0,48,2,11400,31,0,4,FR-J1,2544.0,8.96484375,9.404296875,0.439453125
2561,2563,128,4,0,2579,-250,40,1,11400,28,0,5,FR-J2,2562.0,56.865234375,57.744140625,0.87890625
2563,2565,128,5,0,922,-50,52,1,11500,31,0,6,FR-J3,2564.0,102.392578125,101.865234375,-0.52734375
2581,2583,129,6,0,2199,0,-64,1,11300,31,0,7,RL-J1,2582.0,-8.96484375,-8.349609375,0.615234375
2583,2585,129,7,0,1280,200,-92,10,11400,28,0,8,RL-J2,2584.0,56.689453125,58.18359375,1.494140625
2601,2603,130,8,0,3123,50,-60,1,11300,34,0,9,RL-J3,2602.0,102.48046875,101.865234375,-0.615234375
2603,2605,130,9,0,1866,0,144,9,11400,32,0,10,RR-J1,2604.0,-8.96484375,-7.470703125,1.494140625
2621,2623,131,10,0,2834,250,-104,9,11300,30,0,11,RR-J2,2622.0,52.3828125,50.888671875,-1.494140625
2623,2625,131,11,0,966,0,-160,10,11300,32,0,12,RR-J3,2624.0,93.076171875,94.921875,1.845703125
2641,2643,132,0,0,1836,0,80,3,11300,30,0,1,FL-J1,2642.0,8.96484375,8.173828125,-0.791015625
2643,2645,132,1,0,1514,-350,264,68,11200,29,0,2,FL-J2,2644.0,52.734375,49.482421875,-3.251953125
2661,2663,133,2,0,3050,0,236,29,11400,33,0,3,FL-J3,2662.0,92.900390625,95.361328125,2.4609375
2663,2665,133,3,0,2196,0,48,1,11500,31,0,4,FR-J1,2664.0,8.96484375,9.404296875,0.439453125
2681,2683,134,4,0,2550,-250,36,0,11400,28,0,5,FR-J2,2682.0,54.4921875,55.1953125,0.703125
2683,2685,134,5,0,919,0,48,1,11600,32,0,6,FR-J3,2684.0,102.568359375,102.12890625,-0.439453125
2701,2703,135,6,0,2201,0,-48,1,11400,31,0,7,RL-J1,2702.0,-8.96484375,-8.525390625,0.439453125
2703,2705,135,7,0,1309,150,-116,18,11400,28,0,8,RL-J2,2704.0,54.140625,55.634765625,1.494140625
2721,2723,136,8,0,3126,0,-52,2,11400,34,0,9,RL-J3,2722.0,102.65625,102.12890625,-0.52734375
2723,2725,136,9,0,1865,0,136,7,11400,32,0,10,RR-J1,2724.0,-8.96484375,-7.55859375,1.40625
2741,2743,137,10,0,2869,150,-28,0,11300,30,0,11,RR-J2,2742.0,54.4921875,53.96484375,-0.52734375
2743,2745,137,11,0,968,0,-196,20,11400,32,0,12,RR-J3,2744.0,92.63671875,94.74609375,2.109375
2761,2763,138,0,0,1836,0,80,3,11300,30,0,1,FL-J1,2762.0,8.96484375,8.173828125,-0.791015625
2763,2765,138,1,0,1470,-300,124,14,11400,29,0,2,FL-J2,2764.0,55.01953125,53.349609375,-1.669921875
2781,2783,139,2,0,3050,0,296,39,11400,33,0,3,FL-J3,2782.0,92.197265625,95.361328125,3.1640625
2783,2785,139,3,0,2196,0,48,1,11500,31,0,4,FR-J1,2784.0,8.96484375,9.404296875,0.439453125
2801,2803,140,4,0,2526,-200,4,0,11400,29,0,5,FR-J2,2802.0,52.91015625,53.0859375,0.17578125
2803,2805,140,5,0,917,-100,32,1,11600,31,0,6,FR-J3,2804.0,102.65625,102.3046875,-0.3515625
2821,2823,141,6,0,2205,100,24,0,11400,31,0,7,RL-J1,2822.0,-8.96484375,-8.876953125,0.087890625
2823,2825,141,7,0,1344,250,-16,0,11400,28,0,8,RL-J2,2824.0,52.20703125,52.55859375,0.3515625
2841,2843,142,8,0,3129,50,-28,1,11400,34,0,9,RL-J3,2842.0,102.65625,102.392578125,-0.263671875
2843,2845,142,9,0,1864,0,128,7,11400,32,0,10,RR-J1,2844.0,-8.96484375,-7.646484375,1.318359375
2861,2863,143,10,0,2893,150,32,2,11400,30,0,11,RR-J2,2862.0,55.8984375,56.07421875,0.17578125
2863,2865,143,11,0,980,100,-148,8,11400,32,0,12,RR-J3,2864.0,92.021484375,93.69140625,1.669921875
2881,2883,144,0,0,1835,50,72,2,11300,30,0,1,FL-J1,2882.0,8.96484375,8.26171875,-0.703125
2883,2885,144,1,0,1438,-250,32,2,11400,29,0,2,FL-J2,2884.0,56.6015625,56.162109375,-0.439453125
2901,2903,145,2,0,3049,0,352,88,11300,33,0,3,FL-J3,2902.0,91.58203125,95.2734375,3.69140625
2903,2905,145,3,0,2196,0,48,1,11500,31,0,4,FR-J1,2904.0,8.96484375,9.404296875,0.439453125
2921,2923,146,4,0,2515,-150,12,0,11400,29,0,5,FR-J2,2922.0,52.03125,52.119140625,0.087890625
2923,2925,146,5,0,916,0,32,1,11600,32,0,6,FR-J3,2924.0,102.65625,102.392578125,-0.263671875
2941,2943,147,6,0,2206,0,0,0,11400,31,0,7,RL-J1,2942.0,-8.96484375,-8.96484375,0.0
2943,2945,147,7,0,1358,200,0,0,11400,28,0,8,RL-J2,2944.0,51.240234375,51.328125,0.087890625
2961,2963,148,8,0,3130,0,0,0,11400,34,0,9,RL-J3,2962.0,102.3046875,102.48046875,0.17578125
2963,2965,148,9,0,1864,0,128,6,11400,32,0,10,RR-J1,2964.0,-8.96484375,-7.646484375,1.318359375
2981,2983,149,10,0,2907,50,60,4,11400,30,0,11,RR-J2,2982.0,56.77734375,57.3046875,0.52734375
2983,2985,149,11,0,989,0,-132,7,11400,32,0,12,RR-J3,2984.0,91.58203125,92.900390625,1.318359375
3001,3003,150,0,0,1836,0,80,3,11300,30,0,1,FL-J1,3002.0,8.96484375,8.173828125,-0.791015625
3003,3005,150,1,0,1425,-50,8,1,11400,29,0,2,FL-J2,3004.0,57.392578125,57.3046875,-0.087890625
3022,3024,151,2,0,3044,-50,336,52,11400,33,0,3,FL-J3,3023.0,91.23046875,94.833984375,3.603515625
3024,3026,151,3,0,2196,0,48,1,11500,31,0,4,FR-J1,3025.0,8.96484375,9.404296875,0.439453125
3042,3044,152,4,0,2499,-250,44,2,11400,29,0,5,FR-J2,3043.0,49.482421875,50.712890625,1.23046875
3044,3046,152,5,0,919,50,-132,3,11500,32,0,6,FR-J3,3045.0,98.61328125,102.12890625,3.515625
3062,3064,153,6,0,2207,0,0,0,11400,31,0,7,RL-J1,3063.0,-8.96484375,-9.052734375,-0.087890625
3064,3066,153,7,0,1380,250,-64,2,11400,29,0,8,RL-J2,3065.0,47.900390625,49.39453125,1.494140625
3082,3084,154,8,0,3111,-350,148,2,11400,35,0,9,RL-J3,3083.0,95.9765625,100.810546875,4.833984375
3084,3086,154,9,0,1864,0,128,6,11400,32,0,10,RR-J1,3085.0,-8.96484375,-7.646484375,1.318359375
3101,3103,155,10,0,2909,50,40,3,11400,30,0,11,RR-J2,3102.0,57.12890625,57.48046875,0.3515625
3103,3105,155,11,0,990,0,-128,8,11400,32,0,12,RR-J3,3104.0,91.494140625,92.8125,1.318359375
3121,3123,156,0,0,1836,0,80,2,11300,30,0,1,FL-J1,3122.0,8.96484375,8.173828125,-0.791015625
3123,3125,156,1,0,1424,0,24,1,11300,29,0,2,FL-J2,3124.0,57.65625,57.392578125,-0.263671875
3141,3143,157,2,0,3040,-50,312,42,11400,33,0,3,FL-J3,3142.0,91.142578125,94.482421875,3.33984375
3143,3145,157,3,0,2192,0,0,0,11500,31,0,4,FR-J1,3144.0,8.96484375,9.052734375,0.087890625
3161,3163,158,4,0,2461,-250,68,2,11400,29,0,5,FR-J2,3162.0,46.669921875,47.373046875,0.703125
3163,3165,158,5,0,963,400,-256,12,11500,31,0,6,FR-J3,3164.0,93.603515625,98.26171875,4.658203125
3181,3183,159,6,0,2205,-50,0,0,11400,31,0,7,RL-J1,3182.0,-8.96484375,-8.876953125,0.087890625
3183,3185,159,7,0,1419,250,-16,0,11400,28,0,8,RL-J2,3184.0,45.791015625,45.966796875,0.17578125
3201,3203,160,8,0,3062,-350,220,11,11400,34,0,9,RL-J3,3202.0,93.515625,96.50390625,2.98828125
3203,3205,160,9,0,1861,-50,100,4,11500,32,0,10,RR-J1,3204.0,-8.96484375,-7.91015625,1.0546875
3221,3223,161,10,0,2909,0,32,2,11400,30,0,11,RR-J2,3222.0,57.3046875,57.48046875,0.17578125
3223,3225,161,11,0,990,0,-116,5,11400,32,0,12,RR-J3,3224.0,91.7578125,92.8125,1.0546875
3241,3243,162,0,0,1836,0,80,2,11300,30,0,1,FL-J1,3242.0,8.96484375,8.173828125,-0.791015625
3243,3245,162,1,0,1427,0,80,9,11400,29,0,2,FL-J2,3244.0,58.18359375,57.12890625,-1.0546875
3261,3263,163,2,0,3023,-50,120,7,11600,33,0,3,FL-J3,3262.0,92.900390625,92.98828125,0.087890625
3263,3265,163,3,0,2191,0,0,0,11500,31,0,4,FR-J1,3264.0,8.96484375,8.96484375,0.0
3282,3284,164,4,0,2452,-50,-16,0,11500,29,0,5,FR-J2,3283.0,46.7578125,46.58203125,-0.17578125
3284,3286,164,5,0,994,100,-184,16,11500,31,0,6,FR-J3,3285.0,93.515625,95.537109375,2.021484375
3302,3304,165,6,0,2203,0,-32,0,11400,31,0,7,RL-J1,3303.0,-8.96484375,-8.701171875,0.263671875
3304,3306,165,7,0,1422,0,24,1,11400,28,0,8,RL-J2,3305.0,45.966796875,45.703125,-0.263671875
3322,3324,166,8,0,3048,0,168,12,11400,34,0,9,RL-J3,3323.0,93.515625,95.2734375,1.7578125
3324,3326,166,9,0,1859,0,88,3,11500,32,0,10,RR-J1,3325.0,-8.96484375,-8.0859375,0.87890625
3342,3344,167,10,0,2930,350,-56,1,11400,30,0,11,RR-J2,3343.0,60.46875,59.326171875,-1.142578125
3344,3346,167,11,0,980,-300,136,2,11400,32,0,12,RR-J3,3345.0,98.4375,93.69140625,-4.74609375
3362,3364,168,0,0,1833,-100,48,0,11400,30,0,1,FL-J1,3363.0,8.96484375,8.4375,-0.52734375
3364,3366,168,1,0,1394,-450,100,9,11400,29,0,2,FL-J2,3365.0,61.611328125,60.029296875,-1.58203125
3382,3384,169,2,0,3042,400,-184,5,11500,33,0,3,FL-J3,3383.0,100.107421875,94.658203125,-5.44921875
3384,3386,169,3,0,2195,100,48,1,11500,31,0,4,FR-J1,3385.0,8.96484375,9.31640625,0.3515625
3401,3403,170,4,0,2459,100,-24,0,11500,29,0,5,FR-J2,3402.0,47.724609375,47.197265625,-0.52734375
3403,3405,170,5,0,995,-50,-180,17,11600,32,0,6,FR-J3,3404.0,93.603515625,95.44921875,1.845703125
3421,3423,171,6,0,2202,-50,-40,1,11400,31,0,7,RL-J1,3422.0,-8.96484375,-8.61328125,0.3515625
3423,3425,171,7,0,1414,-50,64,4,11500,28,0,8,RL-J2,3424.0,47.197265625,46.40625,-0.791015625
3441,3443,172,8,0,3051,50,184,19,11400,35,0,9,RL-J3,3442.0,93.603515625,95.537109375,1.93359375
3443,3445,172,9,0,1854,0,48,2,11500,32,0,10,RR-J1,3444.0,-8.96484375,-8.525390625,0.439453125
3461,3463,173,10,0,2950,0,60,2,11400,30,0,11,RR-J2,3462.0,60.205078125,61.083984375,0.87890625
3463,3465,173,11,0,925,-550,176,2,11400,32,0,12,RR-J3,3464.0,101.6015625,98.525390625,-3.076171875
3481,3483,174,0,0,1826,0,0,0,11400,30,0,1,FL-J1,3482.0,8.96484375,9.052734375,0.087890625
3483,3485,174,1,0,1382,200,-24,1,11400,29,0,2,FL-J2,3484.0,60.29296875,61.083984375,0.791015625
3501,3503,175,2,0,3099,400,-128,6,11500,40,0,3,FL-J3,3502.0,101.689453125,99.66796875,-2.021484375
3503,3505,175,3,0,2189,0,-24,0,11500,31,0,4,FR-J1,3504.0,8.96484375,8.7890625,-0.17578125
3522,3524,176,4,0,2468,100,-116,19,11400,28,0,5,FR-J2,3523.0,49.482421875,47.98828125,-1.494140625
3524,3526,176,5,0,995,0,-184,13,11500,32,0,6,FR-J3,3525.0,93.515625,95.44921875,1.93359375
3542,3544,177,6,0,2202,0,-40,1,11300,31,0,7,RL-J1,3543.0,-8.96484375,-8.61328125,0.3515625
3544,3546,177,7,0,1405,-50,176,43,11500,28,0,8,RL-J2,3545.0,49.39453125,47.197265625,-2.197265625
3561,3563,178,8,0,3053,50,212,24,11400,34,0,9,RL-J3,3562.0,93.515625,95.712890625,2.197265625
3563,3565,178,9,0,1854,0,48,1,11400,32,0,10,RR-J1,3564.0,-8.96484375,-8.525390625,0.439453125
3582,3584,179,10,0,2933,-200,144,27,11300,30,0,11,RR-J2,3583.0,57.568359375,59.58984375,2.021484375
3584,3586,179,11,0,886,-100,32,1,11400,32,0,12,RR-J3,3585.0,102.216796875,101.953125,-0.263671875
3601,3603,180,0,0,1826,0,0,0,11300,30,0,1,FL-J1,3602.0,8.96484375,9.052734375,0.087890625
3603,3605,180,1,0,1413,300,-40,2,11400,29,0,2,FL-J2,3604.0,57.392578125,58.359375,0.966796875
3621,3623,181,2,0,3122,100,-68,3,11500,33,0,3,FL-J3,3622.0,102.392578125,101.689453125,-0.703125
3623,3625,181,3,0,2197,50,60,2,11400,31,0,4,FR-J1,3624.0,8.96484375,9.4921875,0.52734375
3641,3643,182,4,0,2480,150,-220,41,11200,29,0,5,FR-J2,3642.0,51.767578125,49.04296875,-2.724609375
3643,3645,182,5,0,994,0,-212,21,11500,32,0,6,FR-J3,3644.0,93.1640625,95.537109375,2.373046875
3661,3663,183,6,0,2202,0,-40,1,11300,31,0,7,RL-J1,3662.0,-8.96484375,-8.61328125,0.3515625
3663,3665,183,7,0,1383,-250,228,58,11100,28,0,8,RL-J2,3664.0,52.119140625,49.130859375,-2.98828125
3681,3683,184,8,0,3053,0,244,25,11300,34,0,9,RL-J3,3682.0,93.076171875,95.712890625,2.63671875
3683,3685,184,9,0,1854,0,48,1,11300,32,0,10,RR-J1,3684.0,-8.96484375,-8.525390625,0.439453125
3701,3703,185,10,0,2917,-50,260,68,11100,30,0,11,RR-J2,3702.0,55.107421875,58.18359375,3.076171875
3703,3705,185,11,0,886,100,76,2,11300,33,0,12,RR-J3,3704.0,102.568359375,101.953125,-0.615234375
3721,3723,186,0,0,1826,0,0,0,11200,30,0,1,FL-J1,3722.0,8.96484375,9.052734375,0.087890625
3723,3725,186,1,0,1446,300,-32,1,11400,29,0,2,FL-J2,3724.0,54.66796875,55.458984375,0.791015625
3741,3743,187,2,0,3126,0,-60,3,11400,33,0,3,FL-J3,3742.0,102.568359375,102.041015625,-0.52734375
3743,3745,187,3,0,2201,50,92,3,11400,31,0,4,FR-J1,3744.0,8.96484375,9.84375,0.87890625
3761,3763,188,4,0,2512,250,-164,27,11400,28,0,5,FR-J2,3762.0,53.96484375,51.85546875,-2.109375
3763,3765,188,5,0,994,0,-260,26,11300,31,0,6,FR-J3,3764.0,92.724609375,95.537109375,2.8125
3781,3783,189,6,0,2202,0,-40,1,11300,31,0,7,RL-J1,3782.0,-8.96484375,-8.61328125,0.3515625
3783,3785,189,7,0,1347,-300,176,30,11200,28,0,8,RL-J2,3784.0,54.4921875,52.294921875,-2.197265625
3801,3803,190,8,0,3046,-50,252,21,11300,34,0,9,RL-J3,3802.0,92.373046875,95.09765625,2.724609375
3803,3805,190,9,0,1855,0,56,1,11400,32,0,10,RR-J1,3804.0,-8.96484375,-8.4375,0.52734375
3821,3823,191,10,0,2890,-350,216,57,11300,30,0,11,RR-J2,3822.0,53.26171875,55.810546875,2.548828125
3823,3825,191,11,0,883,-50,44,1,11300,32,0,12,RR-J3,3824.0,102.65625,102.216796875,-0.439453125
3841,3843,192,0,0,1826,0,0,0,11300,30,0,1,FL-J1,3842.0,8.96484375,9.052734375,0.087890625
3843,3845,192,1,0,1474,200,-12,0,11400,29,0,2,FL-J2,3844.0,52.470703125,52.998046875,0.52734375
3861,3863,193,2,0,3129,0,-40,1,11500,33,0,3,FL-J3,3862.0,102.65625,102.3046875,-0.3515625
3863,3865,193,3,0,2201,0,88,4,11400,31,0,4,FR-J1,3864.0,8.96484375,9.84375,0.87890625
3881,3883,194,4,0,2540,200,-96,9,11400,28,0,5,FR-J2,3882.0,55.634765625,54.31640625,-1.318359375
3883,3885,194,5,0,994,0,-316,45,11400,31,0,6,FR-J3,3884.0,92.109375,95.537109375,3.427734375
3901,3903,195,6,0,2202,0,-40,0,11300,31,0,7,RL-J1,3902.0,-8.96484375,-8.61328125,0.3515625
3903,3905,195,7,0,1320,-200,136,27,11300,28,0,8,RL-J2,3904.0,56.337890625,54.66796875,-1.669921875
3921,3923,196,8,0,3041,0,276,30,11300,34,0,9,RL-J3,3922.0,91.669921875,94.658203125,2.98828125
3923,3925,196,9,0,1855,0,56,1,11400,32,0,10,RR-J1,3924.0,-8.96484375,-8.4375,0.52734375
3941,3943,197,10,0,2867,-150,140,16,11400,30,0,11,RR-J2,3942.0,52.294921875,53.7890625,1.494140625
3943,3945,197,11,0,882,0,40,1,11400,32,0,12,RR-J3,3944.0,102.65625,102.3046875,-0.3515625
3961,3963,198,0,0,1826,0,0,0,11300,30,0,1,FL-J1,3962.0,8.96484375,9.052734375,0.087890625
3963,3965,198,1,0,1491,100,-8,0,11400,29,0,2,FL-J2,3964.0,51.328125,51.50390625,0.17578125
3981,3983,199,2,0,3130,0,-24,1,11500,33,0,3,FL-J3,3982.0,102.568359375,102.392578125,-0.17578125
3983,3985,199,3,0,2199,-50,68,2,11400,31,0,4,FR-J1,3984.0,8.96484375,9.66796875,0.703125
4001,4003,200,4,0,2557,100,-56,3,11300,29,0,5,FR-J2,4002.0,56.6015625,55.810546875,-0.791015625
4003,4005,200,5,0,996,0,-340,56,11400,31,0,6,FR-J3,4004.0,91.669921875,95.361328125,3.69140625
4021,4023,201,6,0,2202,0,-40,1,11400,31,0,7,RL-J1,4022.0,-8.96484375,-8.61328125,0.3515625
4023,4025,201,7,0,1300,-200,76,10,11400,28,0,8,RL-J2,4024.0,57.392578125,56.42578125,-0.966796875
4041,4043,202,8,0,3038,0,300,43,11300,34,0,9,RL-J3,4042.0,91.23046875,94.39453125,3.1640625
4043,4045,202,9,0,1854,0,48,1,11400,32,0,10,RR-J1,4044.0,-8.96484375,-8.525390625,0.439453125
4061,4063,203,10,0,2852,-50,128,22,11400,30,0,11,RR-J2,4062.0,50.537109375,52.470703125,1.93359375
4063,4065,203,11,0,880,100,-72,2,11400,32,0,12,RR-J3,4064.0,100.1953125,102.48046875,2.28515625
4082,4084,204,0,0,1826,0,0,0,11300,30,0,1,FL-J1,4083.0,8.96484375,9.052734375,0.087890625
4084,4086,204,1,0,1508,200,-48,1,11400,29,0,2,FL-J2,4085.0,48.69140625,50.009765625,1.318359375
4102,4104,205,2,0,3122,-200,144,4,11500,33,0,3,FL-J3,4103.0,97.55859375,101.689453125,4.130859375
4104,4106,205,3,0,2198,0,64,2,11500,31,0,4,FR-J1,4105.0,8.96484375,9.580078125,0.615234375
4122,4124,206,4,0,2567,100,-16,0,11400,29,0,5,FR-J2,4123.0,57.041015625,56.689453125,-0.3515625
4124,4126,206,5,0,1008,100,-252,29,11500,32,0,6,FR-J3,4125.0,91.494140625,94.306640625,2.8125
4142,4144,207,6,0,2202,0,-40,1,11300,31,0,7,RL-J1,4143.0,-8.96484375,-8.61328125,0.3515625
4144,4146,207,7,0,1294,0,64,7,11400,28,0,8,RL-J2,4145.0,57.65625,56.953125,-0.703125
4161,4163,208,8,0,3025,-100,188,12,11400,34,0,9,RL-J3,4162.0,91.142578125,93.251953125,2.109375
4163,4165,208,9,0,1854,0,48,1,11400,32,0,10,RR-J1,4164.0,-8.96484375,-8.525390625,0.439453125
4181,4183,209,10,0,2814,-350,188,25,11200,30,0,11,RR-J2,4182.0,46.93359375,49.130859375,2.197265625
4183,4185,209,11,0,917,450,-240,6,11300,32,0,12,RR-J3,4184.0,93.779296875,99.228515625,5.44921875
4201,4203,210,0,0,1826,0,0,0,11300,30,0,1,FL-J1,4202.0,8.96484375,9.052734375,0.087890625
4203,4205,210,1,0,1551,350,-32,1,11400,29,0,2,FL-J2,4204.0,45.791015625,46.23046875,0.439453125
4221,4223,211,2,0,3066,-550,176,9,11500,33,0,3,FL-J3,4222.0,93.515625,96.767578125,3.251953125
4223,4225,211,3,0,2202,50,100,5,11500,31,0,4,FR-J1,4224.0,8.96484375,9.931640625,0.966796875
4241,4243,212,4,0,2568,0,-24,1,11400,29,0,5,FR-J2,4242.0,57.041015625,56.77734375,-0.263671875
4243,4245,212,5,0,1011,0,-236,22,11500,31,0,6,FR-J3,4244.0,91.494140625,94.04296875,2.548828125
4261,4263,213,6,0,2203,0,-32,0,11400,31,0,7,RL-J1,4262.0,-8.96484375,-8.701171875,0.263671875
4263,4265,213,7,0,1293,0,80,8,11400,28,0,8,RL-J2,4264.0,57.919921875,57.041015625,-0.87890625
4281,4283,214,8,0,3019,0,144,9,11400,34,0,9,RL-J3,4282.0,91.7578125,92.724609375,0.966796875
4283,4285,214,9,0,1854,0,48,1,11400,32,0,10,RR-J1,4284.0,-8.96484375,-8.525390625,0.439453125
4301,4303,215,10,0,2797,-50,80,11,11400,30,0,11,RR-J2,4302.0,46.93359375,47.63671875,0.703125
4303,4305,215,11,0,962,250,-152,5,11400,32,0,12,RR-J3,4304.0,93.515625,95.2734375,1.7578125
4322,4324,216,0,0,1825,-50,-28,0,11400,30,0,1,FL-J1,4323.0,8.96484375,9.140625,0.17578125
4324,4326,216,1,0,1557,0,8,0,11500,29,0,2,FL-J2,4325.0,45.791015625,45.703125,-0.087890625
4342,4344,217,2,0,3038,0,76,3,11600,33,0,3,FL-J3,4343.0,93.515625,94.306640625,0.791015625
4344,4346,217,3,0,2201,-50,84,3,11500,31,0,4,FR-J1,4345.0,8.96484375,9.84375,0.87890625
4362,4364,218,4,0,2579,300,-124,10,11500,29,0,5,FR-J2,4363.0,59.765625,57.744140625,-2.021484375
4364,4366,218,5,0,1012,0,44,0,11600,32,0,6,FR-J3,4365.0,96.943359375,93.955078125,-2.98828125
4382,4384,219,6,0,2203,0,-32,0,11400,31,0,7,RL-J1,4383.0,-8.96484375,-8.701171875,0.263671875
4384,4386,219,7,0,1272,-300,164,25,11400,28,0,8,RL-J2,4385.0,61.171875,58.88671875,-2.28515625
4402,4404,220,8,0,3037,300,-104,0,11400,137,0,9,RL-J3,4403.0,98.96484375,94.306640625,-4.658203125
4404,4406,220,9,0,1854,0,48,1,11500,32,0,10,RR-J1,4405.0,-8.96484375,-8.525390625,0.439453125
4422,4424,221,10,0,2799,50,40,3,11400,30,0,11,RR-J2,4423.0,47.4609375,47.8125,0.3515625
4424,4426,221,11,0,974,0,-64,2,11400,32,0,12,RR-J3,4425.0,93.603515625,94.21875,0.615234375
4442,4444,222,0,0,1824,0,-32,1,11400,30,0,1,FL-J1,4443.0,8.96484375,9.228515625,0.263671875
4444,4446,222,1,0,1547,-100,8,0,11500,29,0,2,FL-J2,4445.0,46.93359375,46.58203125,-0.3515625
4461,4463,223,2,0,3044,50,136,9,11600,33,0,3,FL-J3,4462.0,93.515625,94.833984375,1.318359375
4463,4465,223,3,0,2197,-50,52,1,11500,31,0,4,FR-J1,4464.0,8.96484375,9.4921875,0.52734375
4481,4483,224,4,0,2615,200,12,0,11500,29,0,5,FR-J2,4482.0,60.46875,60.908203125,0.439453125
4483,4485,224,5,0,972,-550,196,2,11600,31,0,6,FR-J3,4484.0,101.513671875,97.470703125,-4.04296875
4501,4503,225,6,0,2206,50,20,0,11400,31,0,7,RL-J1,4502.0,-8.96484375,-8.96484375,0.0
4503,4505,225,7,0,1244,-50,-8,0,11500,28,0,8,RL-J2,4504.0,60.8203125,61.34765625,0.52734375
4521,4523,226,8,0,3095,500,-104,0,11400,150,0,9,RL-J3,4522.0,101.513671875,99.404296875,-2.109375
4523,4525,226,9,0,1855,0,56,2,11500,32,0,10,RR-J1,4524.0,-8.96484375,-8.4375,0.52734375
4541,4543,227,10,0,2810,150,-8,0,11400,30,0,11,RR-J2,4542.0,49.21875,48.779296875,-0.439453125
4543,4545,227,11,0,973,0,-84,4,11400,32,0,12,RR-J3,4544.0,93.515625,94.306640625,0.791015625
4562,4564,228,0,0,1832,0,52,2,11400,30,0,1,FL-J1,4563.0,8.96484375,8.525390625,-0.439453125
4564,4566,228,1,0,1533,-150,72,6,11500,29,0,2,FL-J2,4565.0,48.8671875,47.8125,-1.0546875
4582,4584,229,2,0,3044,0,128,9,11500,33,0,3,FL-J3,4583.0,93.515625,94.833984375,1.318359375
4584,4586,229,3,0,2196,0,48,2,11500,31,0,4,FR-J1,4585.0,8.96484375,9.404296875,0.439453125
4602,4604,230,4,0,2590,-200,40,0,11500,29,0,5,FR-J2,4603.0,57.919921875,58.7109375,0.791015625
4604,4606,230,5,0,928,-200,72,2,11600,32,0,6,FR-J3,4605.0,102.216796875,101.337890625,-0.87890625
4622,4624,231,6,0,2207,0,0,0,11400,31,0,7,RL-J1,4623.0,-8.96484375,-9.052734375,-0.087890625
4624,4626,231,7,0,1269,250,-52,3,11500,28,0,8,RL-J2,4625.0,58.0078125,59.150390625,1.142578125
4642,4644,232,8,0,3124,150,-24,0,11400,34,0,9,RL-J3,4643.0,102.3046875,101.953125,-0.3515625
4644,4646,232,9,0,1856,0,64,3,11400,32,0,10,RR-J1,4645.0,-8.96484375,-8.349609375,0.615234375
4662,4664,233,10,0,2825,150,-80,8,11400,30,0,11,RR-J2,4663.0,51.50390625,50.09765625,-1.40625
4664,4666,233,11,0,970,-50,-124,6,11400,32,0,12,RR-J3,4665.0,93.33984375,94.5703125,1.23046875
4681,4683,234,0,0,1832,0,48,1,11300,30,0,1,FL-J1,4682.0,8.96484375,8.525390625,-0.439453125
4683,4685,234,1,0,1526,-100,256,85,11200,29,0,2,FL-J2,4684.0,51.6796875,48.427734375,-3.251953125
4701,4703,235,2,0,3045,0,160,13,11500,33,0,3,FL-J3,4702.0,93.1640625,94.921875,1.7578125
4703,4705,235,3,0,2196,0,48,2,11500,31,0,4,FR-J1,4704.0,8.96484375,9.404296875,0.439453125
4721,4723,236,4,0,2560,-250,32,0,11400,29,0,5,FR-J2,4722.0,55.37109375,56.07421875,0.703125
4723,4725,236,5,0,920,0,60,2,11500,32,0,6,FR-J3,4724.0,102.568359375,102.041015625,-0.52734375
4741,4743,237,6,0,2204,0,-24,0,11300,31,0,7,RL-J1,4742.0,-8.96484375,-8.7890625,0.17578125
4743,4745,237,7,0,1295,200,-128,19,11400,28,0,8,RL-J2,4744.0,55.01953125,56.865234375,1.845703125
4761,4763,238,8,0,3127,0,-48,1,11400,34,0,9,RL-J3,4762.0,102.568359375,102.216796875,-0.3515625
4763,4765,238,9,0,1856,0,64,2,11400,33,0,10,RR-J1,4764.0,-8.96484375,-8.349609375,0.615234375
4781,4783,239,10,0,2848,200,-120,16,11300,30,0,11,RR-J2,4782.0,53.701171875,52.119140625,-1.58203125
4783,4785,239,11,0,969,0,-172,11,11300,32,0,12,RR-J3,4784.0,92.8125,94.658203125,1.845703125
4801,4803,240,0,0,1832,0,48,1,11300,30,0,1,FL-J1,4802.0,8.96484375,8.525390625,-0.439453125
4803,4805,240,1,0,1491,-300,224,45,11300,29,0,2,FL-J2,4804.0,54.228515625,51.50390625,-2.724609375
4821,4823,241,2,0,3046,0,232,28,11400,33,0,3,FL-J3,4822.0,92.4609375,95.009765625,2.548828125
4823,4825,241,3,0,2196,0,48,2,11500,31,0,4,FR-J1,4824.0,8.96484375,9.404296875,0.439453125
4841,4843,242,4,0,2535,-200,24,0,11400,29,0,5,FR-J2,4842.0,53.525390625,53.876953125,0.3515625
4843,4845,242,5,0,919,0,56,1,11600,31,0,6,FR-J3,4844.0,102.65625,102.12890625,-0.52734375
4861,4863,243,6,0,2204,0,-24,0,11400,31,0,7,RL-J1,4862.0,-8.96484375,-8.7890625,0.17578125
4863,4865,243,7,0,1326,200,-100,8,11400,28,0,8,RL-J2,4864.0,52.734375,54.140625,1.40625
4881,4883,244,8,0,3129,50,-32,1,11400,34,0,9,RL-J3,4882.0,102.65625,102.392578125,-0.263671875
4883,4885,244,9,0,1856,0,64,2,11400,32,0,10,RR-J1,4884.0,-8.96484375,-8.349609375,0.615234375
4901,4903,245,10,0,2882,150,-8,0,11400,30,0,11,RR-J2,4902.0,55.37109375,55.107421875,-0.263671875
4903,4905,245,11,0,970,50,-216,19,11300,32,0,12,RR-J3,4904.0,92.197265625,94.5703125,2.373046875
4921,4923,246,0,0,1834,100,72,2,11300,30,0,1,FL-J1,4922.0,8.96484375,8.349609375,-0.615234375
4923,4925,246,1,0,1448,-450,60,4,11400,29,0,2,FL-J2,4924.0,56.162109375,55.283203125,-0.87890625
4941,4943,247,2,0,3046,0,300,42,11400,33,0,3,FL-J3,4942.0,91.7578125,95.009765625,3.251953125
4943,4945,247,3,0,2196,0,48,1,11500,31,0,4,FR-J1,4944.0,8.96484375,9.404296875,0.439453125
4961,4963,248,4,0,2520,-50,16,0,11400,29,0,5,FR-J2,4962.0,52.3828125,52.55859375,0.17578125
4963,4965,248,5,0,916,0,32,0,11600,32,0,6,FR-J3,4964.0,102.65625,102.392578125,-0.263671875
4981,4983,249,6,0,2206,50,0,0,11400,31,0,7,RL-J1,4982.0,-8.96484375,-8.96484375,0.0
4983,4985,249,7,0,1356,350,0,0,11400,28,0,8,RL-J2,4984.0,51.328125,51.50390625,0.17578125
5001,5003,250,8,0,3129,0,-24,1,11400,34,0,9,RL-J3,5002.0,102.568359375,102.392578125,-0.17578125
5003,5005,250,9,0,1856,0,64,1,11400,32,0,10,RR-J1,5004.0,-8.96484375,-8.349609375,0.615234375
5021,5023,251,10,0,2901,150,44,2,11300,30,0,11,RR-J2,5022.0,56.42578125,56.77734375,0.3515625
5023,5025,251,11,0,983,50,-152,8,11300,32,0,12,RR-J3,5024.0,91.7578125,93.427734375,1.669921875
5041,5043,252,0,0,1834,0,64,2,11300,30,0,1,FL-J1,5042.0,8.96484375,8.349609375,-0.615234375
5043,5045,252,1,0,1424,-100,-8,0,11300,29,0,2,FL-J2,5044.0,57.3046875,57.392578125,0.087890625
5061,5063,253,2,0,3043,0,332,79,11300,33,0,3,FL-J3,5062.0,91.23046875,94.74609375,3.515625
5063,5065,253,3,0,2196,-50,44,1,11500,31,0,4,FR-J1,5064.0,8.96484375,9.404296875,0.439453125
5081,5083,254,4,0,2510,-150,24,0,11400,29,0,5,FR-J2,5082.0,50.9765625,51.6796875,0.703125
5083,5085,254,5,0,916,0,-40,1,11600,31,0,6,FR-J3,5084.0,100.8984375,102.392578125,1.494140625
5102,5104,255,6,0,2207,0,0,0,11400,31,0,7,RL-J1,5103.0,-8.96484375,-9.052734375,-0.087890625
5104,5106,255,7,0,1371,150,-32,0,11400,28,0,8,RL-J2,5105.0,49.130859375,50.185546875,1.0546875
