leg,start_s,end_s,duration_s,peak_force_n,peak_forward_slip_mm_s,forward_slip_mm,swing_fraction_start,swing_fraction_end
RL,2.48,2.5,0.02,3.91022519457822,297.13151139668497,5.9426302279337,0.7516991820105072,0.7516991820105072
RL,2.56,2.58,0.02,7.404175871748845,432.69226303482554,8.653845260696512,0.910789519785667,0.910789519785667
FR,2.58,2.6,0.02,8.194827439628607,280.3614885788375,5.60722977157675,0.9507895197856671,0.9507895197856671
RR,2.9,3.02,0.12,11.909624354602556,857.0459823146332,85.54138515876815,0.5178742852199323,0.6178934254634623
FL,3.08,3.1,0.02,7.856918007812816,307.8947181456153,6.157894362912306,0.7005449905383829,0.7005449905383829
FL,3.16,3.22,0.06,15.416181963546075,212.2831283724549,9.816876020459574,0.8071965684879068,0.8701223626125101
FL,3.26,3.3,0.04,9.861465718994502,286.39759029590107,7.017927714877741,0.9573110570895915,0.976773954867149
RR,3.28,3.3,0.02,5.418417163035975,68.21705700323243,1.3643411400646486,0.976773954867149,0.976773954867149
RL,3.54,3.56,0.02,3.3037529566239296,75.3113671806364,1.506227343612728,0.30065288567426274,0.30065288567426274
RL,3.58,3.68,0.1,9.133019645645506,577.0614663904962,51.033131891006654,0.3641880419242627,0.4912583544242626
RL,3.7,3.78,0.08,7.9455822072860585,1110.7444502500089,82.8448362501852,0.5433677294242625,0.6175767137992623
FR,3.86,3.88,0.02,12.91952869860819,148.54099636567324,2.970819927313465,0.7508583595741034,0.7508583595741034
FR,3.92,3.98,0.06,15.867456100823032,202.97403455431464,9.825427899550194,0.8468821885574105,0.9121751573074106
RR,4.3,4.32,0.02,4.893879171076272,167.72219513001752,3.3544439026003507,0.3735595729339365,0.3735595729339365
RR,4.36,4.42,0.06,8.036860946605234,789.5199200069768,40.249080265621544,0.4631494166839363,0.5135009791839362
RR,4.54,4.56,0.02,6.506180758826854,544.6179973026215,10.89235994605243,0.6993314530837775,0.6993314530837775
FL,4.58,4.6,0.02,9.66733664776215,244.3350473001199,4.8867009460023985,0.7640830233085394,0.7640830233085394
FL,4.64,4.68,0.04,15.70737702431326,256.540407347254,9.01033723634534,0.8633408358085395,0.8964267733085394
RR,4.72,4.74,0.02,4.592955002751236,97.80638650843615,1.956127730168723,0.9668845846641303,0.9668845846641303
FL,4.74,4.76,0.02,10.113216004045938,79.55885424913123,1.5911770849826246,0.9850291159141302,0.9850291159141302
RL,5.0,5.02,0.02,3.953379032594305,91.10929318454306,1.8221858636908612,0.3225310935962442,0.3225310935962442
RL,5.04,5.08,0.04,7.166900411125117,373.7531272349586,13.180711528586382,0.38606624984624416,0.41783382797124413
RL,5.12,5.26,0.14,9.046170262265589,1006.0646264934644,106.23079556305422,0.508742031096244,0.660675624846244
FR,5.3,5.32,0.02,12.210174870023927,161.7114230762089,3.234228461524178,0.7410029711711645,0.7410029711711645
FR,5.36,5.42,0.06,15.561077863815177,213.41085566208815,10.339873604324392,0.8343221178043128,0.8978572740543127
RR,5.72,5.74,0.02,3.5886307316784007,57.09312149756808,1.1418624299513616,0.3085776271808385,0.3085776271808385
RR,5.76,5.78,0.02,4.865356301995855,522.2748376843979,10.445496753687959,0.3797631826389072,0.3797631826389072
RR,5.82,5.9,0.08,8.749733043594478,874.404745571337,59.12011701751965,0.46238974475743744,0.5273702135074374
RR,5.98,6.0,0.02,4.462372280399608,795.2267915567552,15.904535831135105,0.6452709999072788,0.6452709999072788
FL,6.04,6.06,0.02,5.980280348502414,446.15313997671194,8.92306279953424,0.7342514815318819,0.7342514815318819
FL,6.1,6.16,0.06,15.607634275932922,209.84694956317045,10.440636323591338,0.8376319708812474,0.8953862752902744
RR,6.2,6.22,0.02,4.212335501532408,110.95222050755335,2.219044410151067,0.9748686971652742,0.9748686971652742
RL,6.44,6.46,0.02,5.004538221015921,140.21949787943217,2.8043899575886435,0.3599984350192784,0.3599984350192784
RL,6.52,6.54,0.02,3.9681815427281575,856.2473344521851,17.124946689043703,0.4228867282855746,0.4228867282855746
RL,6.7,6.72,0.02,3.444907327642481,509.98870736561275,10.199774147312255,0.6042367281902072,0.6042367281902072
FR,6.84,6.86,0.02,13.214713237858833,136.8090586274245,2.73618117254849,0.8324320640552278,0.8324320640552278
FR,6.9,6.96,0.06,15.009271323796495,200.50979852725044,10.503394166812182,0.919858626364493,0.9763625326144931
RR,7.18,7.26,0.08,6.887362307887122,513.3686190387494,27.6808160846954,0.38153950357320277,0.44550747060658913
FL,7.48,7.5,0.02,4.715987435590908,135.29813395944674,2.705962679188935,0.6177402737128972,0.6177402737128972
FL,7.54,7.6,0.06,12.63531418315531,327.98581736004496,13.548356611402138,0.6938066842544315,0.7525176289069888
FL,7.62,7.64,0.02,7.558845134441391,401.3565554231291,8.027131108462582,0.8176285769927738,0.8176285769927738
FL,7.7,7.72,0.02,14.453551988613727,252.2951074178623,5.045902148357246,0.942941076992774,0.942941076992774
RR,7.72,7.74,0.02,4.65027500650744,146.67755020613666,2.9335510041227333,0.9742692019927741,0.9742692019927741
FR,7.94,7.96,0.02,3.0820625165169258,241.46487004769455,4.829297400953891,0.3397125771034004,0.3397125771034004
RL,8.0,8.02,0.02,3.303044110954101,479.55193920938444,9.591038784187688,0.3942141392219307,0.3942141392219307
RL,8.3,8.32,0.02,3.576093925829214,524.5630760235777,10.491261520471554,0.668688755272651,0.668688755272651
FR,8.4,8.42,0.02,13.023527070213232,136.15999885295494,2.723199977059099,0.8341379978645087,0.8341379978645087
FR,8.46,8.52,0.06,14.42796833303131,213.65342609913515,10.847593159798922,0.9281223728645085,0.9907786228645084
RL,8.5,8.52,0.02,2.9668610948452745,28.031354579564493,0.5606270915912899,0.9907786228645084,0.9907786228645084
RR,8.72,8.74,0.02,3.8636959136224616,219.3652728090022,4.3873054561800435,0.36748801016690713,0.36748801016690713
RR,8.76,8.8,0.04,6.437537048734953,478.2952712031324,18.12195039550297,0.4122286345947026,0.4273989465224981
FL,9.04,9.06,0.02,5.022600928596758,105.18859256476519,2.1037718512953036,0.5970879962432623,0.5970879962432623
FL,9.1,9.16,0.06,13.920052412014401,342.642118947066,13.440354377973733,0.6705176808822393,0.727470808266425
FL,9.18,9.2,0.02,10.049557298395388,276.87967868406787,5.537593573681358,0.7908239390838383,0.7908239390838383
FL,9.24,9.26,0.02,16.09172020613208,238.44588134127693,4.768917626825539,0.8795348765838382,0.8795348765838382
RR,9.28,9.3,0.02,4.456651675295697,298.68991971168964,5.973798394233793,0.9351598765838383,0.9351598765838383
RL,9.56,9.58,0.02,5.591370330265042,211.7642010418437,4.2352840208368745,0.3892848994720217,0.3892848994720217
RL,9.64,9.68,0.04,5.009062571246564,805.2865406305696,31.497675639847714,0.45270599150540813,0.46601653838040824
RL,9.74,9.78,0.04,3.6344808033547658,500.8723221676926,18.533571360007446,0.535258722542548,0.5565692689407109
RL,9.84,9.86,0.02,4.093346931977663,424.33613124445935,8.486722624889188,0.6578114631164311,0.6578114631164311
FR,9.92,9.94,0.02,5.007671278075451,491.8921167092918,9.837842334185837,0.7846536710250616,0.7846536710250616
FR,10.0,10.06,0.06,15.270684007534431,223.51611628165378,11.07132138766352,0.9200954749572516,0.9809939124572518
RR,10.3,10.38,0.08,5.020742679475283,779.0015938514357,44.659740260121595,0.3897236206519843,0.4342197134483099
FL,10.62,10.64,0.02,6.142125657245704,215.3098736165975,4.3061974723319505,0.6735439350593329,0.6735439350593329
FL,10.68,10.72,0.04,14.583976311501518,293.54702378759714,9.41291717397804,0.7649572303283452,0.7986283304679631
FL,10.76,10.78,0.02,7.138495021302118,414.66731776241284,8.293346355248257,0.904026384590888,0.904026384590888
RR,10.8,10.82,0.02,3.9917646654362238,136.29925624366751,2.7259851248733504,0.9710771658408883,0.9710771658408883
RL,11.0,11.02,0.02,3.2144248750012543,172.38073361170336,3.4476146722340673,0.31951467060925975,0.31951467060925975
RL,11.06,11.08,0.02,6.535768019190598,364.19346248493554,7.283869249698711,0.37820920014264603,0.37820920014264603
RL,11.1,11.14,0.04,4.874516081442683,751.2055514262082,27.389702937860896,0.40395138764264615,0.4155041220176461
FR,11.44,11.46,0.02,7.515536202289816,236.46807733527035,4.729361546705407,0.7059478678691626,0.7059478678691626
FR,11.52,11.56,0.04,15.553663991339823,240.2731838689705,8.61055955982625,0.838558823107505,0.872963119982505
RL,11.6,11.62,0.02,6.604131111384518,173.56185175838132,3.4712370351676265,0.9473760094630956,0.9473760094630956
FR,11.62,11.64,0.02,8.602639284532916,158.03298661956075,3.160659732391215,0.9625803055751563,0.9625803055751563
RR,11.92,11.94,0.02,2.882948743737186,60.93466390415661,1.218693278083132,0.2880631210792304,0.2880631210792304
RR,11.96,12.08,0.12,9.822384555742861,629.216326632393,52.82402085838923,0.35685961031796953,0.504373672245765
RR,12.12,12.16,0.04,6.060617077194002,1095.926554273773,42.1117980131385,0.565399062870765,0.5857408597457652
FL,12.24,12.26,0.02,9.473397244446856,257.0675182035944,5.141350364071887,0.703449852703834,0.703449852703834
FL,12.3,12.38,0.08,14.974000288912872,279.87229434860734,14.399612431809558,0.7932752587783578,0.8911006715286018
RR,12.42,12.44,0.02,6.389682734324297,71.21330686191358,1.4242661372382717,0.9521260836112742,0.9521260836112742
RL,12.7,12.72,0.02,3.320592569609338,48.97417497996199,0.9794834995992397,0.29403549814107444,0.29403549814107444
RL,12.8,12.86,0.06,10.200124307039333,793.7531148371097,43.260029523992124,0.4548448815334085,0.4999230065334086
RL,12.96,12.98,0.02,6.265586433994006,554.2918454435221,11.085836908870442,0.6262105073917152,0.6262105073917152
FR,13.02,13.04,0.02,5.442476979988584,467.10674661242746,9.34213493224855,0.7029542651164773,0.7029542651164773
FR,13.1,13.18,0.08,15.254475703914785,275.9684881471297,14.41412216458192,0.8276792874324563,0.9038597693431618
FR,13.22,13.24,0.02,8.13248572574137,60.399453099209836,1.2079890619841966,0.9741136755931619,0.9741136755931619
RR,13.46,13.48,0.02,4.146371741841549,184.17048682118718,3.683409736423744,0.3415293612468484,0.3415293612468484
RR,13.5,13.56,0.06,6.328575029966022,459.99285576503746,26.22081777927791,0.38748639249684835,0.4334434237468483
RR,13.6,13.72,0.12,7.472708663900837,789.7401397948572,75.33706870846423,0.5071789731967691,0.655807496546531
FL,13.8,13.82,0.02,12.025077219799297,219.72964436372922,4.394592887274585,0.8080875744807963,0.8080875744807963
FL,13.86,13.94,0.08,15.268790756282078,177.50349354227768,12.924495094244676,0.8849332776057963,0.966455153464103
RL,14.2,14.22,0.02,2.82814476930244,404.9530078907517,8.099060157815034,0.3734301652896652,0.3734301652896652
RL,14.28,14.3,0.02,3.7656922007587963,768.875647511077,15.37751295022154,0.4758911027896653,0.4758911027896653
RL,14.38,14.44,0.06,6.716997703581167,678.0994293481107,37.65018733749109,0.608767277239586,0.6711977519977341
FR,14.48,14.5,0.02,8.505631507253575,317.21773012229835,6.344354602445967,0.7665903344142688,0.7665903344142688
FR,14.54,14.56,0.02,15.020372953543966,221.89242723191828,4.437848544638365,0.8583774437892691,0.8583774437892691
FR,14.62,14.64,0.02,9.452785983118146,114.2860294155255,2.28572058831051,0.9591145529735341,0.9591145529735341
RR,14.86,14.88,0.02,4.5000916499095815,73.56146478033254,1.4712292956066508,0.342823974131371,0.342823974131371
RR,14.9,14.96,0.06,7.948935992643237,533.7208120710897,27.499780917772902,0.3979755511272205,0.43561696433904307
RR,15.06,15.08,0.02,3.239826195229628,676.2251842040797,13.524503684081594,0.5488107135284199,0.5488107135284199
FL,15.18,15.2,0.02,6.386662585217273,311.44021710052095,6.228804342010419,0.7148044826972737,0.7148044826972737
FL,15.24,15.26,0.02,14.68284749620235,212.96463433678292,4.259292686735659,0.8155822303283466,0.8155822303283466
FL,15.32,15.34,0.02,10.454006518806374,176.46885897754373,3.529377179550875,0.9461681678283465,0.9461681678283465
RR,15.32,15.34,0.02,3.3752047161331187,340.49750407916093,6.809950081583219,0.9461681678283465,0.9461681678283465
RL,15.54,15.56,0.02,3.4409515139905587,189.39380948721822,3.7878761897443645,0.3465095760810628,0.3465095760810628
FR,15.56,15.58,0.02,2.194222893961223,403.66390536974484,8.073278107394897,0.37210957550885815,0.37210957550885815
RL,15.62,15.64,0.02,6.176424639299746,686.8606864515058,13.737213729030117,0.4201095726478352,0.4201095726478352
FR,15.82,15.84,0.02,3.4873517221128822,143.1499194727471,2.862998389454942,0.5453267564761892,0.5453267564761892
FR,15.88,15.94,0.06,12.681176474178779,194.96260164882497,8.388785727871115,0.6087849547851341,0.6590904238212363
FR,15.96,16.04,0.08,15.772250733189447,622.71482429576,25.599648702232393,0.7157958962905662,0.7936541082847373
RL,16.1,16.12,0.02,6.699269445423151,190.50366295788137,3.8100732591576274,0.855211923359658,0.855211923359658
RL,16.18,16.24,0.06,9.111305173518952,228.8995466043424,5.993455675296229,0.9314853575217978,0.9792220761764303
FR,16.2,16.24,0.04,7.389946078559209,42.15612546641723,1.5144420388250541,0.9545537164199607,0.9792220761764303
RR,16.44,16.46,0.02,4.316579101855621,108.56473786073094,2.171294757214619,0.33697408699872633,0.33697408699872633
RR,16.48,16.56,0.08,7.07591658073476,562.1313654172391,40.82011515687364,0.3815108206260456,0.43989949250104576
RR,16.6,16.7,0.1,5.691671553112612,738.3172458773598,60.817191738818195,0.5030881669509664,0.6015600445258871
FL,16.8,16.82,0.02,12.469767828337257,137.01771946752893,2.740354389350579,0.7910827162254108,0.7910827162254108
FL,16.86,16.9,0.04,15.774455949367225,213.02461297949623,7.90138626617197,0.8881432631004109,0.9199108412254109
RL,17.18,17.2,0.02,3.393068934297741,113.65348785217608,2.2730697570435217,0.3163081243026513,0.3163081243026513
RL,17.22,17.3,0.08,7.723432528953048,654.606326932423,48.188564388249006,0.3745698430526512,0.45976515555265096
FR,17.48,17.5,0.02,6.340201592169771,555.9899757100235,11.11979951420047,0.745732348202492,0.745732348202492
FR,17.54,17.6,0.06,16.654823069157136,245.26714212114564,12.24737045219479,0.8370800044524922,0.8891893794524923
RL,17.64,17.66,0.02,4.164355243392482,122.21514062938515,2.444302812587703,0.9673534419524925,0.9673534419524925
FR,17.66,17.68,0.02,8.302882740106808,113.54976918986146,2.270995383797229,0.9934081294524926,0.9934081294524926
RR,17.86,17.88,0.02,3.5746262253110928,129.57585882798207,2.5915171765596416,0.33464566016080566,0.33464566016080566
RR,17.98,18.02,0.04,6.067607625585656,934.145290953641,32.324090874091624,0.46543979906919186,0.48314487719419197
RR,18.06,18.08,0.02,4.015935360178041,633.5401381060911,12.670802762121824,0.5362601115691921,0.5362601115691921
FL,18.18,18.22,0.04,8.387733255944145,456.6571260384598,11.071967531193538,0.6664905824649592,0.6937956633556146
FL,18.24,18.3,0.06,14.810811955876789,199.1290945081298,9.29949027815883,0.7532058277118465,0.8190159955013057
FL,18.36,18.38,0.02,9.521445978037809,216.06060883110308,4.321212176622062,0.9580074086177608,0.9580074086177608
RR,18.38,18.4,0.02,5.130438845664936,101.11195556646514,2.022239111329303,0.984569517611291,0.984569517611291
RL,18.6,18.64,0.04,3.1475780700814804,41.38749181621653,1.2808899718501379,0.24136602544667918,0.2731894698131343
RL,18.66,18.74,0.08,8.493312931176103,422.0966744393139,24.520105305277625,0.33320900106313434,0.4232382979381344
RL,18.8,18.9,0.1,9.782419660634481,846.3831285159903,71.53796305563077,0.5470746269214413,0.6512933769214415
FR,18.94,18.96,0.02,5.022190788885556,694.8140637901577,13.896281275803153,0.7310574402797485,0.7310574402797485
FR,19.02,19.08,0.06,15.962885937260124,222.7393624411946,11.248249697340889,0.8456652536380556,0.9101691641795899
RR,19.38,19.4,0.02,3.605513676582769,256.77136689089014,5.135427337817803,0.36492698573949567,0.36492698573949567
RR,19.46,19.5,0.04,4.892023448382189,733.9574816076951,26.10132934124723,0.46371448659780246,0.49108753347280265
RR,19.56,19.6,0.04,6.0870896653925985,836.8423479495058,32.86111107442558,0.6053797235477232,0.6375527729976438
FL,19.68,19.7,0.02,9.613852836540222,282.5560722095701,5.651121444191403,0.7902723040569088,0.7902723040569088
FL,19.74,19.8,0.06,14.907522192068214,193.1591210271382,10.496898954585408,0.8657996478069088,0.9177512111652155
RR,19.82,19.84,0.02,3.173872276133351,70.96071553952636,1.4192143107905273,0.9742551174152156,0.9742551174152156
RL,20.04,20.06,0.02,3.2901619312226855,151.2542668885061,3.025085337770122,0.3076184072482846,0.3076184072482846
RL,20.08,20.16,0.08,7.381420747106911,464.0816449593089,27.273836615614417,0.3637168445575498,0.42524965667607995
RL,20.2,20.32,0.12,5.792016546987916,876.9996905511053,78.22017796790645,0.48787504815938676,0.6215840497005243
FR,20.4,20.42,0.02,10.652404366329217,235.24121495224728,4.704824299044946,0.7898180546748896,0.7898180546748896
FR,20.46,20.5,0.04,16.034213936709698,300.53473461334704,10.236844026474245,0.8798473515498897,0.9098571171748897
RR,20.74,20.76,0.02,4.229952980541598,119.08192303569827,2.3816384607139653,0.3684028329837581,0.3684028329837581
FL,20.76,20.78,0.02,2.115965206570961,443.4020649395588,8.868041298791177,0.3976016607272883,0.3976016607272883
RR,20.78,20.82,0.04,7.738131957817016,575.6168509413633,21.35540108488505,0.42200048828008385,0.4415993156421443
FL,20.98,21.0,0.02,3.07991638579093,186.1035894100762,3.722071788201524,0.5211805632102746,0.5211805632102746
FL,21.04,21.28,0.24,15.180129619032003,187.46820549066095,24.076096242567758,0.5583735289562006,0.7987477412212154
RR,21.34,21.36,0.02,9.524091675912507,97.1193956226139,1.9423879124522778,0.8660524287212155,0.8660524287212155
FL,21.4,21.42,0.02,3.183049373619333,169.99843655325492,3.3999687310650986,0.9261309435355924,0.9261309435355924
RR,21.42,21.46,0.04,6.704183914191814,133.80890735601793,4.676586283398473,0.9493571164596339,0.9741832902419827
RL,21.7,21.74,0.04,8.277349001171986,833.2166408605125,26.064970730566216,0.3810364987838528,0.40357556128385275
RL,21.76,21.92,0.16,9.205650548362414,964.6418416212196,111.88019259148014,0.4486536862838526,0.6212107183921594
FR,21.98,22.0,0.02,8.080123845344954,450.00695108215683,9.000139021643136,0.7379138519752282,0.7379138519752282
FR,22.04,22.12,0.08,16.807449841796355,226.16723121766057,13.690224907688933,0.8390193250167626,0.9425138571250693
RR,22.48,22.54,0.06,6.382314203497641,457.12443442119746,21.40851601474199,0.3886232569206016,0.4600685694206017
RR,22.58,22.68,0.1,10.342106392090962,1109.256975166873,88.24748433156822,0.5606447412956017,0.6644580223548668
FL,22.74,22.76,0.02,9.186090227104309,345.1300338736605,6.9026006774732105,0.7598877098548666,0.7598877098548666
FL,22.8,22.9,0.1,14.665778129880168,152.85648139009882,11.127845284771539,0.8362599780547872,0.9571099832046286
FR,23.1,23.14,0.04,3.470440982592125,378.83584652605225,11.803893603561331,0.3533490588653343,0.37875062250974345
RL,23.14,23.16,0.02,3.4806636646228593,471.39287982891034,9.427857596578207,0.3993521859634177,0.3993521859634177
RL,23.18,23.2,0.02,4.242866358773574,545.8103360711874,10.916206721423748,0.4302221086013571,0.4302221086013571
FR,23.38,23.4,0.02,4.994961413649857,172.5628819849857,3.451257639699714,0.5925111677634971,0.5925111677634971
FR,23.42,23.54,0.12,10.174242870755995,572.7369025883633,45.296963285654556,0.6393689801681297,0.7845135262000815
FR,23.56,23.6,0.04,11.009039134338575,463.75910699790415,15.565268932455105,0.8473713495719688,0.8716002609718101
FR,23.62,23.64,0.02,7.802165246734665,313.0516082998463,6.261032165996926,0.9184361984718101,0.9184361984718101
RL,23.62,23.64,0.02,6.793588109881234,119.6043707309359,2.392087414618718,0.9184361984718101,0.9184361984718101
FR,23.68,23.7,0.02,8.759595809900041,45.12257164819197,0.9024514329638395,0.990290105580117,0.990290105580117
RR,23.88,23.9,0.02,3.181140682920827,143.1158116201034,2.8623162324020677,0.3119405415046468,0.3119405415046468
RR,23.98,24.06,0.08,7.7258770245108686,799.2446220852489,53.84510081442922,0.4321405413139121,0.49580265068891216
FL,24.24,24.26,0.02,11.024183251506164,213.3632332672596,4.267264665345192,0.76560971283796,0.76560971283796
FL,24.3,24.36,0.06,16.210668201054478,218.7680910070438,10.50351118843108,0.8591886188972251,0.918329243897225
RL,24.64,24.66,0.02,3.0197996319837226,84.7758064166783,1.6955161283335658,0.28643161797406846,0.28643161797406846
RL,24.7,24.8,0.1,9.692107270945291,560.1825518032397,46.97802893216124,0.38217380547406843,0.5066073992240685
RL,24.84,24.86,0.02,7.422531427585841,1133.1358258808516,22.66271651761703,0.5839265396583335,0.5839265396583335
FR,24.96,24.98,0.02,10.822484304198406,261.11115558277584,5.2222231116555164,0.7318710734832543,0.7318710734832543
FR,25.02,25.1,0.08,15.669214007698177,299.8517281872177,15.71228746508083,0.822643349407937,0.9278156330573817
RR,25.42,25.44,0.02,3.4237760016618064,456.26907109667525,9.125381421933506,0.3967727067458888,0.3967727067458888
RR,25.52,25.54,0.02,4.962628372311152,656.7336456457369,13.13467291291474,0.5182570817458887,0.5182570817458887
RR,25.58,25.64,0.06,6.411528911082049,759.5098501457882,39.76643141440868,0.6007477118957301,0.663741469620492
FL,25.7,25.72,0.02,11.234947557931855,176.93955549523383,3.5387911099046767,0.7903043653953332,0.7903043653953332
FL,25.74,25.78,0.04,14.759526705547252,298.03030449847836,9.69573533575909,0.8441715528953333,0.8711051466453332
FL,25.82,25.84,0.02,7.308224066420286,162.94082010226683,3.2588164020453365,0.9457535841453333,0.9457535841453333
RL,26.08,26.1,0.02,3.68669626705624,80.92420620494067,1.6184841240988135,0.3215001060951015,0.3215001060951015
RL,26.12,26.16,0.04,6.7897392159862875,398.48419960992413,14.287214593614008,0.37505167508008697,0.4015458157050871
RL,26.18,26.2,0.02,5.8845265969569756,822.870006876258,16.45740013752516,0.4545340969550873,0.4545340969550873
RL,26.24,26.26,0.02,6.687361148041394,729.0621813633705,14.581243627267412,0.5356165196883944,0.5356165196883944
FR,26.38,26.4,0.02,9.545630659297661,345.9046887010627,6.918093774021254,0.7548794128883152,0.7548794128883152
FR,26.44,26.46,0.02,15.684980448489657,246.162991586509,4.923259831730181,0.8475454285133153,0.8475454285133153
FR,26.52,26.54,0.02,7.169110385690944,217.65351501563347,4.35307030031267,0.9675844910133153,0.9675844910133153
RL,26.52,26.54,0.02,3.24372321286757,191.75326416602482,3.8350652833204966,0.9675844910133153,0.9675844910133153
RR,26.74,26.76,0.02,4.3364241074608545,89.73385120116367,1.7946770240232734,0.36083723807218404,0.36083723807218404
RR,26.78,26.82,0.04,7.480500125249091,582.5654969256716,20.518287645498745,0.4144348933685098,0.4340337207305702
FL,27.0,27.02,0.02,5.058769487373032,80.07805673989283,1.6015611347978567,0.5375962176311289,0.5375962176311289
FL,27.06,27.28,0.22,15.077506331645694,253.04503336521637,26.532522044674447,0.5848626198756968,0.8272173228252206
RR,27.32,27.34,0.02,9.069400281945539,78.087336032353,1.5617467206470599,0.8704727950084483,0.8704727950084483
FL,27.4,27.42,0.02,7.050512875960844,70.3114948936395,1.40622989787279,0.9350727930057323,0.9350727930057323
RR,27.44,27.46,0.02,5.675863359848575,48.81462322947326,0.9762924645894653,0.9769727911937511,0.9769727911937511
RL,27.72,27.78,0.06,10.031350860793314,422.2784807810203,21.371242529976875,0.39435408258321636,0.45173689508321635
RL,27.8,27.9,0.1,9.013583854392204,924.7258823385976,83.27444604206897,0.5038462700832165,0.6010337700832169
FR,27.98,28.0,0.02,14.126350669860571,154.46083961499681,3.0892167922999363,0.7385181536662859,0.7385181536662859
FR,28.04,28.12,0.08,16.00556182218402,320.8071917623223,16.182498589679007,0.8391162099826617,0.9439291014659685
RR,28.46,28.58,0.12,9.468971670978899,641.3630666804416,60.622636058462376,0.35109396362188283,0.5250068678844255
RR,28.68,28.7,0.02,9.981050529983454,580.88953068544,11.6177906137088,0.6800506176936907,0.6800506176936907
FL,28.74,28.76,0.02,10.1362419598681,304.4097744126966,6.088195488253932,0.7423943676936906,0.7423943676936906
FL,28.82,28.92,0.1,13.907364082467693,173.47517441228328,11.561865809515387,0.8351193728435318,0.9534443917262834
FR,29.12,29.14,0.02,2.807831892537953,97.23838728550676,1.9447677457101353,0.3122740831363482,0.3122740831363482
FR,29.4,29.42,0.02,7.733652578553787,285.5478737500577,5.7109574750011545,0.6438209714877883,0.6438209714877883
FR,29.44,29.48,0.04,9.672783151409291,670.6747275721935,24.459754469466095,0.7096991076457777,0.7450381770122327
FR,29.5,29.52,0.02,8.322836412100974,481.02825681477304,9.620565136295461,0.8138467707622328,0.8138467707622328
FR,29.54,29.64,0.1,10.258503419937966,306.47868277168345,25.442540167433723,0.8773819270122327,0.9833924736964981
RL,29.58,29.6,0.02,3.3116513863571084,188.44056605335362,3.7688113210670724,0.9304041924464979,0.9304041924464979
RR,29.84,29.86,0.02,4.1812647516581025,79.97558718054954,1.599511743610991,0.3400686635959427,0.3400686635959427
RR,29.88,29.9,0.02,5.744998191743284,680.1313775800047,13.602627551600094,0.3997506942737381,0.3997506942737381
RR,29.92,29.96,0.04,8.014515202735986,933.0787775223197,33.754297175731736,0.44023272418859394,0.45705889606359396
FL,30.16,30.18,0.02,4.631477757650783,384.71725627490156,7.694345125498032,0.6963112475860398,0.6963112475860398
FL,30.22,30.28,0.06,15.21950886677452,240.45770093306442,11.068761889523444,0.7927284505355638,0.8518690755355638
FL,30.34,30.36,0.02,9.925195447978977,172.44473638747795,3.448894727749559,0.9701503255355637,0.9701503255355637
RL,30.54,30.56,0.02,4.585668869076713,111.0977180988599,2.221954361977198,0.32677221798780365,0.32677221798780365
RL,30.6,30.62,0.02,7.241597152115207,420.6536114068553,8.413072228137107,0.3891722156989852,0.3891722156989852
RL,30.64,30.66,0.02,5.325137363763417,835.451037936364,16.70902075872728,0.4157933094489854,0.4157933094489854
FR,30.94,30.96,0.02,5.728291507312064,407.6901618526336,8.153803237052673,0.7393288805473133,0.7393288805473133
FR,31.0,31.06,0.06,16.208625994583034,235.69858328470133,11.64920090795669,0.8408058407295032,0.9087355282295031
FL,31.32,31.34,0.02,2.4981230135251513,513.2917608321462,10.265835216642925,0.3978105285156053,0.3978105285156053
RR,31.32,31.34,0.02,5.76832176132299,147.89834109517048,2.9579668219034096,0.3978105285156053,0.3978105285156053
RR,31.36,31.4,0.04,6.749873035270509,800.2770806595533,29.66245042123067,0.43741365218046147,0.450015213726787
FL,31.56,31.58,0.02,2.5329093395219324,197.3500105211356,3.947000210422712,0.5439843502033037,0.5439843502033037
FL,31.62,31.82,0.2,15.904657213709447,665.707214576434,43.451718608784795,0.5991609086978715,0.8446906080234331
RR,31.86,31.88,0.02,9.289409686884866,159.83440885441047,3.1966881770882094,0.9175812330234332,0.9175812330234332
FL,31.88,31.9,0.02,6.664970442304184,254.38043397505558,5.087608679501112,0.9418781080234331,0.9418781080234331
