begin,end,command,joint,status,raw,speed_raw,load_raw,current_raw,voltage_mv,temperature_c,hardware_error,servo_id,joint_name,time_ms,target_deg,actual_deg,error_deg,imu_gap_ms,imu_time_ms,roll_deg,pitch_deg
0,2,0,0,0,1929,0,0,0,11700,34,0,1,FL-J1,1.0,-0.0,-0.0,-0.0,4.0,5,-2.5,-0.4
2,4,0,1,0,1555,0,8,1,11800,32,0,2,FL-J2,3.0,45.966796875,45.87890625,-0.087890625,2.0,5,-2.5,-0.4
22,24,1,2,0,3002,0,112,11,11900,35,0,3,FL-J3,23.0,90.0,91.142578125,1.142578125,4.0,27,-2.5,-0.4
24,26,1,3,0,2082,0,-64,2,11900,35,0,4,FR-J1,25.0,-0.0,0.615234375,0.615234375,2.0,27,-2.5,-0.4
42,44,2,4,0,2441,0,-32,2,11900,32,0,5,FR-J2,43.0,46.142578125,45.615234375,-0.52734375,4.0,47,-2.5,-0.4
44,46,2,5,0,1037,0,-160,11,12000,34,0,6,FR-J3,45.0,90.17578125,91.7578125,1.58203125,2.0,47,-2.5,-0.4
62,64,3,6,0,2095,0,-80,3,11800,34,0,7,RL-J1,63.0,0.0,0.791015625,0.791015625,4.0,67,-2.5,-0.4
64,66,3,7,0,1421,0,40,2,11900,31,0,8,RL-J2,65.0,46.40625,45.791015625,-0.615234375,2.0,67,-2.5,-0.4
81,83,4,8,0,3003,0,88,4,11800,37,0,9,RL-J3,82.0,91.318359375,91.318359375,0.0,4.0,86,-2.5,-0.4
83,85,4,9,0,1954,0,32,0,11900,35,0,10,RR-J1,84.0,0.0,0.263671875,0.263671875,2.0,86,-2.5,-0.4
101,103,5,10,0,2773,0,-40,2,11700,33,0,11,RR-J2,102.0,45.966796875,45.52734375,-0.439453125,4.0,106,-2.5,-0.4
103,105,5,11,0,1000,0,-184,12,11800,35,0,12,RR-J3,104.0,90.0,91.93359375,1.93359375,2.0,106,-2.5,-0.4
122,124,6,0,0,1929,0,0,0,11700,34,0,1,FL-J1,123.0,-0.0,-0.0,-0.0,4.0,127,-2.5,-0.4
124,126,6,1,0,1555,0,8,0,11900,32,0,2,FL-J2,125.0,45.966796875,45.87890625,-0.087890625,2.0,127,-2.5,-0.4
142,144,7,2,0,3002,0,112,13,11900,35,0,3,FL-J3,143.0,90.0,91.142578125,1.142578125,4.0,147,-2.5,-0.4
144,146,7,3,0,2082,0,-84,3,11900,35,0,4,FR-J1,145.0,-0.263671875,0.615234375,0.87890625,2.0,147,-2.5,-0.4
162,164,8,4,0,2457,250,-152,23,11900,32,0,5,FR-J2,163.0,49.658203125,47.021484375,-2.63671875,4.0,167,-2.5,-0.4
164,166,8,5,0,1030,-250,76,0,12000,34,0,6,FR-J3,165.0,95.9765625,92.373046875,-3.603515625,2.0,167,-2.5,-0.4
182,184,9,6,0,2095,0,-80,3,11800,34,0,7,RL-J1,183.0,0.0,0.791015625,0.791015625,4.0,187,-2.5,-0.4
184,186,9,7,0,1395,-350,136,16,11800,31,0,8,RL-J2,185.0,50.361328125,48.076171875,-2.28515625,2.0,187,-2.5,-0.4
202,204,10,8,0,3027,350,-128,0,11800,37,0,9,RL-J3,203.0,97.91015625,93.427734375,-4.482421875,4.0,207,-2.4,-0.4
204,206,10,9,0,1955,50,40,1,11900,35,0,10,RR-J1,205.0,0.0,0.3515625,0.3515625,2.0,207,-2.4,-0.4
221,223,11,10,0,2776,50,-8,0,11800,33,0,11,RR-J2,222.0,45.87890625,45.791015625,-0.087890625,4.0,226,-2.4,-0.4
223,225,11,11,0,998,-50,-204,18,11700,35,0,12,RR-J3,224.0,90.0,92.109375,2.109375,2.0,226,-2.4,-0.4
241,243,12,0,0,1931,0,24,0,11700,34,0,1,FL-J1,242.0,-0.0,0.17578125,0.17578125,4.0,246,-2.4,-0.4
243,245,12,1,0,1551,0,-32,2,11800,32,0,2,FL-J2,244.0,45.87890625,46.23046875,0.3515625,2.0,246,-2.4,-0.4
261,263,13,2,0,3002,0,112,9,11900,35,0,3,FL-J3,262.0,90.0,91.142578125,1.142578125,4.0,266,-2.4,-0.4
263,265,13,3,0,2094,150,-60,1,11900,35,0,4,FR-J1,264.0,-1.494140625,-0.439453125,1.0546875,2.0,266,-2.4,-0.4
281,283,14,4,0,2512,550,-88,5,11900,70,0,5,FR-J2,282.0,52.998046875,51.85546875,-1.142578125,5.0,287,-2.4,-0.4
283,285,14,4,0,2513,550,-80,4,11900,32,0,5,FR-J2,284.0,52.998046875,51.943359375,-1.0546875,3.0,287,-2.4,-0.4
301,303,15,5,0,968,-550,132,0,12000,34,0,6,FR-J3,302.0,100.283203125,97.822265625,-2.4609375,5.0,307,-2.3,-0.4
303,305,15,6,0,2108,100,44,1,11800,34,0,7,RL-J1,304.0,0.0,-0.3515625,-0.3515625,3.0,307,-2.3,-0.4
321,323,16,7,0,1346,-200,44,2,11900,31,0,8,RL-J2,322.0,52.822265625,52.3828125,-0.439453125,5.0,327,-2.0,-0.4
323,325,16,8,0,3078,450,-104,0,11800,37,0,9,RL-J3,324.0,99.31640625,97.91015625,-1.40625,3.0,327,-2.0,-0.4
341,343,17,9,0,1958,50,68,2,11900,35,0,10,RR-J1,342.0,0.0,0.615234375,0.615234375,5.0,347,-1.9,-0.3
343,345,17,10,0,2776,-50,-32,2,11800,33,0,11,RR-J2,344.0,46.23046875,45.791015625,-0.439453125,3.0,347,-1.9,-0.3
361,363,18,11,0,998,0,-200,16,11700,35,0,12,RR-J3,362.0,90.0,92.109375,2.109375,5.0,367,-1.7,-0.3
363,365,18,0,0,1933,0,40,0,11700,34,0,1,FL-J1,364.0,-0.0,0.3515625,0.3515625,3.0,367,-1.7,-0.3
381,383,19,1,0,1547,-100,-12,1,11800,32,0,2,FL-J2,382.0,46.494140625,46.58203125,0.087890625,5.0,387,-1.8,-0.4
383,385,19,2,0,3003,0,120,11,12000,35,0,3,FL-J3,384.0,90.0,91.23046875,1.23046875,3.0,387,-1.8,-0.4
401,403,20,3,0,2122,250,-68,1,11900,36,0,4,FR-J1,402.0,-4.39453125,-2.900390625,1.494140625,5.0,407,-2.1,-0.4
403,405,20,4,0,2534,150,-28,1,11900,32,0,5,FR-J2,404.0,54.228515625,53.7890625,-0.439453125,3.0,407,-2.1,-0.4
421,423,21,5,0,937,-200,60,1,12000,34,0,6,FR-J3,422.0,101.42578125,100.546875,-0.87890625,5.0,427,-2.4,-0.5
423,425,21,6,0,2108,0,40,1,11800,34,0,7,RL-J1,424.0,0.0,-0.3515625,-0.3515625,3.0,427,-2.4,-0.5
441,443,22,7,0,1341,0,24,1,11900,31,0,8,RL-J2,442.0,53.0859375,52.822265625,-0.263671875,5.0,447,-2.6,-0.7
443,445,22,8,0,3094,150,20,1,11800,37,0,9,RL-J3,444.0,99.31640625,99.31640625,0.0,3.0,447,-2.6,-0.7
461,463,23,9,0,1959,0,72,3,11900,35,0,10,RR-J1,462.0,0.0,0.703125,0.703125,5.0,467,-2.7,-0.7
463,465,23,10,0,2778,50,-112,22,11800,33,0,11,RR-J2,464.0,47.4609375,45.966796875,-1.494140625,3.0,467,-2.7,-0.7
481,483,24,11,0,997,0,-208,23,11800,35,0,12,RR-J3,482.0,89.912109375,92.197265625,2.28515625,5.0,487,-2.9,-0.8
483,485,24,0,0,1933,-50,36,0,11700,34,0,1,FL-J1,484.0,-0.0,0.3515625,0.3515625,3.0,487,-2.9,-0.8
501,503,25,1,0,1540,0,56,3,11800,32,0,2,FL-J2,502.0,48.076171875,47.197265625,-0.87890625,5.0,507,-3.1,-0.9
503,505,25,2,0,3004,0,140,14,11800,35,0,3,FL-J3,504.0,89.912109375,91.318359375,1.40625,3.0,507,-3.1,-0.9
521,523,26,3,0,2152,250,-108,2,11900,35,0,4,FR-J1,522.0,-7.91015625,-5.537109375,2.373046875,5.0,527,-3.4,-1.1
523,525,26,4,0,2540,0,-16,0,11900,32,0,5,FR-J2,524.0,54.4921875,54.31640625,-0.17578125,3.0,527,-3.4,-1.1
541,543,27,5,0,923,-100,64,1,12000,34,0,6,FR-J3,542.0,102.48046875,101.77734375,-0.703125,5.0,547,-3.5,-1.2
543,545,27,6,0,2104,-50,0,0,11800,34,0,7,RL-J1,544.0,0.0,0.0,0.0,3.0,547,-3.5,-1.2
561,563,28,7,0,1345,50,0,0,11800,31,0,8,RL-J2,562.0,52.294921875,52.470703125,0.17578125,5.0,567,-3.8,-1.3
563,565,28,8,0,3099,50,52,1,11800,37,0,9,RL-J3,564.0,99.31640625,99.755859375,0.439453125,3.0,567,-3.8,-1.3
581,583,29,9,0,1959,0,72,2,11800,35,0,10,RR-J1,582.0,0.0,0.703125,0.703125,5.0,587,-3.9,-1.4
583,585,29,10,0,2796,200,-156,40,11700,33,0,11,RR-J2,584.0,49.658203125,47.548828125,-2.109375,3.0,587,-3.9,-1.4
601,603,30,11,0,996,0,-240,30,11700,35,0,12,RR-J3,602.0,89.560546875,92.28515625,2.724609375,5.0,607,-4.0,-1.4
603,605,30,0,0,1930,-50,-20,0,11700,34,0,1,FL-J1,604.0,-0.0,0.087890625,0.087890625,3.0,607,-4.0,-1.4
621,623,31,1,0,1519,-200,104,9,11800,32,0,2,FL-J2,622.0,50.625,49.04296875,-1.58203125,5.0,627,-4.1,-1.4
623,625,31,2,0,3004,0,180,26,12000,35,0,3,FL-J3,624.0,89.47265625,91.318359375,1.845703125,3.0,627,-4.1,-1.4
641,643,32,3,0,2190,300,-120,1,11900,35,0,4,FR-J1,642.0,-11.6015625,-8.876953125,2.724609375,5.0,647,-4.2,-1.4
643,645,32,4,0,2536,-50,16,0,11900,32,0,5,FR-J2,644.0,53.7890625,53.96484375,0.17578125,3.0,647,-4.2,-1.4
661,663,33,5,0,912,-100,52,1,12000,34,0,6,FR-J3,662.0,103.18359375,102.744140625,-0.439453125,5.0,667,-4.2,-1.4
663,665,33,6,0,2102,0,-24,1,11800,34,0,7,RL-J1,664.0,0.0,0.17578125,0.17578125,3.0,667,-4.2,-1.4
681,683,34,7,0,1353,100,-48,3,11800,31,0,8,RL-J2,682.0,50.9765625,51.767578125,0.791015625,5.0,687,-4.3,-1.4
683,685,34,8,0,3097,-50,28,1,11800,37,0,9,RL-J3,684.0,99.404296875,99.580078125,0.17578125,3.0,687,-4.3,-1.4
701,703,35,9,0,1958,0,64,2,11800,35,0,10,RR-J1,702.0,0.0,0.615234375,0.615234375,5.0,707,-4.3,-1.3
703,705,35,10,0,2827,300,-136,20,11700,33,0,11,RR-J2,704.0,52.20703125,50.2734375,-1.93359375,3.0,707,-4.3,-1.3
721,723,36,11,0,997,0,-292,45,11600,35,0,12,RR-J3,722.0,88.857421875,92.197265625,3.33984375,5.0,727,-4.2,-1.2
723,725,36,0,0,1930,0,0,0,11700,34,0,1,FL-J1,724.0,-0.0,0.087890625,0.087890625,3.0,727,-4.2,-1.2
741,743,37,1,0,1483,-350,68,4,11800,32,0,2,FL-J2,742.0,53.0859375,52.20703125,-0.87890625,5.0,747,-4.1,-1.1
743,745,37,2,0,3005,0,252,45,11700,35,0,3,FL-J3,744.0,88.681640625,91.40625,2.724609375,3.0,747,-4.1,-1.1
761,763,38,3,0,2232,350,-108,1,11900,35,0,4,FR-J1,762.0,-14.94140625,-12.568359375,2.373046875,5.0,767,-3.9,-1.0
763,765,38,4,0,2524,-150,0,0,11800,32,0,5,FR-J2,764.0,52.822265625,52.91015625,0.087890625,3.0,767,-3.9,-1.0
781,783,39,5,0,908,0,32,1,11900,34,0,6,FR-J3,782.0,103.359375,103.095703125,-0.263671875,5.0,787,-3.7,-0.9
783,785,39,6,0,2104,150,24,0,11800,34,0,7,RL-J1,784.0,0.0,0.0,0.0,3.0,787,-3.7,-0.9
801,803,40,7,0,1369,250,-32,1,11800,31,0,8,RL-J2,802.0,49.833984375,50.361328125,0.52734375,4.0,806,-3.6,-0.9
803,805,40,8,0,3094,50,20,0,11800,37,0,9,RL-J3,804.0,99.31640625,99.31640625,0.0,2.0,806,-3.6,-0.9
821,823,41,9,0,1958,0,64,2,11800,35,0,10,RR-J1,822.0,0.0,0.615234375,0.615234375,4.0,826,-3.8,-0.9
823,825,41,10,0,2859,200,-64,4,11700,33,0,11,RR-J2,824.0,53.96484375,53.0859375,-0.87890625,2.0,826,-3.8,-0.9
841,843,42,11,0,1003,150,-304,32,11700,35,0,12,RR-J3,842.0,88.2421875,91.669921875,3.427734375,4.0,846,-3.6,-0.8
843,845,42,0,0,1930,0,0,0,11700,34,0,1,FL-J1,844.0,-0.0,0.087890625,0.087890625,2.0,846,-3.6,-0.8
861,863,43,1,0,1456,-200,4,1,11800,32,0,2,FL-J2,862.0,54.66796875,54.580078125,-0.087890625,4.0,866,-3.3,-0.5
863,865,43,2,0,2997,-150,268,32,11800,35,0,3,FL-J3,864.0,87.890625,90.703125,2.8125,2.0,866,-3.3,-0.5
881,883,44,3,0,2267,350,-76,1,11900,35,0,4,FR-J1,882.0,-16.962890625,-15.64453125,1.318359375,4.0,886,-3.0,-0.4
883,885,44,4,0,2515,-50,8,0,11900,32,0,5,FR-J2,884.0,51.767578125,52.119140625,0.3515625,2.0,886,-3.0,-0.4
901,903,45,5,0,908,0,-20,0,12000,34,0,6,FR-J3,902.0,102.041015625,103.095703125,1.0546875,4.0,906,-3.2,-0.4
903,905,45,6,0,2108,0,40,1,11800,34,0,7,RL-J1,904.0,0.0,-0.3515625,-0.3515625,2.0,906,-3.2,-0.4
921,923,46,7,0,1380,-100,-72,4,11800,31,0,8,RL-J2,922.0,47.900390625,49.39453125,1.494140625,4.0,926,-3.5,-0.6
923,925,46,8,0,3093,50,100,4,11800,37,0,9,RL-J3,924.0,97.03125,99.228515625,2.197265625,2.0,926,-3.5,-0.6
942,944,47,9,0,1958,0,64,2,11900,35,0,10,RR-J1,943.0,0.0,0.615234375,0.615234375,4.0,947,-3.4,-0.5
944,946,47,10,0,2876,50,-8,0,11700,33,0,11,RR-J2,945.0,54.84375,54.580078125,-0.263671875,2.0,947,-3.4,-0.5
962,964,48,11,0,1014,150,-256,26,11700,35,0,12,RR-J3,963.0,87.890625,90.703125,2.8125,4.0,967,-2.7,-0.3
964,966,48,0,0,1934,0,48,1,11700,34,0,1,FL-J1,965.0,-0.0,0.439453125,0.439453125,2.0,967,-2.7,-0.3
982,984,49,1,0,1443,-50,-36,3,11800,32,0,2,FL-J2,983.0,55.283203125,55.72265625,0.439453125,4.0,987,-2.0,0.2
984,986,49,2,0,2986,0,204,39,11800,35,0,3,FL-J3,985.0,87.626953125,89.736328125,2.109375,2.0,987,-2.0,0.2
1002,1004,50,3,0,2284,150,-64,1,11900,35,0,4,FR-J1,1003.0,-17.9296875,-17.138671875,0.791015625,4.0,1007,-1.6,0.4
1004,1006,50,4,0,2486,-300,84,6,11900,32,0,5,FR-J2,1005.0,47.98828125,49.5703125,1.58203125,2.0,1007,-1.6,0.4
1021,1023,51,5,0,931,450,-232,10,11900,34,0,6,FR-J3,1022.0,95.009765625,101.07421875,6.064453125,4.0,1026,-1.9,0.3
1023,1025,51,6,0,2108,50,40,1,11800,34,0,7,RL-J1,1024.0,0.0,-0.3515625,-0.3515625,2.0,1026,-1.9,0.3
1041,1043,52,7,0,1426,450,-68,5,11800,31,0,8,RL-J2,1042.0,44.208984375,45.3515625,1.142578125,4.0,1046,-2.1,0.2
1043,1045,52,8,0,3049,-300,208,5,11800,37,0,9,RL-J3,1044.0,90.439453125,95.361328125,4.921875,2.0,1046,-2.1,0.2
1061,1063,53,9,0,1958,0,64,2,11900,35,0,10,RR-J1,1062.0,0.0,0.615234375,0.615234375,4.0,1066,-2.1,0.1
1063,1065,53,10,0,2882,0,24,1,11800,33,0,11,RR-J2,1064.0,54.84375,55.107421875,0.263671875,2.0,1066,-2.1,0.1
1081,1083,54,11,0,1026,100,-168,9,11800,35,0,12,RR-J3,1082.0,87.802734375,89.6484375,1.845703125,4.0,1086,-1.9,0.2
1083,1085,54,0,0,1935,0,56,1,11700,34,0,1,FL-J1,1084.0,-0.0,0.52734375,0.52734375,2.0,1086,-1.9,0.2
1101,1103,55,1,0,1442,0,-40,3,11900,32,0,2,FL-J2,1102.0,55.37109375,55.810546875,0.439453125,4.0,1106,-1.9,0.4
1103,1105,55,2,0,2969,-100,64,3,11900,35,0,3,FL-J3,1104.0,87.5390625,88.2421875,0.703125,2.0,1106,-1.9,0.4
1121,1123,56,3,0,2287,0,-64,3,11900,35,0,4,FR-J1,1122.0,-18.017578125,-17.40234375,0.615234375,4.0,1126,-1.9,0.3
1123,1125,56,4,0,2461,-100,40,1,11900,32,0,5,FR-J2,1124.0,47.021484375,47.373046875,0.3515625,2.0,1126,-1.9,0.3
1141,1143,57,5,0,979,350,-248,16,11900,34,0,6,FR-J3,1142.0,93.8671875,96.85546875,2.98828125,4.0,1146,-2.1,0.1
1143,1145,57,6,0,2102,0,-28,1,11800,34,0,7,RL-J1,1144.0,0.0,0.17578125,0.17578125,2.0,1146,-2.1,0.1
1161,1163,58,7,0,1446,50,24,1,11900,31,0,8,RL-J2,1162.0,43.857421875,43.59375,-0.263671875,5.0,1167,-2.0,0.1
1163,1165,58,8,0,3002,-300,128,6,11800,37,0,9,RL-J3,1164.0,90.0,91.23046875,1.23046875,3.0,1167,-2.0,0.1
1181,1183,59,9,0,1956,0,48,2,11900,35,0,10,RR-J1,1182.0,0.0,0.439453125,0.439453125,5.0,1187,-2.1,0.1
1183,1185,59,10,0,2881,0,-40,2,11800,33,0,11,RR-J2,1184.0,55.986328125,55.01953125,-0.966796875,3.0,1187,-2.1,0.1
1202,1204,60,11,0,1028,0,-20,1,11800,35,0,12,RR-J3,1203.0,91.40625,89.47265625,-1.93359375,4.0,1207,-2.2,0.0
1204,1206,60,0,0,1934,0,52,1,11700,34,0,1,FL-J1,1205.0,-0.087890625,0.439453125,0.52734375,2.0,1207,-2.2,0.0
1222,1224,61,1,0,1435,-150,80,3,11900,33,0,2,FL-J2,1223.0,58.0078125,56.42578125,-1.58203125,4.0,1227,-2.3,-0.1
1224,1226,61,2,0,2971,100,-124,3,11900,35,0,3,FL-J3,1225.0,92.4609375,88.41796875,-4.04296875,2.0,1227,-2.3,-0.1
1242,1244,62,3,0,2286,0,-56,3,11900,35,0,4,FR-J1,1243.0,-17.841796875,-17.314453125,0.52734375,5.0,1248,-2.4,-0.1
1244,1246,62,4,0,2458,0,-8,0,11900,32,0,5,FR-J2,1245.0,47.373046875,47.109375,-0.263671875,3.0,1248,-2.4,-0.1
1262,1264,63,5,0,992,0,-152,9,12000,34,0,6,FR-J3,1263.0,94.04296875,95.712890625,1.669921875,5.0,1268,-2.4,-0.1
1264,1266,63,6,0,2100,0,-56,1,11800,34,0,7,RL-J1,1265.0,-0.263671875,0.3515625,0.615234375,3.0,1268,-2.4,-0.1
1282,1284,64,7,0,1444,-100,76,5,11800,32,0,8,RL-J2,1283.0,44.736328125,43.76953125,-0.966796875,5.0,1288,-2.5,-0.3
1284,1286,64,8,0,3004,100,132,8,11800,38,0,9,RL-J3,1285.0,90.17578125,91.40625,1.23046875,3.0,1288,-2.5,-0.3
1302,1304,65,9,0,1956,0,92,4,11900,35,0,10,RR-J1,1303.0,-0.52734375,0.439453125,0.966796875,5.0,1308,-2.7,-0.3
1304,1306,65,10,0,2913,250,-100,13,11800,33,0,11,RR-J2,1305.0,59.0625,57.83203125,-1.23046875,3.0,1308,-2.7,-0.3
1321,1323,66,11,0,982,-450,136,0,11800,35,0,12,RR-J3,1322.0,98.0859375,93.515625,-4.5703125,5.0,1327,-2.8,-0.3
1323,1325,66,0,0,1926,-100,40,0,11700,34,0,1,FL-J1,1324.0,-0.703125,-0.263671875,0.439453125,3.0,1327,-2.8,-0.3
1341,1343,67,1,0,1399,-100,16,1,11800,32,0,2,FL-J2,1342.0,59.501953125,59.58984375,0.087890625,5.0,1347,-2.8,-0.3
1343,1345,67,2,0,3026,500,-224,6,11900,35,0,3,FL-J3,1344.0,98.173828125,93.251953125,-4.921875,3.0,1347,-2.8,-0.3
1361,1363,68,3,0,2285,0,0,0,11900,35,0,4,FR-J1,1362.0,-16.962890625,-17.2265625,-0.263671875,5.0,1367,-2.7,-0.4
1363,1365,68,4,0,2469,150,-32,0,11900,32,0,5,FR-J2,1364.0,48.69140625,48.076171875,-0.615234375,3.0,1367,-2.7,-0.4
1381,1383,69,5,0,991,0,-160,10,12000,34,0,6,FR-J3,1382.0,94.130859375,95.80078125,1.669921875,5.0,1387,-2.4,-0.4
1383,1385,69,6,0,2099,0,-132,7,11800,34,0,7,RL-J1,1384.0,-1.23046875,0.439453125,1.669921875,3.0,1387,-2.4,-0.4
1402,1404,70,7,0,1431,-150,136,20,12000,31,0,8,RL-J2,1403.0,46.7578125,44.912109375,-1.845703125,5.0,1408,-1.9,-0.4
1404,1406,70,8,0,3007,0,92,5,11800,37,0,9,RL-J3,1405.0,90.791015625,91.669921875,0.87890625,3.0,1408,-1.9,-0.4
1422,1424,71,9,0,1944,-50,84,2,11900,35,0,10,RR-J1,1423.0,-1.669921875,-0.615234375,1.0546875,5.0,1428,-1.3,-0.5
1424,1426,71,10,0,2919,50,44,2,11800,33,0,11,RR-J2,1425.0,57.48046875,58.359375,0.87890625,3.0,1428,-1.3,-0.5
1442,1444,72,11,0,925,-450,52,0,11800,35,0,12,RR-J3,1443.0,99.580078125,98.525390625,-1.0546875,5.0,1448,-0.5,-0.7
1444,1446,72,0,0,1915,-100,48,1,11700,34,0,1,FL-J1,1445.0,-1.93359375,-1.23046875,0.703125,3.0,1448,-0.5,-0.7
1462,1464,73,1,0,1416,200,-44,1,11800,32,0,2,FL-J2,1463.0,57.3046875,58.095703125,0.791015625,5.0,1468,0.1,-0.7
1464,1466,73,2,0,3081,350,-104,5,11900,35,0,3,FL-J3,1465.0,99.66796875,98.0859375,-1.58203125,3.0,1468,0.1,-0.7
1482,1484,74,3,0,2287,0,164,9,11900,35,0,4,FR-J1,1483.0,-15.46875,-17.40234375,-1.93359375,5.0,1488,0.9,-0.7
1484,1486,74,4,0,2487,150,-80,5,11900,32,0,5,FR-J2,1485.0,50.888671875,49.658203125,-1.23046875,3.0,1488,0.9,-0.7
1502,1504,75,5,0,991,0,-172,16,11900,34,0,6,FR-J3,1503.0,94.04296875,95.80078125,1.7578125,5.0,1508,1.6,-0.6
1504,1506,75,6,0,2113,150,-152,7,11700,34,0,7,RL-J1,1505.0,-2.724609375,-0.791015625,1.93359375,3.0,1508,1.6,-0.6
1522,1524,76,7,0,1401,-300,160,24,12000,31,0,8,RL-J2,1523.0,49.833984375,47.548828125,-2.28515625,5.0,1528,2.3,-0.5
1524,1526,76,8,0,3006,0,24,1,11700,37,0,9,RL-J3,1525.0,91.40625,91.58203125,0.17578125,3.0,1528,2.3,-0.5
1541,1543,77,9,0,1944,0,228,22,11800,35,0,10,RR-J1,1542.0,-3.427734375,-0.615234375,2.8125,5.0,1547,2.9,-0.4
1543,1545,77,10,0,2902,-150,112,13,11700,33,0,11,RR-J2,1544.0,55.37109375,56.865234375,1.494140625,3.0,1547,2.9,-0.4
1561,1563,78,11,0,901,-150,0,0,11700,35,0,12,RR-J3,1562.0,100.810546875,100.634765625,-0.17578125,5.0,1567,3.6,-0.4
1563,1565,78,0,0,1898,-150,56,0,11700,34,0,1,FL-J1,1564.0,-3.69140625,-2.724609375,0.966796875,3.0,1567,3.6,-0.4
1581,1583,79,1,0,1444,300,-44,1,11800,33,0,2,FL-J2,1582.0,54.84375,55.634765625,0.791015625,5.0,1587,4.1,-0.3
1583,1585,79,2,0,3103,100,-76,4,11900,35,0,3,FL-J3,1584.0,100.986328125,100.01953125,-0.966796875,3.0,1587,4.1,-0.3
1601,1603,80,3,0,2291,0,360,55,11800,35,0,4,FR-J1,1602.0,-13.623046875,-17.75390625,-4.130859375,5.0,1607,4.6,-0.1
1603,1605,80,4,0,2511,200,-96,7,11800,35,0,5,FR-J2,1604.0,53.173828125,51.767578125,-1.40625,3.0,1607,4.6,-0.1
1621,1623,81,5,0,991,0,-200,22,11900,34,0,6,FR-J3,1622.0,93.603515625,95.80078125,2.197265625,4.0,1626,4.8,0.0
1623,1625,81,6,0,2137,250,-112,3,11800,34,0,7,RL-J1,1624.0,-4.658203125,-2.900390625,1.7578125,2.0,1626,4.8,0.0
1641,1643,82,7,0,1356,-400,92,6,11800,31,0,8,RL-J2,1642.0,52.91015625,51.50390625,-1.40625,5.0,1647,5.0,0.1
1643,1645,82,8,0,3006,0,0,0,11800,37,0,9,RL-J3,1644.0,91.58203125,91.58203125,0.0,3.0,1647,5.0,0.1
1661,1663,83,9,0,1925,-250,236,18,11700,35,0,10,RR-J1,1662.0,-5.2734375,-2.28515625,2.98828125,4.0,1666,5.0,0.1
1663,1665,83,10,0,2889,-50,184,53,11700,33,0,11,RR-J2,1664.0,53.61328125,55.72265625,2.109375,2.0,1666,5.0,0.1
1681,1683,84,11,0,891,-50,24,0,11700,35,0,12,RR-J3,1682.0,101.689453125,101.513671875,-0.17578125,4.0,1686,5.0,0.1
1683,1685,84,0,0,1875,-150,48,0,11700,34,0,1,FL-J1,1684.0,-5.625,-4.74609375,0.87890625,2.0,1686,5.0,0.1
1701,1703,85,1,0,1470,200,-36,1,11800,32,0,2,FL-J2,1702.0,52.734375,53.349609375,0.615234375,4.0,1706,5.0,0.1
1703,1705,85,2,0,3117,50,-44,1,11900,35,0,3,FL-J3,1704.0,101.865234375,101.25,-0.615234375,2.0,1706,5.0,0.1
1721,1723,86,3,0,2270,-250,336,50,11800,35,0,4,FR-J1,1722.0,-11.689453125,-15.908203125,-4.21875,4.0,1726,5.0,-0.1
1723,1725,86,4,0,2530,100,-128,22,11800,32,0,5,FR-J2,1724.0,55.107421875,53.4375,-1.669921875,2.0,1726,5.0,-0.1
1741,1743,87,5,0,990,0,-276,33,11800,34,0,6,FR-J3,1742.0,92.8125,95.888671875,3.076171875,4.0,1746,5.0,-0.1
1743,1745,87,6,0,2161,200,-100,3,11800,34,0,7,RL-J1,1744.0,-6.50390625,-5.009765625,1.494140625,2.0,1746,5.0,-0.1
1761,1763,88,7,0,1326,-200,88,9,11800,31,0,8,RL-J2,1762.0,55.37109375,54.140625,-1.23046875,4.0,1766,4.8,-0.2
1763,1765,88,8,0,3006,0,0,0,11800,37,0,9,RL-J3,1764.0,91.494140625,91.58203125,0.087890625,2.0,1766,4.8,-0.2
1781,1783,89,9,0,1893,-250,148,6,11800,35,0,10,RR-J1,1782.0,-7.119140625,-5.09765625,2.021484375,4.0,1786,4.7,-0.3
1783,1785,89,10,0,2879,-100,216,60,11500,33,0,11,RR-J2,1784.0,52.470703125,54.84375,2.373046875,2.0,1786,4.7,-0.3
1801,1803,90,11,0,884,-50,20,0,11700,35,0,12,RR-J3,1802.0,102.3046875,102.12890625,-0.17578125,4.0,1806,4.6,-0.4
1803,1805,90,0,0,1855,-150,56,0,11700,34,0,1,FL-J1,1804.0,-7.294921875,-6.50390625,0.791015625,2.0,1806,4.6,-0.4
1821,1823,91,1,0,1489,150,-8,0,11700,32,0,2,FL-J2,1822.0,51.416015625,51.6796875,0.263671875,4.0,1826,4.6,-0.4
1823,1825,91,2,0,3124,100,-44,1,11800,35,0,3,FL-J3,1824.0,102.3046875,101.865234375,-0.439453125,2.0,1826,4.6,-0.4
1841,1843,92,3,0,2239,-250,252,24,11700,35,0,4,FR-J1,1842.0,-10.1953125,-13.18359375,-2.98828125,4.0,1846,4.6,-0.4
1843,1845,92,4,0,2534,0,-208,66,11900,32,0,5,FR-J2,1844.0,56.162109375,53.7890625,-2.373046875,2.0,1846,4.6,-0.4
1861,1863,93,5,0,989,0,-356,61,11700,34,0,6,FR-J3,1862.0,92.109375,95.9765625,3.8671875,4.0,1866,4.5,-0.5
1863,1865,93,6,0,2174,150,-148,17,11700,34,0,7,RL-J1,1864.0,-7.998046875,-6.15234375,1.845703125,2.0,1866,4.5,-0.5
1881,1883,94,7,0,1312,-100,140,27,11700,31,0,8,RL-J2,1882.0,57.041015625,55.37109375,-1.669921875,4.0,1886,4.3,-0.5
1883,1885,94,8,0,3011,50,80,3,11700,37,0,9,RL-J3,1884.0,91.23046875,92.021484375,0.791015625,2.0,1886,4.3,-0.5
1901,1903,95,9,0,1880,-100,184,13,11700,35,0,10,RR-J1,1902.0,-8.26171875,-6.240234375,2.021484375,4.0,1906,4.1,-0.5
1903,1905,95,10,0,2871,0,200,64,11600,33,0,11,RR-J2,1904.0,51.943359375,54.140625,2.197265625,2.0,1906,4.1,-0.5
1921,1923,96,11,0,883,0,24,0,11600,35,0,12,RR-J3,1922.0,102.041015625,102.216796875,0.17578125,4.0,1926,3.9,-0.5
1923,1925,96,0,0,1838,-100,36,0,11600,34,0,1,FL-J1,1924.0,-8.525390625,-7.998046875,0.52734375,2.0,1926,3.9,-0.5
1941,1943,97,1,0,1499,50,-24,1,11700,32,0,2,FL-J2,1942.0,50.09765625,50.80078125,0.703125,4.0,1946,3.6,-0.5
1943,1945,97,2,0,3126,0,24,0,11800,35,0,3,FL-J3,1944.0,101.337890625,102.041015625,0.703125,2.0,1946,3.6,-0.5
1961,1963,98,3,0,2221,-100,216,16,11800,35,0,4,FR-J1,1962.0,-9.31640625,-11.6015625,-2.28515625,4.0,1966,3.5,-0.4
1963,1965,98,4,0,2541,100,-216,50,11600,32,0,5,FR-J2,1964.0,56.865234375,54.404296875,-2.4609375,2.0,1966,3.5,-0.4
1982,1984,99,5,0,989,0,-412,83,11700,34,0,6,FR-J3,1983.0,91.58203125,95.9765625,4.39453125,4.0,1987,3.0,-0.4
1984,1986,99,6,0,2186,100,-136,7,11700,34,0,7,RL-J1,1985.0,-8.7890625,-7.20703125,1.58203125,2.0,1987,3.0,-0.4
2002,2004,100,7,0,1296,-200,72,6,11800,31,0,8,RL-J2,2003.0,57.568359375,56.77734375,-0.791015625,4.0,2007,2.8,-0.4
2004,2006,100,8,0,3013,0,104,5,11700,37,0,9,RL-J3,2005.0,91.142578125,92.197265625,1.0546875,2.0,2007,2.8,-0.4
2022,2024,101,9,0,1869,-150,152,8,11800,36,0,10,RR-J1,2023.0,-8.876953125,-7.20703125,1.669921875,4.0,2027,2.8,-0.5
2024,2026,101,10,0,2841,-350,208,40,11500,33,0,11,RR-J2,2025.0,48.427734375,51.50390625,3.076171875,2.0,2027,2.8,-0.5
2042,2044,102,11,0,902,500,-152,2,11700,35,0,12,RR-J3,2043.0,95.537109375,100.546875,5.009765625,4.0,2047,2.6,-0.5
2044,2046,102,0,0,1829,-50,-20,0,11700,34,0,1,FL-J1,2045.0,-8.876953125,-8.7890625,0.087890625,2.0,2047,2.6,-0.5
2061,2063,103,1,0,1536,400,-60,3,11800,32,0,2,FL-J2,2062.0,46.318359375,47.548828125,1.23046875,5.0,2067,2.2,-0.4
2063,2065,103,2,0,3098,-400,188,3,11800,35,0,3,FL-J3,2064.0,94.482421875,99.580078125,5.09765625,3.0,2067,2.2,-0.4
2081,2083,104,3,0,2212,-50,180,15,11800,35,0,4,FR-J1,2082.0,-8.96484375,-10.810546875,-1.845703125,5.0,2087,1.6,-0.2
2083,2085,104,4,0,2560,50,-88,10,11800,32,0,5,FR-J2,2084.0,57.12890625,56.07421875,-1.0546875,3.0,2087,1.6,-0.2
2101,2103,105,5,0,989,0,-416,86,11700,34,0,6,FR-J3,2102.0,91.40625,95.9765625,4.5703125,5.0,2107,1.1,-0.1
2103,2105,105,6,0,2189,0,-148,9,11800,34,0,7,RL-J1,2104.0,-8.96484375,-7.470703125,1.494140625,3.0,2107,1.1,-0.1
2121,2123,106,7,0,1289,-50,24,0,11800,31,0,8,RL-J2,2122.0,57.65625,57.392578125,-0.263671875,5.0,2127,0.5,0.1
2123,2125,106,8,0,3009,0,72,3,11800,37,0,9,RL-J3,2124.0,91.142578125,91.845703125,0.703125,3.0,2127,0.5,0.1
2141,2143,107,9,0,1866,0,144,9,11800,35,0,10,RR-J1,2142.0,-8.96484375,-7.470703125,1.494140625,5.0,2147,-0.3,0.4
2143,2145,107,10,0,2806,-250,160,39,11700,33,0,11,RR-J2,2144.0,46.669921875,48.427734375,1.7578125,3.0,2147,-0.3,0.4
2161,2163,108,11,0,960,300,-136,2,11700,35,0,12,RR-J3,2162.0,93.515625,95.44921875,1.93359375,5.0,2167,-0.7,0.5
2163,2165,108,0,0,1829,0,24,0,11700,34,0,1,FL-J1,2164.0,-8.96484375,-8.7890625,0.17578125,3.0,2167,-0.7,0.5
2181,2183,109,1,0,1556,50,12,0,11800,32,0,2,FL-J2,2182.0,45.87890625,45.791015625,-0.087890625,5.0,2187,-1.1,0.4
2183,2185,109,2,0,3049,-300,160,16,12000,35,0,3,FL-J3,2184.0,93.515625,95.2734375,1.7578125,3.0,2187,-1.1,0.4
2201,2232,110,3,0,2209,-50,152,8,11900,35,0,4,FR-J1,2216.5,-8.96484375,-10.546875,-1.58203125,19.5,2236,-2.5,0.2
2232,2234,110,4,0,2563,0,-136,28,11900,32,0,5,FR-J2,2233.0,57.83203125,56.337890625,-1.494140625,3.0,2236,-2.5,0.2
2245,2247,111,5,0,1009,50,-132,7,11900,34,0,6,FR-J3,2246.0,93.779296875,94.21875,0.439453125,4.0,2250,-3.0,0.2
2247,2249,111,6,0,2194,0,-104,5,11800,34,0,7,RL-J1,2248.0,-8.96484375,-7.91015625,1.0546875,2.0,2250,-3.0,0.2
2267,2269,112,7,0,1279,-50,68,3,11800,31,0,8,RL-J2,2268.0,60.380859375,58.271484375,-2.109375,4.0,2272,-3.4,0.1
2269,2271,112,8,0,3019,250,0,0,11800,37,0,9,RL-J3,2270.0,96.416015625,92.724609375,-3.69140625,2.0,2272,-3.4,0.1
2287,2289,113,9,0,1867,0,152,12,11900,35,0,10,RR-J1,2288.0,-8.96484375,-7.3828125,1.58203125,4.0,2292,-3.6,0.1
2289,2291,113,10,0,2799,-50,80,9,11800,33,0,11,RR-J2,2290.0,47.109375,47.8125,0.703125,2.0,2292,-3.6,0.1
2307,2309,114,11,0,979,-50,-36,1,11800,35,0,12,RR-J3,2308.0,93.515625,93.779296875,0.263671875,4.0,2312,-3.8,0.1
2309,2311,114,0,0,1826,-50,0,0,11700,34,0,1,FL-J1,2310.0,-8.96484375,-9.052734375,-0.087890625,2.0,2312,-3.8,0.1
2327,2329,115,1,0,1554,-50,60,3,11800,32,0,2,FL-J2,2328.0,46.669921875,45.966796875,-0.703125,4.0,2332,-4.1,0.0
2329,2331,115,2,0,3046,0,144,12,11900,35,0,3,FL-J3,2330.0,93.515625,95.009765625,1.494140625,2.0,2332,-4.1,0.0
2347,2349,116,3,0,2202,-50,92,4,11900,35,0,4,FR-J1,2348.0,-8.96484375,-9.931640625,-0.966796875,4.0,2352,-4.5,-0.1
2349,2351,116,4,0,2605,700,-104,4,11900,32,0,5,FR-J2,2350.0,61.171875,60.029296875,-1.142578125,2.0,2352,-4.5,-0.1
2366,2368,117,5,0,996,-250,244,7,12000,34,0,6,FR-J3,2367.0,101.162109375,95.361328125,-5.80078125,4.0,2371,-4.6,-0.1
2368,2370,117,6,0,2195,50,-92,3,11800,34,0,7,RL-J1,2369.0,-8.96484375,-7.998046875,0.966796875,2.0,2371,-4.6,-0.1
2386,2388,118,7,0,1241,-100,-4,0,11900,31,0,8,RL-J2,2387.0,61.171875,61.611328125,0.439453125,4.0,2391,-4.9,-0.1
2388,2390,118,8,0,3065,550,-152,0,11800,37,0,9,RL-J3,2389.0,101.162109375,96.767578125,-4.39453125,2.0,2391,-4.9,-0.1
2406,2408,119,9,0,1867,0,152,11,11900,35,0,10,RR-J1,2407.0,-8.96484375,-7.3828125,1.58203125,4.0,2411,-5.0,-0.1
2408,2410,119,10,0,2804,100,16,1,11800,33,0,11,RR-J2,2409.0,48.427734375,48.251953125,-0.17578125,2.0,2411,-5.0,-0.1
2426,2428,120,11,0,971,-100,-96,4,11800,35,0,12,RR-J3,2427.0,93.515625,94.482421875,0.966796875,5.0,2432,-5.1,-0.3
2428,2430,120,0,0,1835,50,80,2,11700,34,0,1,FL-J1,2429.0,-8.96484375,-8.26171875,0.703125,3.0,2432,-5.1,-0.3
2446,2448,121,1,0,1538,-150,84,6,11900,33,0,2,FL-J2,2447.0,48.515625,47.373046875,-1.142578125,5.0,2452,-5.1,-0.4
2448,2450,121,2,0,3049,0,168,19,11900,35,0,3,FL-J3,2449.0,93.515625,95.2734375,1.7578125,3.0,2452,-5.1,-0.4
2466,2468,122,3,0,2196,0,48,1,11900,35,0,4,FR-J1,2467.0,-8.96484375,-9.404296875,-0.439453125,5.0,2472,-5.0,-0.4
2468,2470,122,4,0,2602,-250,32,0,11900,32,0,5,FR-J2,2469.0,59.0625,59.765625,0.703125,3.0,2472,-5.0,-0.4
2486,2488,123,5,0,936,-350,100,1,12000,34,0,6,FR-J3,2487.0,102.041015625,100.634765625,-1.40625,5.0,2492,-4.9,-0.4
2488,2490,123,6,0,2200,0,-56,1,11800,34,0,7,RL-J1,2489.0,-8.96484375,-8.4375,0.52734375,3.0,2492,-4.9,-0.4
2506,2508,124,7,0,1259,250,-96,9,11800,31,0,8,RL-J2,2507.0,58.623046875,60.029296875,1.40625,5.0,2512,-4.8,-0.4
2508,2510,124,8,0,3113,300,-68,0,11800,37,0,9,RL-J3,2509.0,102.041015625,100.986328125,-1.0546875,3.0,2512,-4.8,-0.4
2521,2523,125,9,0,1868,0,160,12,11900,35,0,10,RR-J1,2522.0,-8.96484375,-7.294921875,1.669921875,4.0,2526,-4.6,-0.4
2523,2525,125,10,0,2816,0,-64,4,11700,33,0,11,RR-J2,2524.0,50.09765625,49.306640625,-0.791015625,2.0,2526,-4.6,-0.4
2540,2542,126,11,0,965,-50,-160,10,11800,35,0,12,RR-J3,2541.0,93.427734375,95.009765625,1.58203125,4.0,2545,-4.3,-0.4
2542,2544,126,0,0,1836,0,80,2,11700,34,0,1,FL-J1,2543.0,-8.96484375,-8.173828125,0.791015625,2.0,2545,-4.3,-0.4
2560,2562,127,1,0,1536,0,192,52,11600,33,0,2,FL-J2,2561.0,49.658203125,47.548828125,-2.109375,4.0,2565,-4.1,-0.3
2562,2564,127,2,0,3050,0,176,17,11900,35,0,3,FL-J3,2563.0,93.515625,95.361328125,1.845703125,2.0,2565,-4.1,-0.3
2580,2582,128,3,0,2194,0,32,1,11900,35,0,4,FR-J1,2581.0,-8.96484375,-9.228515625,-0.263671875,4.0,2585,-4.0,-0.3
2582,2584,128,4,0,2582,-50,-16,0,11900,32,0,5,FR-J2,2583.0,58.18359375,58.0078125,-0.17578125,2.0,2585,-4.0,-0.3
2600,2602,129,5,0,922,-50,28,0,12000,34,0,6,FR-J3,2601.0,102.12890625,101.865234375,-0.263671875,4.0,2605,-3.9,-0.3
2602,2604,129,6,0,2199,0,-64,2,11800,85,0,7,RL-J1,2603.0,-8.96484375,-8.349609375,0.615234375,2.0,2605,-3.9,-0.3
2620,2622,130,6,0,2199,0,-64,2,11800,34,0,7,RL-J1,2621.0,-8.96484375,-8.349609375,0.615234375,4.0,2625,-3.9,-0.3
2622,2624,130,7,0,1272,0,-24,2,11800,31,0,8,RL-J2,2623.0,58.623046875,58.88671875,0.263671875,2.0,2625,-3.9,-0.3
2640,2642,131,8,0,3122,0,-32,1,11800,37,0,9,RL-J3,2641.0,102.041015625,101.77734375,-0.263671875,4.0,2645,-3.9,-0.3
2642,2644,131,9,0,1868,0,160,13,11900,35,0,10,RR-J1,2643.0,-8.96484375,-7.294921875,1.669921875,2.0,2645,-3.9,-0.3
2660,2662,132,10,0,2823,50,-16,0,11800,33,0,11,RR-J2,2661.0,50.09765625,49.921875,-0.17578125,4.0,2665,-4.1,-0.4
2662,2664,132,11,0,963,0,-168,13,11800,35,0,12,RR-J3,2663.0,93.427734375,95.185546875,1.7578125,2.0,2665,-4.1,-0.4
2682,2684,133,0,0,1837,0,88,4,11700,34,0,1,FL-J1,2683.0,-8.96484375,-8.0859375,0.87890625,4.0,2687,-4.2,-0.4
2684,2686,133,1,0,1530,-150,140,27,11900,33,0,2,FL-J2,2685.0,49.658203125,48.076171875,-1.58203125,2.0,2687,-4.2,-0.4
2701,2703,134,2,0,3050,0,176,19,11900,35,0,3,FL-J3,2702.0,93.515625,95.361328125,1.845703125,4.0,2706,-4.3,-0.4
2703,2705,134,3,0,2194,0,52,1,11900,35,0,4,FR-J1,2704.0,-8.0859375,-9.228515625,-1.142578125,2.0,2706,-4.3,-0.4
2723,2725,135,4,0,2582,0,52,1,11900,32,0,5,FR-J2,2724.0,56.42578125,58.0078125,1.58203125,4.0,2728,-4.5,-0.4
2725,2727,135,5,0,922,0,20,0,12000,34,0,6,FR-J3,2726.0,101.689453125,101.865234375,0.17578125,2.0,2728,-4.5,-0.4
2743,2745,136,6,0,2200,0,44,0,11800,34,0,7,RL-J1,2744.0,-4.482421875,-8.4375,-3.955078125,4.0,2748,-4.6,-0.4
2745,2747,136,7,0,1278,0,-128,17,11800,31,0,8,RL-J2,2746.0,55.107421875,58.359375,3.251953125,2.0,2748,-4.6,-0.4
2763,2765,137,8,0,3121,-50,32,1,11700,37,0,9,RL-J3,2764.0,100.458984375,101.689453125,1.23046875,4.0,2768,-4.8,-0.4
2765,2767,137,9,0,1867,-50,148,12,11900,35,0,10,RR-J1,2766.0,-8.96484375,-7.3828125,1.58203125,2.0,2768,-4.8,-0.4
2783,2785,138,10,0,2828,0,24,1,11800,33,0,11,RR-J2,2784.0,50.09765625,50.361328125,0.263671875,4.0,2788,-4.8,-0.4
2785,2787,138,11,0,966,0,-144,9,11800,35,0,12,RR-J3,2786.0,93.427734375,94.921875,1.494140625,2.0,2788,-4.8,-0.4
2803,2805,139,0,0,1835,0,72,2,11700,34,0,1,FL-J1,2804.0,-8.96484375,-8.26171875,0.703125,4.0,2808,-5.1,-0.4
2805,2807,139,1,0,1522,-50,80,9,11800,33,0,2,FL-J2,2806.0,49.658203125,48.779296875,-0.87890625,2.0,2808,-5.1,-0.4
2821,2823,140,2,0,3050,0,176,21,11900,36,0,3,FL-J3,2822.0,93.515625,95.361328125,1.845703125,4.0,2826,-5.1,-0.4
2823,2825,140,3,0,2166,-450,224,6,11900,35,0,4,FR-J1,2824.0,-0.0,-6.767578125,-6.767578125,2.0,2826,-5.1,-0.4
2840,2842,141,4,0,2510,-750,36,0,11900,32,0,5,FR-J2,2841.0,51.240234375,51.6796875,0.439453125,5.0,2846,-5.2,-0.4
2842,2844,141,5,0,936,300,-96,1,12000,34,0,6,FR-J3,2843.0,99.31640625,100.634765625,1.318359375,3.0,2846,-5.2,-0.4
2860,2862,142,6,0,2161,-550,236,6,11800,34,0,7,RL-J1,2861.0,0.0,-5.009765625,-5.009765625,5.0,2866,-5.1,-0.3
2862,2864,142,7,0,1347,550,-92,12,11800,31,0,8,RL-J2,2863.0,51.240234375,52.294921875,1.0546875,3.0,2866,-5.1,-0.3
2881,2883,143,8,0,3103,-50,80,2,11800,37,0,9,RL-J3,2882.0,99.31640625,100.107421875,0.791015625,5.0,2887,-5.2,-0.3
2883,2885,143,9,0,1859,-100,80,3,11900,35,0,10,RR-J1,2884.0,-8.96484375,-8.0859375,0.87890625,3.0,2887,-5.2,-0.3
2901,2903,144,10,0,2828,0,24,0,11800,33,0,11,RR-J2,2902.0,50.09765625,50.361328125,0.263671875,5.0,2907,-5.6,-0.4
2903,2905,144,11,0,967,0,-136,8,11800,35,0,12,RR-J3,2904.0,93.427734375,94.833984375,1.40625,3.0,2907,-5.6,-0.4
2921,2923,145,0,0,1826,-50,0,0,11700,34,0,1,FL-J1,2922.0,-8.96484375,-9.052734375,-0.087890625,5.0,2927,-6.0,-0.4
2923,2925,145,1,0,1523,50,88,15,11800,32,0,2,FL-J2,2924.0,49.658203125,48.69140625,-0.966796875,3.0,2927,-6.0,-0.4
2943,2945,146,2,0,3051,0,184,20,11900,35,0,3,FL-J3,2944.0,93.515625,95.44921875,1.93359375,4.0,2948,-6.3,-0.4
2945,2947,146,3,0,2103,-400,104,1,11900,35,0,4,FR-J1,2946.0,-0.0,-1.23046875,-1.23046875,2.0,2948,-6.3,-0.4
2963,2965,147,4,0,2494,-100,52,3,11900,32,0,5,FR-J2,2964.0,48.603515625,50.2734375,1.669921875,4.0,2968,-6.2,-0.4
2965,2967,147,5,0,951,0,-132,3,12000,34,0,6,FR-J3,2966.0,94.833984375,99.31640625,4.482421875,2.0,2968,-6.2,-0.4
2983,2985,148,6,0,2112,-200,60,1,11800,34,0,7,RL-J1,2984.0,0.0,-0.703125,-0.703125,4.0,2988,-6.1,-0.4
2985,2987,148,7,0,1370,300,-140,18,11800,31,0,8,RL-J2,2986.0,47.724609375,50.2734375,2.548828125,2.0,2988,-6.1,-0.4
3003,3005,149,8,0,3085,-350,192,6,11800,37,0,9,RL-J3,3004.0,91.58203125,98.525390625,6.943359375,4.0,3008,-5.6,-0.3
3005,3007,149,9,0,1849,-50,0,0,11900,35,0,10,RR-J1,3006.0,-8.96484375,-8.96484375,0.0,2.0,3008,-5.6,-0.3
3021,3023,150,10,0,2828,0,24,0,11800,33,0,11,RR-J2,3022.0,50.09765625,50.361328125,0.263671875,5.0,3027,-4.9,-0.1
3023,3025,150,11,0,966,0,-144,8,11800,35,0,12,RR-J3,3024.0,93.427734375,94.921875,1.494140625,3.0,3027,-4.9,-0.1
3041,3043,151,0,0,1828,0,0,0,11700,34,0,1,FL-J1,3042.0,-8.96484375,-8.876953125,0.087890625,5.0,3047,-4.2,0.1
3043,3045,151,1,0,1524,0,96,19,11800,32,0,2,FL-J2,3044.0,49.658203125,48.603515625,-1.0546875,3.0,3047,-4.2,0.1
3061,3063,152,2,0,3051,0,184,22,11900,35,0,3,FL-J3,3062.0,93.515625,95.44921875,1.93359375,5.0,3067,-3.6,0.2
3063,3065,152,3,0,2093,0,40,1,11900,35,0,4,FR-J1,3064.0,-0.0,-0.3515625,-0.3515625,3.0,3067,-3.6,0.2
3080,3082,153,4,0,2448,-350,20,0,11900,32,0,5,FR-J2,3081.0,45.966796875,46.23046875,0.263671875,5.0,3086,-3.5,0.2
3082,3084,153,5,0,996,500,-292,17,11900,34,0,6,FR-J3,3083.0,90.0,95.361328125,5.361328125,3.0,3086,-3.5,0.2
3100,3102,154,6,0,2109,-100,40,1,11800,34,0,7,RL-J1,3101.0,0.0,-0.439453125,-0.439453125,5.0,3106,-3.1,0.1
3102,3104,154,7,0,1406,150,-104,18,11800,31,0,8,RL-J2,3103.0,45.966796875,47.109375,1.142578125,3.0,3106,-3.1,0.1
3120,3122,155,8,0,3017,-600,144,1,11800,37,0,9,RL-J3,3121.0,90.0,92.548828125,2.548828125,5.0,3126,-2.5,0.0
3122,3124,155,9,0,1847,0,-24,1,11900,35,0,10,RR-J1,3123.0,-8.96484375,-9.140625,-0.17578125,3.0,3126,-2.5,0.0
3140,3142,156,10,0,2827,0,16,0,11800,33,0,11,RR-J2,3141.0,50.09765625,50.2734375,0.17578125,5.0,3146,-2.0,-0.1
3142,3144,156,11,0,967,0,-136,7,11800,35,0,12,RR-J3,3143.0,93.427734375,94.833984375,1.40625,3.0,3146,-2.0,-0.1
3160,3162,157,0,0,1828,-100,-24,0,11700,34,0,1,FL-J1,3161.0,-8.96484375,-8.876953125,0.087890625,5.0,3166,-1.9,-0.1
3162,3164,157,1,0,1520,-100,64,6,11800,33,0,2,FL-J2,3163.0,49.658203125,48.955078125,-0.703125,3.0,3166,-1.9,-0.1
3180,3182,158,2,0,3041,-100,96,4,11900,35,0,3,FL-J3,3181.0,93.515625,94.5703125,1.0546875,5.0,3186,-1.7,-0.2
3182,3184,158,3,0,2093,-50,36,0,11900,35,0,4,FR-J1,3183.0,-0.0,-0.3515625,-0.3515625,3.0,3186,-1.7,-0.2
3200,3202,159,4,0,2444,50,-8,0,11900,32,0,5,FR-J2,3201.0,45.966796875,45.87890625,-0.087890625,5.0,3206,-1.5,-0.3
3202,3204,159,5,0,1028,100,-232,28,11900,34,0,6,FR-J3,3203.0,90.0,92.548828125,2.548828125,3.0,3206,-1.5,-0.3
3220,3222,160,6,0,2102,-50,-28,1,11800,34,0,7,RL-J1,3221.0,0.0,0.17578125,0.17578125,5.0,3226,-1.5,-0.3
3222,3224,160,7,0,1417,100,-16,0,11900,31,0,8,RL-J2,3223.0,45.966796875,46.142578125,0.17578125,3.0,3226,-1.5,-0.3
3240,3242,161,8,0,2997,0,80,4,11800,37,0,9,RL-J3,3241.0,90.0,90.791015625,0.791015625,5.0,3246,-1.5,-0.3
3242,3244,161,9,0,1845,0,-40,1,11900,35,0,10,RR-J1,3243.0,-8.96484375,-9.31640625,-0.3515625,3.0,3246,-1.5,-0.3
3260,3262,162,10,0,2828,0,24,1,11800,33,0,11,RR-J2,3261.0,50.09765625,50.361328125,0.263671875,5.0,3266,-1.6,-0.3
3262,3264,162,11,0,967,0,-136,9,11800,35,0,12,RR-J3,3263.0,93.427734375,94.833984375,1.40625,3.0,3266,-1.6,-0.3
3280,3282,163,0,0,1826,0,0,0,11700,34,0,1,FL-J1,3281.0,-8.96484375,-9.052734375,-0.087890625,4.0,3285,-1.7,-0.3
3282,3284,163,1,0,1519,0,56,5,11800,32,0,2,FL-J2,3283.0,49.658203125,49.04296875,-0.615234375,2.0,3285,-1.7,-0.3
3300,3302,164,2,0,3040,0,96,5,11900,35,0,3,FL-J3,3301.0,93.515625,94.482421875,0.966796875,4.0,3305,-1.9,-0.3
3302,3304,164,3,0,2091,0,24,0,11900,35,0,4,FR-J1,3303.0,-0.0,-0.17578125,-0.17578125,2.0,3305,-1.9,-0.3
3321,3323,165,4,0,2440,0,-40,2,11900,32,0,5,FR-J2,3322.0,45.966796875,45.52734375,-0.439453125,5.0,3327,-2.0,-0.2
3323,3325,165,5,0,1030,0,-220,26,12000,34,0,6,FR-J3,3324.0,90.0,92.373046875,2.373046875,3.0,3327,-2.0,-0.2
3341,3343,166,6,0,2105,50,0,0,11800,34,0,7,RL-J1,3342.0,0.0,-0.087890625,-0.087890625,4.0,3346,-2.1,-0.2
3343,3345,166,7,0,1420,50,8,0,11800,31,0,8,RL-J2,3344.0,45.966796875,45.87890625,-0.087890625,2.0,3346,-2.1,-0.2
3363,3365,167,8,0,2999,0,96,4,11800,37,0,9,RL-J3,3364.0,90.0,90.966796875,0.966796875,5.0,3369,-2.2,-0.1
3365,3367,167,9,0,1846,0,-32,1,11900,35,0,10,RR-J1,3366.0,-8.96484375,-9.228515625,-0.263671875,3.0,3369,-2.2,-0.1
3383,3385,168,10,0,2828,150,-56,3,11800,33,0,11,RR-J2,3384.0,52.119140625,50.361328125,-1.7578125,5.0,3389,-2.4,-0.1
3385,3387,168,11,0,967,0,-36,1,11800,35,0,12,RR-J3,3386.0,97.03125,94.833984375,-2.197265625,3.0,3389,-2.4,-0.1
3403,3405,169,0,0,1825,-50,-28,1,11700,34,0,1,FL-J1,3404.0,-8.96484375,-9.140625,-0.17578125,5.0,3409,-2.4,-0.1
3405,3407,169,1,0,1512,-250,188,35,11800,32,0,2,FL-J2,3406.0,52.55859375,49.658203125,-2.900390625,3.0,3409,-2.4,-0.1
3423,3425,170,2,0,3045,150,-68,0,11900,35,0,3,FL-J3,3424.0,99.66796875,94.921875,-4.74609375,5.0,3429,-2.5,-0.2
3425,3427,170,3,0,2087,-50,-24,1,11900,35,0,4,FR-J1,3426.0,-0.0,0.17578125,0.17578125,3.0,3429,-2.5,-0.2
3441,3443,171,4,0,2441,0,-32,1,11900,32,0,5,FR-J2,3442.0,45.966796875,45.615234375,-0.3515625,4.0,3446,-2.6,-0.3
3443,3445,171,5,0,1034,50,-188,14,11900,34,0,6,FR-J3,3444.0,90.0,92.021484375,2.021484375,2.0,3446,-2.6,-0.3
3461,3463,172,6,0,2102,-50,-28,0,11800,34,0,7,RL-J1,3462.0,0.0,0.17578125,0.17578125,4.0,3466,-2.4,-0.3
3463,3465,172,7,0,1416,-50,-24,1,11900,31,0,8,RL-J2,3464.0,45.966796875,46.23046875,0.263671875,2.0,3466,-2.4,-0.3
3481,3483,173,8,0,3000,0,104,5,11800,37,0,9,RL-J3,3482.0,90.0,91.0546875,1.0546875,4.0,3486,-2.2,-0.3
3483,3485,173,9,0,1846,0,-32,1,11900,35,0,10,RR-J1,3484.0,-8.7890625,-9.228515625,-0.439453125,2.0,3486,-2.2,-0.3
3501,3503,174,10,0,2869,300,0,0,11800,33,0,11,RR-J2,3502.0,53.701171875,53.96484375,0.263671875,4.0,3506,-2.0,-0.4
3503,3505,174,11,0,934,-450,144,1,11800,35,0,12,RR-J3,3504.0,100.1953125,97.734375,-2.4609375,2.0,3506,-2.0,-0.4
3521,3523,175,0,0,1825,0,-64,1,11700,34,0,1,FL-J1,3522.0,-6.50390625,-9.140625,-2.63671875,4.0,3526,-1.7,-0.4
3523,3525,175,1,0,1467,-100,-32,2,11900,32,0,2,FL-J2,3524.0,52.822265625,53.61328125,0.791015625,2.0,3526,-1.7,-0.4
3543,3545,176,2,0,3089,450,-112,0,11900,150,0,3,FL-J3,3544.0,99.140625,98.7890625,-0.3515625,4.0,3548,-1.7,-0.4
3545,3547,176,3,0,2082,0,-64,2,11900,35,0,4,FR-J1,3546.0,-0.0,0.615234375,0.615234375,2.0,3548,-1.7,-0.4
3563,3565,177,4,0,2447,0,16,0,11900,32,0,5,FR-J2,3564.0,45.966796875,46.142578125,0.17578125,4.0,3568,-1.9,-0.4
3565,3567,177,5,0,1033,0,-200,22,12000,34,0,6,FR-J3,3566.0,90.0,92.109375,2.109375,2.0,3568,-1.9,-0.4
3583,3585,178,6,0,2098,-50,-60,1,11800,34,0,7,RL-J1,3584.0,0.0,0.52734375,0.52734375,4.0,3588,-1.9,-0.4
3585,3587,178,7,0,1416,0,-24,0,11800,31,0,8,RL-J2,3586.0,45.966796875,46.23046875,0.263671875,2.0,3588,-1.9,-0.4
3601,3603,179,8,0,3000,0,104,5,11800,37,0,9,RL-J3,3602.0,90.0,91.0546875,1.0546875,4.0,3606,-1.8,-0.5
3603,3605,179,9,0,1860,350,-212,8,11900,35,0,10,RR-J1,3604.0,-0.087890625,-7.998046875,-7.91015625,2.0,3606,-1.8,-0.5
3621,3623,180,10,0,2834,-500,92,5,11800,33,0,11,RR-J2,3622.0,49.921875,50.888671875,0.966796875,4.0,3626,-1.4,-0.7
3623,3625,180,11,0,905,-200,-104,3,11800,35,0,12,RR-J3,3624.0,97.119140625,100.283203125,3.1640625,2.0,3626,-1.4,-0.7
3640,3642,181,0,0,1858,500,-256,9,11600,34,0,1,FL-J1,3641.0,-0.0,-6.240234375,-6.240234375,5.0,3646,-1.2,-0.8
3642,3644,181,1,0,1507,300,-16,1,11800,32,0,2,FL-J2,3643.0,49.921875,50.09765625,0.17578125,3.0,3646,-1.2,-0.8
3660,3662,182,2,0,3096,-50,128,4,11900,35,0,3,FL-J3,3661.0,97.119140625,99.404296875,2.28515625,5.0,3666,-0.7,-0.9
3662,3664,182,3,0,2080,-50,-80,3,11900,35,0,4,FR-J1,3663.0,-0.0,0.791015625,0.791015625,3.0,3666,-0.7,-0.9
3681,3683,183,4,0,2441,-50,-32,1,11900,32,0,5,FR-J2,3682.0,45.966796875,45.615234375,-0.3515625,4.0,3686,-0.5,-1.0
3683,3685,183,5,0,1033,0,-200,21,11900,34,0,6,FR-J3,3684.0,90.0,92.109375,2.109375,2.0,3686,-0.5,-1.0
3701,3703,184,6,0,2101,100,-24,0,11800,34,0,7,RL-J1,3702.0,0.0,0.263671875,0.263671875,4.0,3706,-0.2,-1.0
3703,3705,184,7,0,1423,0,32,2,11800,31,0,8,RL-J2,3704.0,45.966796875,45.615234375,-0.3515625,2.0,3706,-0.2,-1.0
3721,3723,185,8,0,3002,50,124,6,11800,37,0,9,RL-J3,3722.0,90.0,91.23046875,1.23046875,5.0,3727,0.0,-1.0
3723,3725,185,9,0,1913,400,-264,21,11800,35,0,10,RR-J1,3724.0,0.0,-3.33984375,-3.33984375,3.0,3727,0.0,-1.0
3741,3743,186,10,0,2817,-50,20,0,11800,33,0,11,RR-J2,3742.0,48.69140625,49.39453125,0.703125,5.0,3747,0.1,-0.9
3743,3745,186,11,0,920,100,-240,27,11800,35,0,12,RR-J3,3744.0,94.921875,98.96484375,4.04296875,3.0,3747,0.1,-0.9
3763,3765,187,0,0,1917,300,-88,1,11700,34,0,1,FL-J1,3764.0,-0.0,-1.0546875,-1.0546875,4.0,3768,0.3,-0.9
3765,3767,187,1,0,1517,200,-48,2,11800,32,0,2,FL-J2,3766.0,47.98828125,49.21875,1.23046875,2.0,3768,0.3,-0.9
3783,3785,188,2,0,3062,-250,128,3,11900,35,0,3,FL-J3,3784.0,92.28515625,96.416015625,4.130859375,4.0,3788,0.3,-0.9
3785,3787,188,3,0,2080,0,-80,3,11900,35,0,4,FR-J1,3786.0,-0.0,0.791015625,0.791015625,2.0,3788,0.3,-0.9
3801,3803,189,4,0,2434,0,-88,14,11900,32,0,5,FR-J2,3802.0,45.966796875,45.0,-0.966796875,5.0,3807,0.3,-0.9
3803,3805,189,5,0,1033,0,-200,18,12000,34,0,6,FR-J3,3804.0,90.0,92.109375,2.109375,3.0,3807,0.3,-0.9
3821,3823,190,6,0,2110,0,56,1,11800,34,0,7,RL-J1,3822.0,0.0,-0.52734375,-0.52734375,5.0,3827,0.1,-0.7
3823,3825,190,7,0,1424,0,40,3,11800,31,0,8,RL-J2,3824.0,45.966796875,45.52734375,-0.439453125,3.0,3827,0.1,-0.7
3841,3843,191,8,0,3003,0,128,9,11800,37,0,9,RL-J3,3842.0,90.0,91.318359375,1.318359375,5.0,3847,-0.4,-0.5
3843,3845,191,9,0,1929,0,-184,15,11900,35,0,10,RR-J1,3844.0,0.0,-1.93359375,-1.93359375,3.0,3847,-0.4,-0.5
3861,3863,192,10,0,2785,-150,56,2,11800,33,0,11,RR-J2,3862.0,45.966796875,46.58203125,0.615234375,5.0,3867,-0.8,-0.4
3863,3865,192,11,0,965,550,-316,20,11700,35,0,12,RR-J3,3864.0,90.0,95.009765625,5.009765625,3.0,3867,-0.8,-0.4
3880,3882,193,0,0,1926,100,-20,1,11700,34,0,1,FL-J1,3881.0,-0.0,-0.263671875,-0.263671875,5.0,3886,-1.4,-0.3
3882,3884,193,1,0,1551,50,-24,2,11800,32,0,2,FL-J2,3883.0,45.966796875,46.23046875,0.263671875,3.0,3886,-1.4,-0.3
3900,3902,194,2,0,3015,-400,172,7,12000,35,0,3,FL-J3,3901.0,90.0,92.28515625,2.28515625,5.0,3906,-1.6,-0.1
3902,3904,194,3,0,2082,0,-64,3,11900,35,0,4,FR-J1,3903.0,-0.0,0.615234375,0.615234375,3.0,3906,-1.6,-0.1
3920,3922,195,4,0,2436,50,-72,7,11900,32,0,5,FR-J2,3921.0,45.966796875,45.17578125,-0.791015625,5.0,3926,-1.7,-0.1
3922,3924,195,5,0,1035,100,-180,18,11900,34,0,6,FR-J3,3923.0,90.0,91.93359375,1.93359375,3.0,3926,-1.7,-0.1
3940,3942,196,6,0,2111,0,64,2,11800,34,0,7,RL-J1,3941.0,0.0,-0.615234375,-0.615234375,5.0,3946,-1.9,-0.1
3942,3944,196,7,0,1417,-150,-16,1,11900,31,0,8,RL-J2,3943.0,45.966796875,46.142578125,0.17578125,3.0,3946,-1.9,-0.1
3960,3962,197,8,0,2999,0,96,4,11800,37,0,9,RL-J3,3961.0,90.0,90.966796875,0.966796875,5.0,3966,-2.2,0.0
3962,3964,197,9,0,1935,50,-128,7,11900,35,0,10,RR-J1,3963.0,0.0,-1.40625,-1.40625,3.0,3966,-2.2,0.0
3980,3982,198,10,0,2779,0,8,0,11800,33,0,11,RR-J2,3981.0,45.966796875,46.0546875,0.087890625,5.0,3986,-2.4,0.1
3982,3984,198,11,0,1005,150,-132,7,11800,35,0,12,RR-J3,3983.0,90.0,91.494140625,1.494140625,3.0,3986,-2.4,0.1
4000,4002,199,0,0,1929,0,0,0,11700,34,0,1,FL-J1,4001.0,-0.0,-0.0,-0.0,5.0,4006,-2.5,0.1
4002,4004,199,1,0,1551,0,-24,2,11900,32,0,2,FL-J2,4003.0,45.966796875,46.23046875,0.263671875,3.0,4006,-2.5,0.1
4020,4022,200,2,0,3003,0,120,11,11900,35,0,3,FL-J3,4021.0,90.0,91.23046875,1.23046875,5.0,4026,-2.5,0.1
4022,4024,200,3,0,2083,0,-56,1,11900,35,0,4,FR-J1,4023.0,-0.0,0.52734375,0.52734375,3.0,4026,-2.5,0.1
4040,4042,201,4,0,2439,0,-48,4,11900,32,0,5,FR-J2,4041.0,45.966796875,45.439453125,-0.52734375,5.0,4046,-2.5,0.1
4042,4044,201,5,0,1038,0,-160,10,11900,34,0,6,FR-J3,4043.0,90.0,91.669921875,1.669921875,3.0,4046,-2.5,0.1
4060,4062,202,6,0,2112,0,72,2,11800,34,0,7,RL-J1,4061.0,0.0,-0.703125,-0.703125,5.0,4066,-2.5,0.1
4062,4064,202,7,0,1416,0,-24,0,11900,31,0,8,RL-J2,4063.0,45.966796875,46.23046875,0.263671875,3.0,4066,-2.5,0.1
4080,4082,203,8,0,2998,0,88,3,11800,37,0,9,RL-J3,4081.0,90.0,90.87890625,0.87890625,5.0,4086,-2.4,0.1
4082,4084,203,9,0,1937,0,-120,6,11900,35,0,10,RR-J1,4083.0,0.0,-1.23046875,-1.23046875,3.0,4086,-2.4,0.1
4100,4102,204,10,0,2779,0,8,0,11800,33,0,11,RR-J2,4101.0,45.966796875,46.0546875,0.087890625,5.0,4106,-2.3,0.1
4102,4104,204,11,0,1008,0,-120,6,11800,35,0,12,RR-J3,4103.0,90.0,91.23046875,1.23046875,3.0,4106,-2.3,0.1
4120,4122,205,0,0,1926,0,-36,0,11800,33,0,1,FL-J1,4121.0,-0.0,-0.263671875,-0.263671875,5.0,4126,-2.2,0.0
4122,4124,205,1,0,1551,0,-24,2,11800,32,0,2,FL-J2,4123.0,45.966796875,46.23046875,0.263671875,3.0,4126,-2.2,0.0
4137,4139,206,2,0,3003,0,120,11,11900,35,0,3,FL-J3,4138.0,90.0,91.23046875,1.23046875,4.0,4142,-2.0,0.0
4139,4141,206,3,0,2083,0,-56,2,11900,35,0,4,FR-J1,4140.0,-0.0,0.52734375,0.52734375,2.0,4142,-2.0,0.0
4157,4159,207,4,0,2439,0,-48,4,11900,32,0,5,FR-J2,4158.0,45.966796875,45.439453125,-0.52734375,4.0,4162,-2.0,0.0
4159,4161,207,5,0,1037,0,-172,14,12000,34,0,6,FR-J3,4160.0,90.0,91.7578125,1.7578125,2.0,4162,-2.0,0.0
4177,4179,208,6,0,2112,0,72,3,11800,34,0,7,RL-J1,4178.0,0.0,-0.703125,-0.703125,4.0,4182,-1.9,0.0
4179,4181,208,7,0,1421,0,16,0,11900,31,0,8,RL-J2,4180.0,45.966796875,45.791015625,-0.17578125,2.0,4182,-1.9,0.0
4197,4199,209,8,0,2998,0,88,4,11800,37,0,9,RL-J3,4198.0,90.0,90.87890625,0.87890625,4.0,4202,-1.9,0.0
4199,4201,209,9,0,1937,0,-120,6,11900,35,0,10,RR-J1,4200.0,0.0,-1.23046875,-1.23046875,2.0,4202,-1.9,0.0
4217,4219,210,10,0,2775,0,-24,1,11800,33,0,11,RR-J2,4218.0,45.966796875,45.703125,-0.263671875,4.0,4222,-1.8,0.0
4219,4221,210,11,0,1006,0,-136,8,11800,35,0,12,RR-J3,4220.0,90.0,91.40625,1.40625,2.0,4222,-1.8,0.0
4237,4239,211,0,0,1926,0,-32,1,11800,34,0,1,FL-J1,4238.0,-0.0,-0.263671875,-0.263671875,4.0,4242,-1.8,0.0
4239,4241,211,1,0,1553,0,-8,1,11900,32,0,2,FL-J2,4240.0,45.966796875,46.0546875,0.087890625,2.0,4242,-1.8,0.0
4257,4259,212,2,0,3002,0,112,12,11900,35,0,3,FL-J3,4258.0,90.0,91.142578125,1.142578125,5.0,4263,-1.8,0.0
4259,4261,212,3,0,2083,0,-56,2,11900,35,0,4,FR-J1,4260.0,-0.0,0.52734375,0.52734375,3.0,4263,-1.8,0.0
4277,4279,213,4,0,2437,0,-64,5,11800,32,0,5,FR-J2,4278.0,45.966796875,45.263671875,-0.703125,5.0,4283,-1.8,0.0
4279,4281,213,5,0,1037,0,-168,11,11900,34,0,6,FR-J3,4280.0,90.0,91.7578125,1.7578125,3.0,4283,-1.8,0.0
4297,4299,214,6,0,2112,0,72,3,11800,34,0,7,RL-J1,4298.0,0.0,-0.703125,-0.703125,5.0,4303,-1.9,0.0
4299,4301,214,7,0,1421,0,16,0,11900,31,0,8,RL-J2,4300.0,45.966796875,45.791015625,-0.17578125,3.0,4303,-1.9,0.0
4317,4319,215,8,0,2998,0,88,4,11800,38,0,9,RL-J3,4318.0,90.0,90.87890625,0.87890625,5.0,4323,-1.9,0.0
4319,4321,215,9,0,1937,0,-120,6,11900,35,0,10,RR-J1,4320.0,0.0,-1.23046875,-1.23046875,3.0,4323,-1.9,0.0
4337,4339,216,10,0,2776,50,-16,0,11800,33,0,11,RR-J2,4338.0,45.966796875,45.791015625,-0.17578125,5.0,4343,-2.0,0.0
4339,4341,216,11,0,1006,0,-136,7,11800,35,0,12,RR-J3,4340.0,90.0,91.40625,1.40625,3.0,4343,-2.0,0.0
4357,4359,217,0,0,1928,50,0,0,11700,34,0,1,FL-J1,4358.0,-0.0,-0.087890625,-0.087890625,5.0,4363,-2.1,0.0
4359,4361,217,1,0,1553,0,-8,0,11800,32,0,2,FL-J2,4360.0,45.966796875,46.0546875,0.087890625,3.0,4363,-2.1,0.0
4377,4379,218,2,0,3002,0,112,10,11900,35,0,3,FL-J3,4378.0,90.0,91.142578125,1.142578125,5.0,4383,-2.2,0.0
4379,4381,218,3,0,2083,0,-56,2,11900,35,0,4,FR-J1,4380.0,-0.0,0.52734375,0.52734375,3.0,4383,-2.2,0.0
4397,4399,219,4,0,2437,0,-64,5,11900,32,0,5,FR-J2,4398.0,45.966796875,45.263671875,-0.703125,5.0,4403,-2.2,0.0
4399,4401,219,5,0,1037,0,-168,11,11900,34,0,6,FR-J3,4400.0,90.0,91.7578125,1.7578125,3.0,4403,-2.2,0.0
4417,4419,220,6,0,2112,0,72,3,11800,34,0,7,RL-J1,4418.0,0.0,-0.703125,-0.703125,5.0,4423,-2.3,0.0
4419,4421,220,7,0,1417,0,-16,0,11900,31,0,8,RL-J2,4420.0,45.966796875,46.142578125,0.17578125,3.0,4423,-2.3,0.0
4437,4439,221,8,0,2998,0,88,3,11800,37,0,9,RL-J3,4438.0,90.0,90.87890625,0.87890625,5.0,4443,-2.3,0.0
4439,4441,221,9,0,1937,0,-120,6,11900,35,0,10,RR-J1,4440.0,0.0,-1.23046875,-1.23046875,3.0,4443,-2.3,0.0
4457,4459,222,10,0,2777,0,-8,0,11800,33,0,11,RR-J2,4458.0,45.966796875,45.87890625,-0.087890625,5.0,4463,-2.4,0.1
4459,4461,222,11,0,1007,0,-128,6,11800,35,0,12,RR-J3,4460.0,90.0,91.318359375,1.318359375,3.0,4463,-2.4,0.1
4477,4479,223,0,0,1928,0,0,0,11700,34,0,1,FL-J1,4478.0,-0.0,-0.087890625,-0.087890625,5.0,4483,-2.4,0.1
4479,4481,223,1,0,1552,0,-16,1,11900,32,0,2,FL-J2,4480.0,45.966796875,46.142578125,0.17578125,3.0,4483,-2.4,0.1
4497,4499,224,2,0,3002,0,112,11,11900,35,0,3,FL-J3,4498.0,90.0,91.142578125,1.142578125,5.0,4503,-2.3,0.1
4499,4501,224,3,0,2083,0,-56,2,11900,35,0,4,FR-J1,4500.0,-0.0,0.52734375,0.52734375,3.0,4503,-2.3,0.1
4517,4519,225,4,0,2437,0,-64,5,11900,32,0,5,FR-J2,4518.0,45.966796875,45.263671875,-0.703125,5.0,4523,-2.2,0.1
4519,4521,225,5,0,1037,0,-168,11,12000,34,0,6,FR-J3,4520.0,90.0,91.7578125,1.7578125,3.0,4523,-2.2,0.1
4537,4539,226,6,0,2112,0,72,3,11800,34,0,7,RL-J1,4538.0,0.0,-0.703125,-0.703125,5.0,4543,-2.1,0.1
4539,4541,226,7,0,1419,0,0,0,11900,31,0,8,RL-J2,4540.0,45.966796875,45.966796875,0.0,3.0,4543,-2.1,0.1
4557,4559,227,8,0,2998,0,88,3,11800,39,0,9,RL-J3,4558.0,90.0,90.87890625,0.87890625,5.0,4563,-2.1,0.1
4559,4561,227,9,0,1937,0,-120,6,11900,35,0,10,RR-J1,4560.0,0.0,-1.23046875,-1.23046875,3.0,4563,-2.1,0.1
4577,4579,228,10,0,2777,0,-8,0,11800,33,0,11,RR-J2,4578.0,45.966796875,45.87890625,-0.087890625,5.0,4583,-2.0,0.1
4579,4581,228,11,0,1006,0,-136,7,11800,35,0,12,RR-J3,4580.0,90.0,91.40625,1.40625,3.0,4583,-2.0,0.1
4597,4599,229,0,0,1927,0,-24,0,11700,34,0,1,FL-J1,4598.0,-0.0,-0.17578125,-0.17578125,5.0,4603,-2.0,0.1
4599,4601,229,1,0,1552,0,-16,1,11800,32,0,2,FL-J2,4600.0,45.966796875,46.142578125,0.17578125,3.0,4603,-2.0,0.1
4617,4619,230,2,0,3002,0,112,10,12000,35,0,3,FL-J3,4618.0,90.0,91.142578125,1.142578125,5.0,4623,-2.0,0.1
4619,4621,230,3,0,2083,0,-56,2,11900,35,0,4,FR-J1,4620.0,-0.0,0.52734375,0.52734375,3.0,4623,-2.0,0.1
4637,4639,231,4,0,2437,0,-64,6,11900,32,0,5,FR-J2,4638.0,45.966796875,45.263671875,-0.703125,5.0,4643,-1.9,-0.1
4639,4641,231,5,0,1037,0,-168,11,12000,34,0,6,FR-J3,4640.0,90.0,91.7578125,1.7578125,3.0,4643,-1.9,-0.1
4657,4659,232,6,0,2112,0,72,3,11800,34,0,7,RL-J1,4658.0,0.0,-0.703125,-0.703125,4.0,4662,-1.8,-0.2
4659,4661,232,7,0,1420,0,8,0,11900,31,0,8,RL-J2,4660.0,45.966796875,45.87890625,-0.087890625,2.0,4662,-1.8,-0.2
4677,4679,233,8,0,2998,0,88,4,11800,37,0,9,RL-J3,4678.0,90.0,90.87890625,0.87890625,5.0,4683,-1.8,-0.3
4679,4681,233,9,0,1937,0,-120,7,11900,35,0,10,RR-J1,4680.0,0.0,-1.23046875,-1.23046875,3.0,4683,-1.8,-0.3
4697,4699,234,10,0,2776,0,-16,0,11800,33,0,11,RR-J2,4698.0,45.966796875,45.791015625,-0.17578125,5.0,4703,-1.8,-0.3
4699,4701,234,11,0,1006,0,-136,8,11800,35,0,12,RR-J3,4700.0,90.0,91.40625,1.40625,3.0,4703,-1.8,-0.3
4717,4719,235,0,0,1927,0,-24,0,11700,34,0,1,FL-J1,4718.0,-0.0,-0.17578125,-0.17578125,5.0,4723,-1.9,-0.3
4719,4721,235,1,0,1553,0,-8,0,11800,32,0,2,FL-J2,4720.0,45.966796875,46.0546875,0.087890625,3.0,4723,-1.9,-0.3
4737,4739,236,2,0,3002,0,112,10,11900,35,0,3,FL-J3,4738.0,90.0,91.142578125,1.142578125,5.0,4743,-1.9,-0.3
4739,4741,236,3,0,2083,0,-56,1,11900,35,0,4,FR-J1,4740.0,-0.0,0.52734375,0.52734375,3.0,4743,-1.9,-0.3
4757,4759,237,4,0,2437,0,-64,5,11900,32,0,5,FR-J2,4758.0,45.966796875,45.263671875,-0.703125,4.0,4762,-1.9,-0.3
4759,4761,237,5,0,1037,0,-168,11,11900,34,0,6,FR-J3,4760.0,90.0,91.7578125,1.7578125,2.0,4762,-1.9,-0.3
4777,4779,238,6,0,2112,0,72,2,11800,34,0,7,RL-J1,4778.0,0.0,-0.703125,-0.703125,4.0,4782,-2.0,-0.3
4779,4781,238,7,0,1417,-50,-16,0,11900,31,0,8,RL-J2,4780.0,45.966796875,46.142578125,0.17578125,2.0,4782,-2.0,-0.3
4797,4799,239,8,0,2998,0,88,4,11800,37,0,9,RL-J3,4798.0,90.0,90.87890625,0.87890625,4.0,4802,-2.0,-0.1
4799,4801,239,9,0,1937,0,-120,7,11900,35,0,10,RR-J1,4800.0,0.0,-1.23046875,-1.23046875,2.0,4802,-2.0,-0.1
4817,4819,240,10,0,2776,0,-16,0,11800,33,0,11,RR-J2,4818.0,45.966796875,45.791015625,-0.17578125,4.0,4822,-2.1,-0.1
4819,4821,240,11,0,1006,0,-136,9,11800,35,0,12,RR-J3,4820.0,90.0,91.40625,1.40625,2.0,4822,-2.1,-0.1
4837,4839,241,0,0,1927,0,-24,0,11700,34,0,1,FL-J1,4838.0,-0.0,-0.17578125,-0.17578125,4.0,4842,-2.1,0.0
4839,4841,241,1,0,1552,0,-16,1,11800,32,0,2,FL-J2,4840.0,45.966796875,46.142578125,0.17578125,2.0,4842,-2.1,0.0
4857,4859,242,2,0,3002,0,112,11,11900,35,0,3,FL-J3,4858.0,90.0,91.142578125,1.142578125,4.0,4862,-2.0,0.1
4859,4861,242,3,0,2083,0,-56,1,11900,35,0,4,FR-J1,4860.0,-0.0,0.52734375,0.52734375,2.0,4862,-2.0,0.1
4877,4879,243,4,0,2437,0,-64,6,11900,32,0,5,FR-J2,4878.0,45.966796875,45.263671875,-0.703125,4.0,4882,-2.0,0.1
4879,4881,243,5,0,1037,0,-168,11,12000,34,0,6,FR-J3,4880.0,90.0,91.7578125,1.7578125,2.0,4882,-2.0,0.1
4897,4899,244,6,0,2112,0,72,3,11800,34,0,7,RL-J1,4898.0,0.0,-0.703125,-0.703125,4.0,4902,-2.0,0.1
4899,4901,244,7,0,1419,0,0,0,11900,31,0,8,RL-J2,4900.0,45.966796875,45.966796875,0.0,2.0,4902,-2.0,0.1
4917,4919,245,8,0,2998,0,88,3,11800,37,0,9,RL-J3,4918.0,90.0,90.87890625,0.87890625,4.0,4922,-2.0,0.1
4919,4921,245,9,0,1937,0,-120,7,11900,35,0,10,RR-J1,4920.0,0.0,-1.23046875,-1.23046875,2.0,4922,-2.0,0.1
4937,4939,246,10,0,2777,0,-8,0,11800,33,0,11,RR-J2,4938.0,45.966796875,45.87890625,-0.087890625,4.0,4942,-2.0,0.1
4939,4941,246,11,0,1006,0,-136,8,11800,35,0,12,RR-J3,4940.0,90.0,91.40625,1.40625,2.0,4942,-2.0,0.1
4957,4959,247,0,0,1927,0,-24,0,11700,34,0,1,FL-J1,4958.0,-0.0,-0.17578125,-0.17578125,4.0,4962,-1.9,0.0
4959,4961,247,1,0,1552,0,-16,0,11800,33,0,2,FL-J2,4960.0,45.966796875,46.142578125,0.17578125,2.0,4962,-1.9,0.0
4977,4979,248,2,0,3002,0,112,11,11900,35,0,3,FL-J3,4978.0,90.0,91.142578125,1.142578125,4.0,4982,-1.9,-0.1
4979,4981,248,3,0,2083,0,-56,2,11900,35,0,4,FR-J1,4980.0,-0.0,0.52734375,0.52734375,2.0,4982,-1.9,-0.1
4997,4999,249,4,0,2437,0,-64,5,11900,32,0,5,FR-J2,4998.0,45.966796875,45.263671875,-0.703125,4.0,5002,-1.9,-0.1
4999,5001,249,5,0,1037,0,-168,16,12000,34,0,6,FR-J3,5000.0,90.0,91.7578125,1.7578125,2.0,5002,-1.9,-0.1
5017,5019,250,6,0,2112,0,72,2,11800,34,0,7,RL-J1,5018.0,0.0,-0.703125,-0.703125,4.0,5022,-1.9,-0.1
5019,5021,250,7,0,1420,0,8,0,11900,31,0,8,RL-J2,5020.0,45.966796875,45.87890625,-0.087890625,2.0,5022,-1.9,-0.1
5037,5039,251,8,0,2998,0,88,3,11800,37,0,9,RL-J3,5038.0,90.0,90.87890625,0.87890625,4.0,5042,-1.9,-0.1
5039,5041,251,9,0,1937,0,-120,6,11900,35,0,10,RR-J1,5040.0,0.0,-1.23046875,-1.23046875,2.0,5042,-1.9,-0.1
5057,5059,252,10,0,2777,0,-8,0,11800,33,0,11,RR-J2,5058.0,45.966796875,45.87890625,-0.087890625,4.0,5062,-1.9,-0.1
5059,5061,252,11,0,1006,0,-136,7,11700,35,0,12,RR-J3,5060.0,90.0,91.40625,1.40625,2.0,5062,-1.9,-0.1
5077,5079,253,0,0,1927,0,-24,0,11700,34,0,1,FL-J1,5078.0,-0.0,-0.17578125,-0.17578125,4.0,5082,-1.9,-0.1
5079,5081,253,1,0,1552,0,-16,0,11800,32,0,2,FL-J2,5080.0,45.966796875,46.142578125,0.17578125,2.0,5082,-1.9,-0.1
5097,5099,254,2,0,3002,0,112,10,11900,35,0,3,FL-J3,5098.0,90.0,91.142578125,1.142578125,4.0,5102,-2.0,-0.1
5099,5101,254,3,0,2083,0,-56,2,11900,35,0,4,FR-J1,5100.0,-0.0,0.52734375,0.52734375,2.0,5102,-2.0,-0.1
5117,5119,255,4,0,2437,0,-64,6,11900,32,0,5,FR-J2,5118.0,45.966796875,45.263671875,-0.703125,5.0,5123,-2.0,-0.1
5119,5121,255,5,0,1037,0,-168,16,12000,34,0,6,FR-J3,5120.0,90.0,91.7578125,1.7578125,3.0,5123,-2.0,-0.1
